2025-10-08 08:19:23.872 [main] INFO  file.primer_boletin.controlador.PrimerBoletin_main - La ruta indicada no existe
2025-10-08 08:20:10.675 [main] INFO  file.primer_boletin.controlador.PrimerBoletin_main - La ruta indicada no existe
2025-10-08 08:20:45.125 [main] INFO  file.pruebas_iniciales.primera_prueba - acc_datos
2025-10-08 08:20:45.127 [main] INFO  file.pruebas_iniciales.primera_prueba - desktop.ini
2025-10-08 08:20:45.127 [main] INFO  file.pruebas_iniciales.primera_prueba - primero_DAM
2025-10-08 08:20:45.127 [main] INFO  file.pruebas_iniciales.primera_prueba - segundo_DAM
2025-10-08 08:20:45.127 [main] INFO  file.pruebas_iniciales.primera_prueba - Visual Studio Code.lnk
2025-10-08 08:20:45.127 [main] INFO  file.pruebas_iniciales.primera_prueba - workspace
2025-10-08 08:20:45.128 [main] INFO  file.pruebas_iniciales.primera_prueba - Desktop
2025-10-08 08:20:45.128 [main] INFO  file.pruebas_iniciales.primera_prueba - C:\Users\alumno\Desktop
2025-10-08 08:20:45.128 [main] INFO  file.pruebas_iniciales.primera_prueba - C:\Users\alumno\Desktop
2025-10-08 08:20:45.129 [main] INFO  file.pruebas_iniciales.primera_prueba - 4096
2025-10-08 08:20:45.129 [main] INFO  file.pruebas_iniciales.primera_prueba - 1759830298310
2025-10-08 08:20:45.129 [main] INFO  file.pruebas_iniciales.primera_prueba - true
2025-10-08 08:20:45.129 [main] INFO  file.pruebas_iniciales.primera_prueba - C:\Users\alumno
2025-10-08 08:20:45.129 [main] INFO  file.pruebas_iniciales.primera_prueba - C:\Users\alumno\Desktop
2025-10-08 08:22:04.630 [main] INFO  file.pruebas_iniciales.primera_prueba - acc_datos
2025-10-08 08:22:04.631 [main] INFO  file.pruebas_iniciales.primera_prueba - desktop.ini
2025-10-08 08:22:04.632 [main] INFO  file.pruebas_iniciales.primera_prueba - primero_DAM
2025-10-08 08:22:04.632 [main] INFO  file.pruebas_iniciales.primera_prueba - segundo_DAM
2025-10-08 08:22:04.632 [main] INFO  file.pruebas_iniciales.primera_prueba - Visual Studio Code.lnk
2025-10-08 08:22:04.632 [main] INFO  file.pruebas_iniciales.primera_prueba - workspace
2025-10-08 08:22:04.632 [main] INFO  file.pruebas_iniciales.primera_prueba - Desktop
2025-10-08 08:22:04.632 [main] INFO  file.pruebas_iniciales.primera_prueba - C:\Users\alumno\Desktop
2025-10-08 08:22:04.632 [main] INFO  file.pruebas_iniciales.primera_prueba - C:\Users\alumno\Desktop
2025-10-08 08:22:04.633 [main] INFO  file.pruebas_iniciales.primera_prueba - 4096
2025-10-08 08:22:04.633 [main] INFO  file.pruebas_iniciales.primera_prueba - 1759904510149
2025-10-08 08:22:04.633 [main] INFO  file.pruebas_iniciales.primera_prueba - true
2025-10-08 08:22:04.634 [main] INFO  file.pruebas_iniciales.primera_prueba - C:\Users\alumno
2025-10-08 08:22:04.634 [main] INFO  file.pruebas_iniciales.primera_prueba - C:\Users\alumno\Desktop
2025-10-08 08:23:34.589 [main] INFO  file.pruebas_iniciales.primera_prueba - acc_datos
2025-10-08 08:23:34.591 [main] INFO  file.pruebas_iniciales.primera_prueba - desktop.ini
2025-10-08 08:23:34.591 [main] INFO  file.pruebas_iniciales.primera_prueba - primero_DAM
2025-10-08 08:23:34.592 [main] INFO  file.pruebas_iniciales.primera_prueba - segundo_DAM
2025-10-08 08:23:34.592 [main] INFO  file.pruebas_iniciales.primera_prueba - Visual Studio Code.lnk
2025-10-08 08:23:34.592 [main] INFO  file.pruebas_iniciales.primera_prueba - workspace
2025-10-08 08:23:34.592 [main] INFO  file.pruebas_iniciales.primera_prueba - Desktop
2025-10-08 08:23:34.592 [main] INFO  file.pruebas_iniciales.primera_prueba - C:\Users\alumno\Desktop
2025-10-08 08:23:34.592 [main] INFO  file.pruebas_iniciales.primera_prueba - C:\Users\alumno\Desktop
2025-10-08 08:23:34.593 [main] INFO  file.pruebas_iniciales.primera_prueba - 4096
2025-10-08 08:23:34.593 [main] INFO  file.pruebas_iniciales.primera_prueba - 1759904510149
2025-10-08 08:23:34.593 [main] INFO  file.pruebas_iniciales.primera_prueba - true
2025-10-08 08:23:34.593 [main] INFO  file.pruebas_iniciales.primera_prueba - C:\Users\alumno
2025-10-08 08:23:34.593 [main] INFO  file.pruebas_iniciales.primera_prueba - C:\Users\alumno\Desktop
2025-10-08 08:26:00.687 [main] INFO  file.pruebas_iniciales.primera_prueba - acc_datos
2025-10-08 08:26:00.689 [main] INFO  file.pruebas_iniciales.primera_prueba - desktop.ini
2025-10-08 08:26:00.689 [main] INFO  file.pruebas_iniciales.primera_prueba - primero_DAM
2025-10-08 08:26:00.689 [main] INFO  file.pruebas_iniciales.primera_prueba - segundo_DAM
2025-10-08 08:26:00.689 [main] INFO  file.pruebas_iniciales.primera_prueba - Visual Studio Code.lnk
2025-10-08 08:26:00.689 [main] INFO  file.pruebas_iniciales.primera_prueba - workspace
2025-10-08 08:26:00.690 [main] INFO  file.pruebas_iniciales.primera_prueba - Desktop
2025-10-08 08:26:00.690 [main] INFO  file.pruebas_iniciales.primera_prueba - C:\Users\alumno\Desktop
2025-10-08 08:26:00.690 [main] INFO  file.pruebas_iniciales.primera_prueba - C:\Users\alumno\Desktop
2025-10-08 08:26:00.690 [main] INFO  file.pruebas_iniciales.primera_prueba - 4096
2025-10-08 08:26:00.690 [main] INFO  file.pruebas_iniciales.primera_prueba - 1759904510149
2025-10-08 08:26:00.691 [main] INFO  file.pruebas_iniciales.primera_prueba - true
2025-10-08 08:26:00.691 [main] INFO  file.pruebas_iniciales.primera_prueba - C:\Users\alumno
2025-10-08 08:26:00.691 [main] INFO  file.pruebas_iniciales.primera_prueba - C:\Users\alumno\Desktop
2025-10-08 08:26:00.691 [main] INFO  file.primer_boletin.controlador.PrimerBoletin_main - El sistema no puede encontrar la ruta especificada
2025-10-08 08:27:13.380 [main] INFO  file.pruebas_iniciales.primera_prueba - acc_datos
2025-10-08 08:27:13.382 [main] INFO  file.pruebas_iniciales.primera_prueba - desktop.ini
2025-10-08 08:27:13.382 [main] INFO  file.pruebas_iniciales.primera_prueba - primero_DAM
2025-10-08 08:27:13.382 [main] INFO  file.pruebas_iniciales.primera_prueba - segundo_DAM
2025-10-08 08:27:13.382 [main] INFO  file.pruebas_iniciales.primera_prueba - Visual Studio Code.lnk
2025-10-08 08:27:13.382 [main] INFO  file.pruebas_iniciales.primera_prueba - workspace
2025-10-08 08:27:13.383 [main] INFO  file.pruebas_iniciales.primera_prueba - Desktop
2025-10-08 08:27:13.383 [main] INFO  file.pruebas_iniciales.primera_prueba - C:\Users\alumno\Desktop
2025-10-08 08:27:13.383 [main] INFO  file.pruebas_iniciales.primera_prueba - C:\Users\alumno\Desktop
2025-10-08 08:27:13.383 [main] INFO  file.pruebas_iniciales.primera_prueba - 4096
2025-10-08 08:27:13.383 [main] INFO  file.pruebas_iniciales.primera_prueba - 1759904510149
2025-10-08 08:27:13.383 [main] INFO  file.pruebas_iniciales.primera_prueba - true
2025-10-08 08:27:13.384 [main] INFO  file.pruebas_iniciales.primera_prueba - C:\Users\alumno
2025-10-08 08:27:13.384 [main] INFO  file.pruebas_iniciales.primera_prueba - C:\Users\alumno\Desktop
2025-10-08 08:27:13.385 [main] INFO  file.pruebas_iniciales.primera_prueba - true
2025-10-08 08:27:13.385 [main] INFO  file.pruebas_iniciales.primera_prueba - true
2025-10-08 08:27:13.385 [main] INFO  file.primer_boletin.controlador.PrimerBoletin_main - La ruta indicada no existe
2025-10-08 08:28:06.615 [main] INFO  file.pruebas_iniciales.primera_prueba - acc_datos
2025-10-08 08:28:06.617 [main] INFO  file.pruebas_iniciales.primera_prueba - desktop.ini
2025-10-08 08:28:06.617 [main] INFO  file.pruebas_iniciales.primera_prueba - primero_DAM
2025-10-08 08:28:06.618 [main] INFO  file.pruebas_iniciales.primera_prueba - prueba
2025-10-08 08:28:06.618 [main] INFO  file.pruebas_iniciales.primera_prueba - segundo_DAM
2025-10-08 08:28:06.618 [main] INFO  file.pruebas_iniciales.primera_prueba - Visual Studio Code.lnk
2025-10-08 08:28:06.618 [main] INFO  file.pruebas_iniciales.primera_prueba - workspace
2025-10-08 08:28:06.618 [main] INFO  file.pruebas_iniciales.primera_prueba - Desktop
2025-10-08 08:28:06.618 [main] INFO  file.pruebas_iniciales.primera_prueba - C:\Users\alumno\Desktop
2025-10-08 08:28:06.618 [main] INFO  file.pruebas_iniciales.primera_prueba - C:\Users\alumno\Desktop
2025-10-08 08:28:06.619 [main] INFO  file.pruebas_iniciales.primera_prueba - 4096
2025-10-08 08:28:06.619 [main] INFO  file.pruebas_iniciales.primera_prueba - 1759904833384
2025-10-08 08:28:06.619 [main] INFO  file.pruebas_iniciales.primera_prueba - true
2025-10-08 08:28:06.619 [main] INFO  file.pruebas_iniciales.primera_prueba - C:\Users\alumno
2025-10-08 08:28:06.619 [main] INFO  file.pruebas_iniciales.primera_prueba - C:\Users\alumno\Desktop
2025-10-08 08:28:06.620 [main] INFO  file.pruebas_iniciales.primera_prueba - true
2025-10-08 08:28:06.620 [main] INFO  file.pruebas_iniciales.primera_prueba - true
2025-10-08 08:28:06.620 [main] INFO  file.primer_boletin.controlador.PrimerBoletin_main - La ruta indicada no existe
2025-10-08 08:28:23.117 [main] INFO  file.pruebas_iniciales.primera_prueba - acc_datos
2025-10-08 08:28:23.119 [main] INFO  file.pruebas_iniciales.primera_prueba - desktop.ini
2025-10-08 08:28:23.120 [main] INFO  file.pruebas_iniciales.primera_prueba - primero_DAM
2025-10-08 08:28:23.120 [main] INFO  file.pruebas_iniciales.primera_prueba - segundo_DAM
2025-10-08 08:28:23.120 [main] INFO  file.pruebas_iniciales.primera_prueba - Visual Studio Code.lnk
2025-10-08 08:28:23.120 [main] INFO  file.pruebas_iniciales.primera_prueba - workspace
2025-10-08 08:28:23.120 [main] INFO  file.pruebas_iniciales.primera_prueba - Desktop
2025-10-08 08:28:23.120 [main] INFO  file.pruebas_iniciales.primera_prueba - C:\Users\alumno\Desktop
2025-10-08 08:28:23.120 [main] INFO  file.pruebas_iniciales.primera_prueba - C:\Users\alumno\Desktop
2025-10-08 08:28:23.121 [main] INFO  file.pruebas_iniciales.primera_prueba - 4096
2025-10-08 08:28:23.121 [main] INFO  file.pruebas_iniciales.primera_prueba - 1759904899984
2025-10-08 08:28:23.121 [main] INFO  file.pruebas_iniciales.primera_prueba - true
2025-10-08 08:28:23.121 [main] INFO  file.pruebas_iniciales.primera_prueba - C:\Users\alumno
2025-10-08 08:28:23.121 [main] INFO  file.pruebas_iniciales.primera_prueba - C:\Users\alumno\Desktop
2025-10-08 08:28:23.122 [main] INFO  file.pruebas_iniciales.primera_prueba - true
2025-10-08 08:28:23.122 [main] INFO  file.pruebas_iniciales.primera_prueba - true
2025-10-08 08:28:23.123 [main] INFO  file.primer_boletin.controlador.PrimerBoletin_main - La ruta indicada no existe
2025-10-08 08:29:06.886 [main] INFO  file.pruebas_iniciales.primera_prueba - acc_datos
2025-10-08 08:29:06.888 [main] INFO  file.pruebas_iniciales.primera_prueba - desktop.ini
2025-10-08 08:29:06.888 [main] INFO  file.pruebas_iniciales.primera_prueba - primero_DAM
2025-10-08 08:29:06.888 [main] INFO  file.pruebas_iniciales.primera_prueba - segundo_DAM
2025-10-08 08:29:06.888 [main] INFO  file.pruebas_iniciales.primera_prueba - Visual Studio Code.lnk
2025-10-08 08:29:06.889 [main] INFO  file.pruebas_iniciales.primera_prueba - workspace
2025-10-08 08:29:06.889 [main] INFO  file.pruebas_iniciales.primera_prueba - Desktop
2025-10-08 08:29:06.889 [main] INFO  file.pruebas_iniciales.primera_prueba - C:\Users\alumno\Desktop
2025-10-08 08:29:06.889 [main] INFO  file.pruebas_iniciales.primera_prueba - C:\Users\alumno\Desktop
2025-10-08 08:29:06.889 [main] INFO  file.pruebas_iniciales.primera_prueba - 4096
2025-10-08 08:29:06.889 [main] INFO  file.pruebas_iniciales.primera_prueba - 1759904943918
2025-10-08 08:29:06.890 [main] INFO  file.pruebas_iniciales.primera_prueba - true
2025-10-08 08:29:06.890 [main] INFO  file.pruebas_iniciales.primera_prueba - C:\Users\alumno
2025-10-08 08:29:06.890 [main] INFO  file.pruebas_iniciales.primera_prueba - C:\Users\alumno\Desktop
2025-10-08 08:29:06.891 [main] INFO  file.pruebas_iniciales.primera_prueba - true
2025-10-08 08:29:06.891 [main] INFO  file.pruebas_iniciales.primera_prueba - true
2025-10-08 08:29:06.891 [main] INFO  file.primer_boletin.controlador.PrimerBoletin_main - La ruta indicada no existe
2025-10-08 11:43:44.111 [main] INFO  file.pruebas_iniciales.primera_prueba - acc_datos
2025-10-08 11:43:44.113 [main] INFO  file.pruebas_iniciales.primera_prueba - desktop.ini
2025-10-08 11:43:44.113 [main] INFO  file.pruebas_iniciales.primera_prueba - primero_DAM
2025-10-08 11:43:44.113 [main] INFO  file.pruebas_iniciales.primera_prueba - segundo_DAM
2025-10-08 11:43:44.113 [main] INFO  file.pruebas_iniciales.primera_prueba - Visual Studio Code.lnk
2025-10-08 11:43:44.113 [main] INFO  file.pruebas_iniciales.primera_prueba - workspace
2025-10-08 11:43:44.113 [main] INFO  file.pruebas_iniciales.primera_prueba - Desktop
2025-10-08 11:43:44.113 [main] INFO  file.pruebas_iniciales.primera_prueba - C:\Users\alumno\Desktop
2025-10-08 11:43:44.113 [main] INFO  file.pruebas_iniciales.primera_prueba - C:\Users\alumno\Desktop
2025-10-08 11:43:44.114 [main] INFO  file.pruebas_iniciales.primera_prueba - 4096
2025-10-08 11:43:44.114 [main] INFO  file.pruebas_iniciales.primera_prueba - 1759916617961
2025-10-08 11:43:44.114 [main] INFO  file.pruebas_iniciales.primera_prueba - true
2025-10-08 11:43:44.114 [main] INFO  file.pruebas_iniciales.primera_prueba - C:\Users\alumno
2025-10-08 11:43:44.114 [main] INFO  file.pruebas_iniciales.primera_prueba - C:\Users\alumno\Desktop
2025-10-08 11:43:44.115 [main] INFO  file.pruebas_iniciales.primera_prueba - true
2025-10-08 11:43:44.115 [main] INFO  file.primer_boletin.controlador.PrimerBoletin_main - La ruta indicada no existe
2025-10-08 11:46:48.724 [main] INFO  file.pruebas_iniciales.primera_prueba - acc_datos
2025-10-08 11:46:48.726 [main] INFO  file.pruebas_iniciales.primera_prueba - desktop.ini
2025-10-08 11:46:48.726 [main] INFO  file.pruebas_iniciales.primera_prueba - primero_DAM
2025-10-08 11:46:48.726 [main] INFO  file.pruebas_iniciales.primera_prueba - segundo_DAM
2025-10-08 11:46:48.726 [main] INFO  file.pruebas_iniciales.primera_prueba - Visual Studio Code.lnk
2025-10-08 11:46:48.726 [main] INFO  file.pruebas_iniciales.primera_prueba - workspace
2025-10-08 11:46:48.727 [main] INFO  file.pruebas_iniciales.primera_prueba - Desktop
2025-10-08 11:46:48.727 [main] INFO  file.pruebas_iniciales.primera_prueba - C:\Users\alumno\Desktop
2025-10-08 11:46:48.727 [main] INFO  file.pruebas_iniciales.primera_prueba - C:\Users\alumno\Desktop
2025-10-08 11:46:48.727 [main] INFO  file.pruebas_iniciales.primera_prueba - 4096
2025-10-08 11:46:48.727 [main] INFO  file.pruebas_iniciales.primera_prueba - 1759916804380
2025-10-08 11:46:48.728 [main] INFO  file.pruebas_iniciales.primera_prueba - true
2025-10-08 11:46:48.728 [main] INFO  file.pruebas_iniciales.primera_prueba - C:\Users\alumno
2025-10-08 11:46:48.728 [main] INFO  file.pruebas_iniciales.primera_prueba - C:\Users\alumno\Desktop
2025-10-08 11:46:48.729 [main] INFO  file.primer_boletin.controlador.PrimerBoletin_main - La ruta indicada no existe
2025-10-08 11:48:38.966 [main] INFO  file.pruebas_iniciales.primera_prueba - acc_datos
2025-10-08 11:48:38.968 [main] INFO  file.pruebas_iniciales.primera_prueba - desktop.ini
2025-10-08 11:48:38.968 [main] INFO  file.pruebas_iniciales.primera_prueba - primero_DAM
2025-10-08 11:48:38.968 [main] INFO  file.pruebas_iniciales.primera_prueba - prueba
2025-10-08 11:48:38.968 [main] INFO  file.pruebas_iniciales.primera_prueba - segundo_DAM
2025-10-08 11:48:38.969 [main] INFO  file.pruebas_iniciales.primera_prueba - Visual Studio Code.lnk
2025-10-08 11:48:38.969 [main] INFO  file.pruebas_iniciales.primera_prueba - workspace
2025-10-08 11:48:38.969 [main] INFO  file.pruebas_iniciales.primera_prueba - Desktop
2025-10-08 11:48:38.969 [main] INFO  file.pruebas_iniciales.primera_prueba - C:\Users\alumno\Desktop
2025-10-08 11:48:38.969 [main] INFO  file.pruebas_iniciales.primera_prueba - C:\Users\alumno\Desktop
2025-10-08 11:48:38.969 [main] INFO  file.pruebas_iniciales.primera_prueba - 4096
2025-10-08 11:48:38.970 [main] INFO  file.pruebas_iniciales.primera_prueba - 1759916808728
2025-10-08 11:48:38.970 [main] INFO  file.pruebas_iniciales.primera_prueba - true
2025-10-08 11:48:38.970 [main] INFO  file.pruebas_iniciales.primera_prueba - C:\Users\alumno
2025-10-08 11:48:38.970 [main] INFO  file.pruebas_iniciales.primera_prueba - C:\Users\alumno\Desktop
2025-10-08 11:48:38.970 [main] INFO  file.pruebas_iniciales.primera_prueba - true
2025-10-08 11:48:38.971 [main] INFO  file.primer_boletin.controlador.PrimerBoletin_main - La ruta indicada no existe
2025-10-08 11:50:48.419 [main] INFO  file.pruebas_iniciales.primera_prueba - acc_datos
2025-10-08 11:50:48.421 [main] INFO  file.pruebas_iniciales.primera_prueba - desktop.ini
2025-10-08 11:50:48.422 [main] INFO  file.pruebas_iniciales.primera_prueba - primero_DAM
2025-10-08 11:50:48.422 [main] INFO  file.pruebas_iniciales.primera_prueba - prueba
2025-10-08 11:50:48.422 [main] INFO  file.pruebas_iniciales.primera_prueba - segundo_DAM
2025-10-08 11:50:48.422 [main] INFO  file.pruebas_iniciales.primera_prueba - Visual Studio Code.lnk
2025-10-08 11:50:48.422 [main] INFO  file.pruebas_iniciales.primera_prueba - workspace
2025-10-08 11:50:48.422 [main] INFO  file.pruebas_iniciales.primera_prueba - Desktop
2025-10-08 11:50:48.422 [main] INFO  file.pruebas_iniciales.primera_prueba - C:\Users\alumno\Desktop
2025-10-08 11:50:48.422 [main] INFO  file.pruebas_iniciales.primera_prueba - C:\Users\alumno\Desktop
2025-10-08 11:50:48.423 [main] INFO  file.pruebas_iniciales.primera_prueba - 4096
2025-10-08 11:50:48.423 [main] INFO  file.pruebas_iniciales.primera_prueba - 1759916808728
2025-10-08 11:50:48.423 [main] INFO  file.pruebas_iniciales.primera_prueba - true
2025-10-08 11:50:48.424 [main] INFO  file.pruebas_iniciales.primera_prueba - C:\Users\alumno
2025-10-08 11:50:48.424 [main] INFO  file.pruebas_iniciales.primera_prueba - C:\Users\alumno\Desktop
2025-10-08 11:50:48.425 [main] INFO  file.pruebas_iniciales.primera_prueba - true
2025-10-08 11:50:48.425 [main] INFO  file.primer_boletin.controlador.PrimerBoletin_main - La ruta indicada no existe
2025-10-08 11:51:42.528 [main] INFO  file.pruebas_iniciales.primera_prueba - acc_datos
2025-10-08 11:51:42.530 [main] INFO  file.pruebas_iniciales.primera_prueba - desktop.ini
2025-10-08 11:51:42.531 [main] INFO  file.pruebas_iniciales.primera_prueba - primero_DAM
2025-10-08 11:51:42.531 [main] INFO  file.pruebas_iniciales.primera_prueba - prueba
2025-10-08 11:51:42.531 [main] INFO  file.pruebas_iniciales.primera_prueba - segundo_DAM
2025-10-08 11:51:42.531 [main] INFO  file.pruebas_iniciales.primera_prueba - Visual Studio Code.lnk
2025-10-08 11:51:42.531 [main] INFO  file.pruebas_iniciales.primera_prueba - workspace
2025-10-08 11:51:42.531 [main] INFO  file.pruebas_iniciales.primera_prueba - Desktop
2025-10-08 11:51:42.531 [main] INFO  file.pruebas_iniciales.primera_prueba - C:\Users\alumno\Desktop
2025-10-08 11:51:42.531 [main] INFO  file.pruebas_iniciales.primera_prueba - C:\Users\alumno\Desktop
2025-10-08 11:51:42.531 [main] INFO  file.pruebas_iniciales.primera_prueba - 4096
2025-10-08 11:51:42.531 [main] INFO  file.pruebas_iniciales.primera_prueba - 1759916808728
2025-10-08 11:51:42.532 [main] INFO  file.pruebas_iniciales.primera_prueba - true
2025-10-08 11:51:42.532 [main] INFO  file.pruebas_iniciales.primera_prueba - C:\Users\alumno
2025-10-08 11:51:42.532 [main] INFO  file.pruebas_iniciales.primera_prueba - C:\Users\alumno\Desktop
2025-10-08 11:51:42.533 [main] INFO  file.pruebas_iniciales.primera_prueba - true
2025-10-08 11:51:42.533 [main] INFO  file.primer_boletin.controlador.PrimerBoletin_main - La ruta indicada no existe
2025-10-08 11:52:08.024 [main] INFO  file.pruebas_iniciales.primera_prueba - acc_datos
2025-10-08 11:52:08.026 [main] INFO  file.pruebas_iniciales.primera_prueba - desktop.ini
2025-10-08 11:52:08.026 [main] INFO  file.pruebas_iniciales.primera_prueba - primero_DAM
2025-10-08 11:52:08.026 [main] INFO  file.pruebas_iniciales.primera_prueba - prueba
2025-10-08 11:52:08.026 [main] INFO  file.pruebas_iniciales.primera_prueba - segundo_DAM
2025-10-08 11:52:08.026 [main] INFO  file.pruebas_iniciales.primera_prueba - Visual Studio Code.lnk
2025-10-08 11:52:08.026 [main] INFO  file.pruebas_iniciales.primera_prueba - workspace
2025-10-08 11:52:08.026 [main] INFO  file.pruebas_iniciales.primera_prueba - Desktop
2025-10-08 11:52:08.027 [main] INFO  file.pruebas_iniciales.primera_prueba - C:\Users\alumno\Desktop
2025-10-08 11:52:08.027 [main] INFO  file.pruebas_iniciales.primera_prueba - C:\Users\alumno\Desktop
2025-10-08 11:52:08.027 [main] INFO  file.pruebas_iniciales.primera_prueba - 4096
2025-10-08 11:52:08.027 [main] INFO  file.pruebas_iniciales.primera_prueba - 1759916808728
2025-10-08 11:52:08.027 [main] INFO  file.pruebas_iniciales.primera_prueba - true
2025-10-08 11:52:08.028 [main] INFO  file.pruebas_iniciales.primera_prueba - C:\Users\alumno
2025-10-08 11:52:08.028 [main] INFO  file.pruebas_iniciales.primera_prueba - C:\Users\alumno\Desktop
2025-10-08 11:52:08.028 [main] INFO  file.pruebas_iniciales.primera_prueba - false
2025-10-08 11:52:08.028 [main] INFO  file.primer_boletin.controlador.PrimerBoletin_main - La ruta indicada no existe
2025-10-08 11:52:31.537 [main] INFO  file.pruebas_iniciales.primera_prueba - acc_datos
2025-10-08 11:52:31.539 [main] INFO  file.pruebas_iniciales.primera_prueba - desktop.ini
2025-10-08 11:52:31.539 [main] INFO  file.pruebas_iniciales.primera_prueba - primero_DAM
2025-10-08 11:52:31.539 [main] INFO  file.pruebas_iniciales.primera_prueba - prueba
2025-10-08 11:52:31.540 [main] INFO  file.pruebas_iniciales.primera_prueba - segundo_DAM
2025-10-08 11:52:31.540 [main] INFO  file.pruebas_iniciales.primera_prueba - Visual Studio Code.lnk
2025-10-08 11:52:31.540 [main] INFO  file.pruebas_iniciales.primera_prueba - workspace
2025-10-08 11:52:31.540 [main] INFO  file.pruebas_iniciales.primera_prueba - Desktop
2025-10-08 11:52:31.540 [main] INFO  file.pruebas_iniciales.primera_prueba - C:\Users\alumno\Desktop
2025-10-08 11:52:31.540 [main] INFO  file.pruebas_iniciales.primera_prueba - C:\Users\alumno\Desktop
2025-10-08 11:52:31.541 [main] INFO  file.pruebas_iniciales.primera_prueba - 4096
2025-10-08 11:52:31.541 [main] INFO  file.pruebas_iniciales.primera_prueba - 1759916808728
2025-10-08 11:52:31.541 [main] INFO  file.pruebas_iniciales.primera_prueba - true
2025-10-08 11:52:31.541 [main] INFO  file.pruebas_iniciales.primera_prueba - C:\Users\alumno
2025-10-08 11:52:31.541 [main] INFO  file.pruebas_iniciales.primera_prueba - C:\Users\alumno\Desktop
2025-10-08 11:52:31.542 [main] INFO  file.pruebas_iniciales.primera_prueba - true
2025-10-08 11:52:31.542 [main] INFO  file.primer_boletin.controlador.PrimerBoletin_main - La ruta indicada no existe
2025-10-08 12:06:02.300 [main] INFO  file.pruebas_iniciales.primera_prueba - acc_datos
2025-10-08 12:06:02.303 [main] INFO  file.pruebas_iniciales.primera_prueba - desktop.ini
2025-10-08 12:06:02.303 [main] INFO  file.pruebas_iniciales.primera_prueba - primero_DAM
2025-10-08 12:06:02.303 [main] INFO  file.pruebas_iniciales.primera_prueba - prueba
2025-10-08 12:06:02.303 [main] INFO  file.pruebas_iniciales.primera_prueba - segundo_DAM
2025-10-08 12:06:02.303 [main] INFO  file.pruebas_iniciales.primera_prueba - Visual Studio Code.lnk
2025-10-08 12:06:02.303 [main] INFO  file.pruebas_iniciales.primera_prueba - workspace
2025-10-08 12:06:02.303 [main] INFO  file.pruebas_iniciales.primera_prueba - Desktop
2025-10-08 12:06:02.303 [main] INFO  file.pruebas_iniciales.primera_prueba - C:\Users\alumno\Desktop
2025-10-08 12:06:02.304 [main] INFO  file.pruebas_iniciales.primera_prueba - C:\Users\alumno\Desktop
2025-10-08 12:06:02.304 [main] INFO  file.pruebas_iniciales.primera_prueba - 4096
2025-10-08 12:06:02.304 [main] INFO  file.pruebas_iniciales.primera_prueba - 1759916808728
2025-10-08 12:06:02.304 [main] INFO  file.pruebas_iniciales.primera_prueba - true
2025-10-08 12:06:02.304 [main] INFO  file.pruebas_iniciales.primera_prueba - C:\Users\alumno
2025-10-08 12:06:02.305 [main] INFO  file.pruebas_iniciales.primera_prueba - C:\Users\alumno\Desktop
2025-10-08 12:06:02.305 [main] INFO  file.pruebas_iniciales.primera_prueba - true
2025-10-08 12:06:02.305 [main] INFO  file.pruebas_iniciales.primera_prueba - acc_datos
2025-10-08 12:06:02.306 [main] INFO  file.pruebas_iniciales.primera_prueba - desktop.ini
2025-10-08 12:06:02.306 [main] INFO  file.pruebas_iniciales.primera_prueba - primero_DAM
2025-10-08 12:06:02.306 [main] INFO  file.pruebas_iniciales.primera_prueba - prueba
2025-10-08 12:06:02.306 [main] INFO  file.pruebas_iniciales.primera_prueba - segundo_DAM
2025-10-08 12:06:02.306 [main] INFO  file.pruebas_iniciales.primera_prueba - Visual Studio Code.lnk
2025-10-08 12:06:02.306 [main] INFO  file.pruebas_iniciales.primera_prueba - workspace
2025-10-08 12:07:55.183 [main] INFO  file.pruebas_iniciales.primera_prueba - acc_datos
2025-10-08 12:07:55.185 [main] INFO  file.pruebas_iniciales.primera_prueba - desktop.ini
2025-10-08 12:07:55.185 [main] INFO  file.pruebas_iniciales.primera_prueba - primero_DAM
2025-10-08 12:07:55.185 [main] INFO  file.pruebas_iniciales.primera_prueba - prueba
2025-10-08 12:07:55.185 [main] INFO  file.pruebas_iniciales.primera_prueba - segundo_DAM
2025-10-08 12:07:55.185 [main] INFO  file.pruebas_iniciales.primera_prueba - Visual Studio Code.lnk
2025-10-08 12:07:55.185 [main] INFO  file.pruebas_iniciales.primera_prueba - workspace
2025-10-08 12:08:35.974 [main] INFO  file.pruebas_iniciales.primera_prueba - acc_datos
2025-10-08 12:08:35.976 [main] INFO  file.pruebas_iniciales.primera_prueba - desktop.ini
2025-10-08 12:08:35.977 [main] INFO  file.pruebas_iniciales.primera_prueba - hola.txt
2025-10-08 12:08:35.977 [main] INFO  file.pruebas_iniciales.primera_prueba - primero_DAM
2025-10-08 12:08:35.977 [main] INFO  file.pruebas_iniciales.primera_prueba - prueba
2025-10-08 12:08:35.977 [main] INFO  file.pruebas_iniciales.primera_prueba - segundo_DAM
2025-10-08 12:08:35.977 [main] INFO  file.pruebas_iniciales.primera_prueba - Visual Studio Code.lnk
2025-10-08 12:08:35.977 [main] INFO  file.pruebas_iniciales.primera_prueba - workspace
2025-10-08 12:29:14.107 [main] INFO  file.pruebas_iniciales.primera_prueba - .bak_0.log
2025-10-08 12:29:14.109 [main] INFO  file.pruebas_iniciales.primera_prueba - .bak_1.log
2025-10-08 12:29:14.109 [main] INFO  file.pruebas_iniciales.primera_prueba - .bak_2.log
2025-10-08 12:29:14.110 [main] INFO  file.pruebas_iniciales.primera_prueba - .bak_3.log
2025-10-08 12:29:14.110 [main] INFO  file.pruebas_iniciales.primera_prueba - .bak_4.log
2025-10-08 12:29:14.110 [main] INFO  file.pruebas_iniciales.primera_prueba - .bak_5.log
2025-10-08 12:29:14.110 [main] INFO  file.pruebas_iniciales.primera_prueba - .bak_6.log
2025-10-08 12:29:14.110 [main] INFO  file.pruebas_iniciales.primera_prueba - .bak_7.log
2025-10-08 12:29:14.110 [main] INFO  file.pruebas_iniciales.primera_prueba - .bak_8.log
2025-10-08 12:29:14.110 [main] INFO  file.pruebas_iniciales.primera_prueba - .bak_9.log
2025-10-08 12:29:14.110 [main] INFO  file.pruebas_iniciales.primera_prueba - .lock
2025-10-08 12:29:14.111 [main] INFO  file.pruebas_iniciales.primera_prueba - .lock_info
2025-10-08 12:29:14.111 [main] INFO  file.pruebas_iniciales.primera_prueba - .log
2025-10-08 12:29:14.111 [main] INFO  file.pruebas_iniciales.primera_prueba - .tasks.xml.zip
2025-10-08 12:29:14.111 [main] INFO  file.pruebas_iniciales.primera_prueba - repositories.xml.zip
2025-10-08 12:29:14.112 [main] INFO  file.pruebas_iniciales.primera_prueba - tasks.xml.zip
2025-10-08 12:29:14.112 [main] INFO  file.pruebas_iniciales.primera_prueba - versions.json
2025-10-08 12:29:14.113 [main] INFO  file.pruebas_iniciales.primera_prueba - e00c28f588a2001016a0f6a249566a2b
2025-10-08 12:29:14.113 [main] INFO  file.pruebas_iniciales.primera_prueba - c05408015ba30010149e9fe151a35cd5
2025-10-08 12:29:14.113 [main] INFO  file.pruebas_iniciales.primera_prueba - 4053bf9a87a2001016a0f6a249566a2b
2025-10-08 12:29:14.113 [main] INFO  file.pruebas_iniciales.primera_prueba - 906e8c7663a30010149e9fe151a35cd5
2025-10-08 12:29:14.114 [main] INFO  file.pruebas_iniciales.primera_prueba - 706c220b89a2001016a0f6a249566a2b
2025-10-08 12:29:14.114 [main] INFO  file.pruebas_iniciales.primera_prueba - d034ac722ca400101829c3a9f8e14693
2025-10-08 12:29:14.114 [main] INFO  file.pruebas_iniciales.primera_prueba - 30b7336892a2001016a0f6a249566a2b
2025-10-08 12:29:14.114 [main] INFO  file.pruebas_iniciales.primera_prueba - c01ca0380ea400101045b60f8493fc41
2025-10-08 12:29:14.115 [main] INFO  file.pruebas_iniciales.primera_prueba - a01d3d76a39e00101f2cd584b6275039
2025-10-08 12:29:14.115 [main] INFO  file.pruebas_iniciales.primera_prueba - 70b4f4492ea400101829c3a9f8e14693
2025-10-08 12:29:14.116 [main] INFO  file.pruebas_iniciales.primera_prueba - a0ebc63286a2001016a0f6a249566a2b
2025-10-08 12:29:14.117 [main] INFO  file.pruebas_iniciales.primera_prueba - 4051eb7087a2001016a0f6a249566a2b
2025-10-08 12:29:14.117 [main] INFO  file.pruebas_iniciales.primera_prueba - 801896c788a2001016a0f6a249566a2b
2025-10-08 12:29:14.117 [main] INFO  file.pruebas_iniciales.primera_prueba - 90ae6339a29e00101f2cd584b6275039
2025-10-08 12:29:14.118 [main] INFO  file.pruebas_iniciales.primera_prueba - 10cfeffc85a2001016a0f6a249566a2b
2025-10-08 12:29:14.118 [main] INFO  file.pruebas_iniciales.primera_prueba - a0dd8bcf87a2001016a0f6a249566a2b
2025-10-08 12:29:14.119 [main] INFO  file.pruebas_iniciales.primera_prueba - 60bd5b1988a2001016a0f6a249566a2b
2025-10-08 12:29:14.119 [main] INFO  file.pruebas_iniciales.primera_prueba - a0baeeb089a2001016a0f6a249566a2b
2025-10-08 12:29:14.119 [main] INFO  file.pruebas_iniciales.primera_prueba - 504ca21d2ba400101829c3a9f8e14693
2025-10-08 12:29:14.119 [main] INFO  file.pruebas_iniciales.primera_prueba - 3018f4492ea400101829c3a9f8e14693
2025-10-08 12:29:14.120 [main] INFO  file.pruebas_iniciales.primera_prueba - d0631aed56a30010149e9fe151a35cd5
2025-10-08 12:29:14.120 [main] INFO  file.pruebas_iniciales.primera_prueba - 30416d5ba39e00101f2cd584b6275039
2025-10-08 12:29:14.120 [main] INFO  file.pruebas_iniciales.primera_prueba - d0c2059687a2001016a0f6a249566a2b
2025-10-08 12:29:14.120 [main] INFO  file.pruebas_iniciales.primera_prueba - b044a53f2ba400101829c3a9f8e14693
2025-10-08 12:29:14.121 [main] INFO  file.pruebas_iniciales.primera_prueba - 70a4c51189a2001016a0f6a249566a2b
2025-10-08 12:29:14.121 [main] INFO  file.pruebas_iniciales.primera_prueba - 50862fd58fa2001016a0f6a249566a2b
2025-10-08 12:29:14.121 [main] INFO  file.pruebas_iniciales.primera_prueba - 70fbbae62ea400101829c3a9f8e14693
2025-10-08 12:29:14.121 [main] INFO  file.pruebas_iniciales.primera_prueba - 5031f3725aa30010149e9fe151a35cd5
2025-10-08 12:29:14.121 [main] INFO  file.pruebas_iniciales.primera_prueba - 10160e3886a2001016a0f6a249566a2b
2025-10-08 12:29:14.123 [main] INFO  file.pruebas_iniciales.primera_prueba - 4089a58887a2001016a0f6a249566a2b
2025-10-08 12:29:14.123 [main] INFO  file.pruebas_iniciales.primera_prueba - c0fa4bdb92a2001016a0f6a249566a2b
2025-10-08 12:29:14.124 [main] INFO  file.pruebas_iniciales.primera_prueba - 9003c29023a400101829c3a9f8e14693
2025-10-08 12:29:14.124 [main] INFO  file.pruebas_iniciales.primera_prueba - b08108850ea400101045b60f8493fc41
2025-10-08 12:29:14.124 [main] INFO  file.pruebas_iniciales.primera_prueba - 207b61bfa39e00101f2cd584b6275039
2025-10-08 12:29:14.124 [main] INFO  file.pruebas_iniciales.primera_prueba - 701194612ea400101829c3a9f8e14693
2025-10-08 12:29:14.125 [main] INFO  file.pruebas_iniciales.primera_prueba - e05087ec2da400101829c3a9f8e14693
2025-10-08 12:29:14.125 [main] INFO  file.pruebas_iniciales.primera_prueba - 009a216789a2001016a0f6a249566a2b
2025-10-08 12:29:14.126 [main] INFO  file.pruebas_iniciales.primera_prueba - 50b5e3980fa400101045b60f8493fc41
2025-10-08 12:29:14.126 [main] INFO  file.pruebas_iniciales.primera_prueba - 50836539a29e00101f2cd584b6275039
2025-10-08 12:29:14.126 [main] INFO  file.pruebas_iniciales.primera_prueba - a0d6f955a39e00101f2cd584b6275039
2025-10-08 12:29:14.126 [main] INFO  file.pruebas_iniciales.primera_prueba - e0aae76621a400101829c3a9f8e14693
2025-10-08 12:29:14.127 [main] INFO  file.pruebas_iniciales.primera_prueba - 40ef08aba49e00101f2cd584b6275039
2025-10-08 12:29:14.127 [main] INFO  file.pruebas_iniciales.primera_prueba - 703bd7d99aa2001013c5d87ab78624fb
2025-10-08 12:29:14.127 [main] INFO  file.pruebas_iniciales.primera_prueba - 80ffea0492a2001016a0f6a249566a2b
2025-10-08 12:29:14.128 [main] INFO  file.pruebas_iniciales.primera_prueba - 906c25565ba30010149e9fe151a35cd5
2025-10-08 12:29:14.128 [main] INFO  file.pruebas_iniciales.primera_prueba - d0626bab8fa2001016a0f6a249566a2b
2025-10-08 12:29:14.128 [main] INFO  file.pruebas_iniciales.primera_prueba - a0a38cf25ba30010149e9fe151a35cd5
2025-10-08 12:29:14.129 [main] INFO  file.pruebas_iniciales.primera_prueba - b0cf18fb86a2001016a0f6a249566a2b
2025-10-08 12:29:14.129 [main] INFO  file.pruebas_iniciales.primera_prueba - f0c900d354a30010149e9fe151a35cd5
2025-10-08 12:29:14.130 [main] INFO  file.pruebas_iniciales.primera_prueba - 0060543e91a2001016a0f6a249566a2b
2025-10-08 12:29:14.130 [main] INFO  file.pruebas_iniciales.primera_prueba - b09291cea39e00101f2cd584b6275039
2025-10-08 12:29:14.130 [main] INFO  file.pruebas_iniciales.primera_prueba - 3037298992a2001016a0f6a249566a2b
2025-10-08 12:29:14.131 [main] INFO  file.pruebas_iniciales.primera_prueba - 508dfc7787a2001016a0f6a249566a2b
2025-10-08 12:29:14.131 [main] INFO  file.pruebas_iniciales.primera_prueba - 607ffed056a30010149e9fe151a35cd5
2025-10-08 12:29:14.131 [main] INFO  file.pruebas_iniciales.primera_prueba - 90ae296862a30010149e9fe151a35cd5
2025-10-08 12:29:14.131 [main] INFO  file.pruebas_iniciales.primera_prueba - 90ca2fa22da400101829c3a9f8e14693
2025-10-08 12:29:14.132 [main] INFO  file.pruebas_iniciales.primera_prueba - c0e1d90693a2001016a0f6a249566a2b
2025-10-08 12:29:14.132 [main] INFO  file.pruebas_iniciales.primera_prueba - 70ec39e49aa2001013c5d87ab78624fb
2025-10-08 12:29:14.132 [main] INFO  file.pruebas_iniciales.primera_prueba - d0af5d4f0fa400101045b60f8493fc41
2025-10-08 12:29:14.132 [main] INFO  file.pruebas_iniciales.primera_prueba - 1006151462a30010149e9fe151a35cd5
2025-10-08 12:29:14.133 [main] INFO  file.pruebas_iniciales.primera_prueba - a05e5036a39e00101f2cd584b6275039
2025-10-08 12:29:14.133 [main] INFO  file.pruebas_iniciales.primera_prueba - b09e02d354a30010149e9fe151a35cd5
2025-10-08 12:29:14.133 [main] INFO  file.pruebas_iniciales.primera_prueba - 70a962ad54a30010149e9fe151a35cd5
2025-10-08 12:29:14.134 [main] INFO  file.pruebas_iniciales.primera_prueba - d0c4dbb20ea400101045b60f8493fc41
2025-10-08 12:29:14.134 [main] INFO  file.pruebas_iniciales.primera_prueba - 8036bac9a29e00101f2cd584b6275039
2025-10-08 12:29:14.134 [main] INFO  file.pruebas_iniciales.primera_prueba - 20b003d354a30010149e9fe151a35cd5
2025-10-08 12:29:14.134 [main] INFO  file.pruebas_iniciales.primera_prueba - 20f2353924a400101829c3a9f8e14693
2025-10-08 12:29:14.135 [main] INFO  file.pruebas_iniciales.primera_prueba - 9093141686a2001016a0f6a249566a2b
2025-10-08 12:29:14.135 [main] INFO  file.pruebas_iniciales.primera_prueba - 608425ab88a2001016a0f6a249566a2b
2025-10-08 12:29:14.135 [main] INFO  file.pruebas_iniciales.primera_prueba - 705292632ea400101829c3a9f8e14693
2025-10-08 12:29:14.135 [main] INFO  file.pruebas_iniciales.primera_prueba - 90469f248aa2001016a0f6a249566a2b
2025-10-08 12:29:14.135 [main] INFO  file.pruebas_iniciales.primera_prueba - 2027ff7963a30010149e9fe151a35cd5
2025-10-08 12:29:14.136 [main] INFO  file.pruebas_iniciales.primera_prueba - 40cd0b66a49e00101f2cd584b6275039
2025-10-08 12:29:14.136 [main] INFO  file.pruebas_iniciales.primera_prueba - 50dbda898fa2001016a0f6a249566a2b
2025-10-08 12:29:14.136 [main] INFO  file.pruebas_iniciales.primera_prueba - 20aae1cb23a400101829c3a9f8e14693
2025-10-08 12:29:14.137 [main] INFO  file.pruebas_iniciales.primera_prueba - 90e333c25aa30010149e9fe151a35cd5
2025-10-08 12:29:14.137 [main] INFO  file.pruebas_iniciales.primera_prueba - 7054dfd190a2001016a0f6a249566a2b
2025-10-08 12:29:14.137 [main] INFO  file.pruebas_iniciales.primera_prueba - 507735632ca400101829c3a9f8e14693
2025-10-08 12:29:14.138 [main] INFO  file.pruebas_iniciales.primera_prueba - 409afc1e2da400101829c3a9f8e14693
2025-10-08 12:29:14.138 [main] INFO  file.pruebas_iniciales.primera_prueba - 70b2a0fb88a2001016a0f6a249566a2b
2025-10-08 12:29:14.138 [main] INFO  file.pruebas_iniciales.primera_prueba - 0057c97a89a2001016a0f6a249566a2b
2025-10-08 12:29:14.139 [main] INFO  file.pruebas_iniciales.primera_prueba - 70091d0da39e00101f2cd584b6275039
2025-10-08 12:29:14.139 [main] INFO  file.pruebas_iniciales.primera_prueba - 7095484120a400101829c3a9f8e14693
2025-10-08 12:29:14.139 [main] INFO  file.pruebas_iniciales.primera_prueba - c091113a87a2001016a0f6a249566a2b
2025-10-08 12:29:14.140 [main] INFO  file.pruebas_iniciales.primera_prueba - e016a0be88a2001016a0f6a249566a2b
2025-10-08 12:29:14.140 [main] INFO  file.pruebas_iniciales.primera_prueba - d09940f287a2001016a0f6a249566a2b
2025-10-08 12:29:14.140 [main] INFO  file.pruebas_iniciales.primera_prueba - 704cce6e2ea400101829c3a9f8e14693
2025-10-08 12:29:14.141 [main] INFO  file.pruebas_iniciales.primera_prueba - 2099fe27a39e00101f2cd584b6275039
2025-10-08 12:29:14.141 [main] INFO  file.pruebas_iniciales.primera_prueba - 50a16039a29e00101f2cd584b6275039
2025-10-08 12:29:14.141 [main] INFO  file.pruebas_iniciales.primera_prueba - 50a2e4502da400101829c3a9f8e14693
2025-10-08 12:29:14.142 [main] INFO  file.pruebas_iniciales.primera_prueba - 801c104262a30010149e9fe151a35cd5
2025-10-08 12:29:14.142 [main] INFO  file.pruebas_iniciales.primera_prueba - 90906839a29e00101f2cd584b6275039
2025-10-08 12:29:14.142 [main] INFO  file.pruebas_iniciales.primera_prueba - 206c34d791a2001016a0f6a249566a2b
2025-10-08 12:29:14.142 [main] INFO  file.pruebas_iniciales.primera_prueba - 606f4ea42ea400101829c3a9f8e14693
2025-10-08 12:29:14.143 [main] INFO  file.pruebas_iniciales.primera_prueba - c00fc01093a2001016a0f6a249566a2b
2025-10-08 12:29:14.143 [main] INFO  file.pruebas_iniciales.primera_prueba - a0e0d2795ba30010149e9fe151a35cd5
2025-10-08 12:29:14.143 [main] INFO  file.pruebas_iniciales.primera_prueba - b0549e1d2ba400101829c3a9f8e14693
2025-10-08 12:29:14.143 [main] INFO  file.pruebas_iniciales.primera_prueba - 102cc2cd85a2001016a0f6a249566a2b
2025-10-08 12:29:14.143 [main] INFO  file.pruebas_iniciales.primera_prueba - d0f7aad20fa400101045b60f8493fc41
2025-10-08 12:29:14.144 [main] INFO  file.pruebas_iniciales.primera_prueba - 200b1bb2a39e00101f2cd584b6275039
2025-10-08 12:29:14.144 [main] INFO  file.pruebas_iniciales.primera_prueba - 708014f188a2001016a0f6a249566a2b
2025-10-08 12:29:14.144 [main] INFO  file.pruebas_iniciales.primera_prueba - b02bc27c87a2001016a0f6a249566a2b
2025-10-08 12:29:14.145 [main] INFO  file.pruebas_iniciales.primera_prueba - 90d0776162a30010149e9fe151a35cd5
2025-10-08 12:29:14.145 [main] INFO  file.pruebas_iniciales.primera_prueba - a005af3c5ba30010149e9fe151a35cd5
2025-10-08 12:29:14.145 [main] INFO  file.pruebas_iniciales.primera_prueba - 1014f4a362a30010149e9fe151a35cd5
2025-10-08 12:29:14.146 [main] INFO  file.pruebas_iniciales.primera_prueba - 80f35e048fa2001016a0f6a249566a2b
2025-10-08 12:29:14.146 [main] INFO  file.pruebas_iniciales.primera_prueba - 505758190fa400101045b60f8493fc41
2025-10-08 12:29:14.146 [main] INFO  file.pruebas_iniciales.primera_prueba - 90ee154030a400101829c3a9f8e14693
2025-10-08 12:29:14.147 [main] INFO  file.pruebas_iniciales.primera_prueba - e0a6327988a2001016a0f6a249566a2b
2025-10-08 12:29:14.147 [main] INFO  file.pruebas_iniciales.primera_prueba - b03e18aa2ba400101829c3a9f8e14693
2025-10-08 12:29:14.147 [main] INFO  file.pruebas_iniciales.primera_prueba - c0ed03812ca400101829c3a9f8e14693
2025-10-08 12:29:14.148 [main] INFO  file.pruebas_iniciales.primera_prueba - 70d76f382ea400101829c3a9f8e14693
2025-10-08 12:29:14.148 [main] INFO  file.pruebas_iniciales.primera_prueba - 6046ea7e88a2001016a0f6a249566a2b
2025-10-08 12:29:14.148 [main] INFO  file.pruebas_iniciales.primera_prueba - 302f737931a400101829c3a9f8e14693
2025-10-08 12:29:14.148 [main] INFO  file.pruebas_iniciales.primera_prueba - 305061ba92a2001016a0f6a249566a2b
2025-10-08 12:29:14.148 [main] INFO  file.pruebas_iniciales.primera_prueba - e0af09a70fa400101045b60f8493fc41
2025-10-08 12:29:14.149 [main] INFO  file.pruebas_iniciales.primera_prueba - a03c0a6f31a400101829c3a9f8e14693
2025-10-08 12:29:14.149 [main] INFO  file.pruebas_iniciales.primera_prueba - 90de4a7a91a2001016a0f6a249566a2b
2025-10-08 12:29:14.149 [main] INFO  file.pruebas_iniciales.primera_prueba - f04a0b4aa29e00101f2cd584b6275039
2025-10-08 12:29:14.149 [main] INFO  file.pruebas_iniciales.primera_prueba - 50bc63cc2ca400101829c3a9f8e14693
2025-10-08 12:29:14.149 [main] INFO  file.pruebas_iniciales.primera_prueba - c00ff4f687a2001016a0f6a249566a2b
2025-10-08 12:29:14.150 [main] INFO  file.pruebas_iniciales.primera_prueba - 2094581b0fa400101045b60f8493fc41
2025-10-08 12:29:14.150 [main] INFO  file.pruebas_iniciales.primera_prueba - 608fbbbb9aa2001013c5d87ab78624fb
2025-10-08 12:29:14.150 [main] INFO  file.pruebas_iniciales.primera_prueba - a0bfd36963a30010149e9fe151a35cd5
2025-10-08 12:29:14.151 [main] INFO  file.pruebas_iniciales.primera_prueba - c00c2d7b87a2001016a0f6a249566a2b
2025-10-08 12:29:14.151 [main] INFO  file.pruebas_iniciales.primera_prueba - c0f224e72ca400101829c3a9f8e14693
2025-10-08 12:29:14.151 [main] INFO  file.pruebas_iniciales.primera_prueba - e0006239a29e00101f2cd584b6275039
2025-10-08 12:29:14.151 [main] INFO  file.pruebas_iniciales.primera_prueba - 80fbc01b62a30010149e9fe151a35cd5
2025-10-08 12:29:14.151 [main] INFO  file.pruebas_iniciales.primera_prueba - 2008ae218ca2001016a0f6a249566a2b
2025-10-08 12:29:14.151 [main] INFO  file.pruebas_iniciales.primera_prueba - c0b561dc2da400101829c3a9f8e14693
2025-10-08 12:29:14.151 [main] INFO  file.pruebas_iniciales.primera_prueba - c0ee45e80ea400101045b60f8493fc41
2025-10-08 12:29:14.153 [main] INFO  file.pruebas_iniciales.primera_prueba - 500b323c88a2001016a0f6a249566a2b
2025-10-08 12:29:14.153 [main] INFO  file.pruebas_iniciales.primera_prueba - 508e3e882da400101829c3a9f8e14693
2025-10-08 12:29:14.153 [main] INFO  file.pruebas_iniciales.primera_prueba - 3013d26331a400101829c3a9f8e14693
2025-10-08 12:29:14.154 [main] INFO  file.pruebas_iniciales.primera_prueba - 4016d5432ca400101829c3a9f8e14693
2025-10-08 12:29:14.154 [main] INFO  file.pruebas_iniciales.primera_prueba - 90da4dd62fa400101829c3a9f8e14693
2025-10-08 12:29:14.154 [main] INFO  file.pruebas_iniciales.primera_prueba - d0dee64788a2001016a0f6a249566a2b
2025-10-08 12:29:14.154 [main] INFO  file.pruebas_iniciales.primera_prueba - a0a2664e30a400101829c3a9f8e14693
2025-10-08 12:29:14.155 [main] INFO  file.pruebas_iniciales.primera_prueba - 702c101110a400101045b60f8493fc41
2025-10-08 12:29:14.155 [main] INFO  file.pruebas_iniciales.primera_prueba - 9048c53c62a30010149e9fe151a35cd5
2025-10-08 12:29:14.155 [main] INFO  file.pruebas_iniciales.primera_prueba - b0b2895f92a2001016a0f6a249566a2b
2025-10-08 12:29:14.155 [main] INFO  file.pruebas_iniciales.primera_prueba - 305a61a131a400101829c3a9f8e14693
2025-10-08 12:29:14.155 [main] INFO  file.pruebas_iniciales.primera_prueba - 006d5d39a29e00101f2cd584b6275039
2025-10-08 12:29:14.156 [main] INFO  file.pruebas_iniciales.primera_prueba - 50be015663a30010149e9fe151a35cd5
2025-10-08 12:29:14.156 [main] INFO  file.pruebas_iniciales.primera_prueba - b099758623a400101829c3a9f8e14693
2025-10-08 12:29:14.156 [main] INFO  file.pruebas_iniciales.primera_prueba - 404487288ca2001016a0f6a249566a2b
2025-10-08 12:29:14.156 [main] INFO  file.pruebas_iniciales.primera_prueba - 600003c42da400101829c3a9f8e14693
2025-10-08 12:29:14.157 [main] INFO  file.pruebas_iniciales.primera_prueba - 60ab20358ca2001016a0f6a249566a2b
2025-10-08 12:29:14.157 [main] INFO  file.pruebas_iniciales.primera_prueba - a0e6a81a24a400101829c3a9f8e14693
2025-10-08 12:29:14.157 [main] INFO  file.pruebas_iniciales.primera_prueba - 00c3644391a2001016a0f6a249566a2b
2025-10-08 12:29:14.157 [main] INFO  file.pruebas_iniciales.primera_prueba - 2056265092a2001016a0f6a249566a2b
2025-10-08 12:29:14.157 [main] INFO  file.pruebas_iniciales.primera_prueba - 60593fbb2da400101829c3a9f8e14693
2025-10-08 12:29:14.158 [main] INFO  file.pruebas_iniciales.primera_prueba - 000516a889a2001016a0f6a249566a2b
2025-10-08 12:29:14.158 [main] INFO  file.pruebas_iniciales.primera_prueba - 50525fc156a30010149e9fe151a35cd5
2025-10-08 12:29:14.158 [main] INFO  file.pruebas_iniciales.primera_prueba - 803952a72ea400101829c3a9f8e14693
2025-10-08 12:29:14.158 [main] INFO  file.pruebas_iniciales.primera_prueba - 40c2531893a2001016a0f6a249566a2b
2025-10-08 12:29:14.158 [main] INFO  file.pruebas_iniciales.primera_prueba - c057bf2393a2001016a0f6a249566a2b
2025-10-08 12:29:14.159 [main] INFO  file.pruebas_iniciales.primera_prueba - e0c9e3468ca2001016a0f6a249566a2b
2025-10-08 12:29:14.159 [main] INFO  file.pruebas_iniciales.primera_prueba - a042689e2aa400101829c3a9f8e14693
2025-10-08 12:29:14.159 [main] INFO  file.pruebas_iniciales.primera_prueba - 408d37f192a2001016a0f6a249566a2b
2025-10-08 12:29:14.160 [main] INFO  file.pruebas_iniciales.primera_prueba - 208b51df5ba30010149e9fe151a35cd5
2025-10-08 12:29:14.160 [main] INFO  file.pruebas_iniciales.primera_prueba - 2052a3e191a2001016a0f6a249566a2b
2025-10-08 12:29:14.160 [main] INFO  file.pruebas_iniciales.primera_prueba - 40a0fd618fa2001016a0f6a249566a2b
2025-10-08 12:29:14.160 [main] INFO  file.pruebas_iniciales.primera_prueba - 6048495d2ea400101829c3a9f8e14693
2025-10-08 12:29:14.161 [main] INFO  file.pruebas_iniciales.primera_prueba - b0d07b1864a30010149e9fe151a35cd5
2025-10-08 12:29:14.161 [main] INFO  file.pruebas_iniciales.primera_prueba - d01711c485a2001016a0f6a249566a2b
2025-10-08 12:29:14.162 [main] INFO  file.pruebas_iniciales.primera_prueba - 70a650bf2ea400101829c3a9f8e14693
2025-10-08 12:29:14.162 [main] INFO  file.pruebas_iniciales.primera_prueba - c04b64d60ea400101045b60f8493fc41
2025-10-08 12:29:14.162 [main] INFO  file.pruebas_iniciales.primera_prueba - e0e9808062a30010149e9fe151a35cd5
2025-10-08 12:29:14.162 [main] INFO  file.pruebas_iniciales.primera_prueba - c09a6442a49e00101f2cd584b6275039
2025-10-08 12:29:14.162 [main] INFO  file.pruebas_iniciales.primera_prueba - d0f16ef10fa400101045b60f8493fc41
2025-10-08 12:29:14.163 [main] INFO  file.pruebas_iniciales.primera_prueba - e0050c2d88a2001016a0f6a249566a2b
2025-10-08 12:29:14.163 [main] INFO  file.pruebas_iniciales.primera_prueba - 901d39098aa2001016a0f6a249566a2b
2025-10-08 12:29:14.163 [main] INFO  file.pruebas_iniciales.primera_prueba - a07623fe91a2001016a0f6a249566a2b
2025-10-08 12:29:14.163 [main] INFO  file.pruebas_iniciales.primera_prueba - b0894a7c92a2001016a0f6a249566a2b
2025-10-08 12:29:14.163 [main] INFO  file.pruebas_iniciales.primera_prueba - 30eac84824a400101829c3a9f8e14693
2025-10-08 12:29:14.163 [main] INFO  file.pruebas_iniciales.primera_prueba - e0b5eaf12da400101829c3a9f8e14693
2025-10-08 12:29:14.164 [main] INFO  file.pruebas_iniciales.primera_prueba - 00b4c96d89a2001016a0f6a249566a2b
2025-10-08 12:29:14.164 [main] INFO  file.pruebas_iniciales.primera_prueba - 40fce7708fa2001016a0f6a249566a2b
2025-10-08 12:29:14.164 [main] INFO  file.pruebas_iniciales.primera_prueba - 203f01d354a30010149e9fe151a35cd5
2025-10-08 12:29:14.164 [main] INFO  file.pruebas_iniciales.primera_prueba - c047182788a2001016a0f6a249566a2b
2025-10-08 12:29:14.165 [main] INFO  file.pruebas_iniciales.primera_prueba - 5002a8192da400101829c3a9f8e14693
2025-10-08 12:29:14.165 [main] INFO  file.pruebas_iniciales.primera_prueba - 605f10932ea400101829c3a9f8e14693
2025-10-08 12:29:14.165 [main] INFO  file.pruebas_iniciales.primera_prueba - d0f52e470fa400101045b60f8493fc41
2025-10-08 12:29:14.165 [main] INFO  file.pruebas_iniciales.primera_prueba - 50e4a4810ea400101045b60f8493fc41
2025-10-08 12:29:14.166 [main] INFO  file.pruebas_iniciales.primera_prueba - c0ac10b286a2001016a0f6a249566a2b
2025-10-08 12:29:14.166 [main] INFO  file.pruebas_iniciales.primera_prueba - f0ee37d588a2001016a0f6a249566a2b
2025-10-08 12:29:14.166 [main] INFO  file.pruebas_iniciales.primera_prueba - a086e6952aa400101829c3a9f8e14693
2025-10-08 12:29:14.167 [main] INFO  file.pruebas_iniciales.primera_prueba - b01a5f39a29e00101f2cd584b6275039
2025-10-08 12:29:14.167 [main] INFO  file.pruebas_iniciales.primera_prueba - c058e4f42ba400101829c3a9f8e14693
2025-10-08 12:29:14.167 [main] INFO  file.pruebas_iniciales.primera_prueba - .location
2025-10-08 12:29:14.167 [main] INFO  file.pruebas_iniciales.primera_prueba - .markers.snap
2025-10-08 12:29:14.167 [main] INFO  file.pruebas_iniciales.primera_prueba - .syncinfo.snap
2025-10-08 12:29:14.168 [main] INFO  file.pruebas_iniciales.primera_prueba - properties.index
2025-10-08 12:29:14.168 [main] INFO  file.pruebas_iniciales.primera_prueba - .location
2025-10-08 12:29:14.168 [main] INFO  file.pruebas_iniciales.primera_prueba - .markers
2025-10-08 12:29:14.168 [main] INFO  file.pruebas_iniciales.primera_prueba - .markers.snap
2025-10-08 12:29:14.168 [main] INFO  file.pruebas_iniciales.primera_prueba - .syncinfo.snap
2025-10-08 12:29:14.168 [main] INFO  file.pruebas_iniciales.primera_prueba - GitProjectData.properties
2025-10-08 12:29:14.169 [main] INFO  file.pruebas_iniciales.primera_prueba - state.dat
2025-10-08 12:29:14.169 [main] INFO  file.pruebas_iniciales.primera_prueba - history.index
2025-10-08 12:29:14.170 [main] INFO  file.pruebas_iniciales.primera_prueba - history.index
2025-10-08 12:29:14.170 [main] INFO  file.pruebas_iniciales.primera_prueba - properties.index
2025-10-08 12:29:14.170 [main] INFO  file.pruebas_iniciales.primera_prueba - .location
2025-10-08 12:29:14.170 [main] INFO  file.pruebas_iniciales.primera_prueba - .markers
2025-10-08 12:29:14.170 [main] INFO  file.pruebas_iniciales.primera_prueba - .markers.snap
2025-10-08 12:29:14.170 [main] INFO  file.pruebas_iniciales.primera_prueba - .syncinfo.snap
2025-10-08 12:29:14.170 [main] INFO  file.pruebas_iniciales.primera_prueba - GitProjectData.properties
2025-10-08 12:29:14.171 [main] INFO  file.pruebas_iniciales.primera_prueba - properties.index
2025-10-08 12:29:14.171 [main] INFO  file.pruebas_iniciales.primera_prueba - .location
2025-10-08 12:29:14.171 [main] INFO  file.pruebas_iniciales.primera_prueba - .markers
2025-10-08 12:29:14.171 [main] INFO  file.pruebas_iniciales.primera_prueba - .markers.snap
2025-10-08 12:29:14.171 [main] INFO  file.pruebas_iniciales.primera_prueba - .syncinfo.snap
2025-10-08 12:29:14.171 [main] INFO  file.pruebas_iniciales.primera_prueba - GitProjectData.properties
2025-10-08 12:29:14.172 [main] INFO  file.pruebas_iniciales.primera_prueba - state.dat
2025-10-08 12:29:14.173 [main] INFO  file.pruebas_iniciales.primera_prueba - history.index
2025-10-08 12:29:14.173 [main] INFO  file.pruebas_iniciales.primera_prueba - history.index
2025-10-08 12:29:14.173 [main] INFO  file.pruebas_iniciales.primera_prueba - history.index
2025-10-08 12:29:14.173 [main] INFO  file.pruebas_iniciales.primera_prueba - history.index
2025-10-08 12:29:14.174 [main] INFO  file.pruebas_iniciales.primera_prueba - history.index
2025-10-08 12:29:14.174 [main] INFO  file.pruebas_iniciales.primera_prueba - history.index
2025-10-08 12:29:14.174 [main] INFO  file.pruebas_iniciales.primera_prueba - properties.index
2025-10-08 12:29:14.174 [main] INFO  file.pruebas_iniciales.primera_prueba - .location
2025-10-08 12:29:14.174 [main] INFO  file.pruebas_iniciales.primera_prueba - .markers
2025-10-08 12:29:14.174 [main] INFO  file.pruebas_iniciales.primera_prueba - .markers.snap
2025-10-08 12:29:14.174 [main] INFO  file.pruebas_iniciales.primera_prueba - .syncinfo.snap
2025-10-08 12:29:14.176 [main] INFO  file.pruebas_iniciales.primera_prueba - GitProjectData.properties
2025-10-08 12:29:14.176 [main] INFO  file.pruebas_iniciales.primera_prueba - history.version
2025-10-08 12:29:14.176 [main] INFO  file.pruebas_iniciales.primera_prueba - properties.index
2025-10-08 12:29:14.177 [main] INFO  file.pruebas_iniciales.primera_prueba - properties.version
2025-10-08 12:29:14.177 [main] INFO  file.pruebas_iniciales.primera_prueba - .markers.snap
2025-10-08 12:29:14.177 [main] INFO  file.pruebas_iniciales.primera_prueba - 14.tree
2025-10-08 12:29:14.177 [main] INFO  file.pruebas_iniciales.primera_prueba - org.eclipse.core.resources
2025-10-08 12:29:14.177 [main] INFO  file.pruebas_iniciales.primera_prueba - 14.snap
2025-10-08 12:29:14.178 [main] INFO  file.pruebas_iniciales.primera_prueba - Docker.prefs
2025-10-08 12:29:14.178 [main] INFO  file.pruebas_iniciales.primera_prueba - org.eclipse.core.resources.prefs
2025-10-08 12:29:14.178 [main] INFO  file.pruebas_iniciales.primera_prueba - org.eclipse.core.variables.prefs
2025-10-08 12:29:14.178 [main] INFO  file.pruebas_iniciales.primera_prueba - org.eclipse.debug.core.prefs
2025-10-08 12:29:14.178 [main] INFO  file.pruebas_iniciales.primera_prueba - org.eclipse.debug.ui.prefs
2025-10-08 12:29:14.179 [main] INFO  file.pruebas_iniciales.primera_prueba - org.eclipse.egit.core.prefs
2025-10-08 12:29:14.179 [main] INFO  file.pruebas_iniciales.primera_prueba - org.eclipse.jdt.core.prefs
2025-10-08 12:29:14.179 [main] INFO  file.pruebas_iniciales.primera_prueba - org.eclipse.jdt.debug.ui.prefs
2025-10-08 12:29:14.179 [main] INFO  file.pruebas_iniciales.primera_prueba - org.eclipse.jdt.junit.prefs
2025-10-08 12:29:14.179 [main] INFO  file.pruebas_iniciales.primera_prueba - org.eclipse.jdt.launching.prefs
2025-10-08 12:29:14.179 [main] INFO  file.pruebas_iniciales.primera_prueba - org.eclipse.jdt.ui.prefs
2025-10-08 12:29:14.179 [main] INFO  file.pruebas_iniciales.primera_prueba - org.eclipse.jsch.core.prefs
2025-10-08 12:29:14.179 [main] INFO  file.pruebas_iniciales.primera_prueba - org.eclipse.m2e.apt.prefs
2025-10-08 12:29:14.179 [main] INFO  file.pruebas_iniciales.primera_prueba - org.eclipse.m2e.discovery.prefs
2025-10-08 12:29:14.179 [main] INFO  file.pruebas_iniciales.primera_prueba - org.eclipse.mylyn.context.core.prefs
2025-10-08 12:29:14.179 [main] INFO  file.pruebas_iniciales.primera_prueba - org.eclipse.mylyn.monitor.ui.prefs
2025-10-08 12:29:14.180 [main] INFO  file.pruebas_iniciales.primera_prueba - org.eclipse.mylyn.tasks.ui.prefs
2025-10-08 12:29:14.180 [main] INFO  file.pruebas_iniciales.primera_prueba - org.eclipse.pde.api.tools.prefs
2025-10-08 12:29:14.180 [main] INFO  file.pruebas_iniciales.primera_prueba - org.eclipse.ui.ide.prefs
2025-10-08 12:29:14.180 [main] INFO  file.pruebas_iniciales.primera_prueba - org.eclipse.ui.navigator.prefs
2025-10-08 12:29:14.180 [main] INFO  file.pruebas_iniciales.primera_prueba - org.eclipse.ui.prefs
2025-10-08 12:29:14.180 [main] INFO  file.pruebas_iniciales.primera_prueba - org.eclipse.ui.workbench.prefs
2025-10-08 12:29:14.180 [main] INFO  file.pruebas_iniciales.primera_prueba - org.springframework.ide.eclipse.boot.dash.prefs
2025-10-08 12:29:14.180 [main] INFO  file.pruebas_iniciales.primera_prueba - org.springframework.ide.eclipse.boot.launch.prefs
2025-10-08 12:29:14.180 [main] INFO  file.pruebas_iniciales.primera_prueba - org.springframework.ide.eclipse.imports.prefs
2025-10-08 12:29:14.180 [main] INFO  file.pruebas_iniciales.primera_prueba - org.springsource.ide.eclipse.commons.ui.prefs
2025-10-08 12:29:14.181 [main] INFO  file.pruebas_iniciales.primera_prueba - ejemplo.launch
2025-10-08 12:29:14.181 [main] INFO  file.pruebas_iniciales.primera_prueba - Ejercicio3.launch
2025-10-08 12:29:14.181 [main] INFO  file.pruebas_iniciales.primera_prueba - GestionaPeticionesAChat.launch
2025-10-08 12:29:14.181 [main] INFO  file.pruebas_iniciales.primera_prueba - Lanzador.launch
2025-10-08 12:29:14.181 [main] INFO  file.pruebas_iniciales.primera_prueba - Libreria_main.launch
2025-10-08 12:29:14.181 [main] INFO  file.pruebas_iniciales.primera_prueba - main.launch
2025-10-08 12:29:14.181 [main] INFO  file.pruebas_iniciales.primera_prueba - primera_prueba.launch
2025-10-08 12:29:14.181 [main] INFO  file.pruebas_iniciales.primera_prueba - PrimerBoletin_main.launch
2025-10-08 12:29:14.181 [main] INFO  file.pruebas_iniciales.primera_prueba - ProbandoLog.launch
2025-10-08 12:29:14.181 [main] INFO  file.pruebas_iniciales.primera_prueba - ProcessBuilderEjemplo.launch
2025-10-08 12:29:14.181 [main] INFO  file.pruebas_iniciales.primera_prueba - dialog_settings.xml
2025-10-08 12:29:14.181 [main] INFO  file.pruebas_iniciales.primera_prueba - launchConfigurationHistory.xml
2025-10-08 12:29:14.182 [main] INFO  file.pruebas_iniciales.primera_prueba - workbench.xmi
2025-10-08 12:29:14.182 [main] INFO  file.pruebas_iniciales.primera_prueba - .project
2025-10-08 12:29:14.182 [main] INFO  file.pruebas_iniciales.primera_prueba - org.eclipse.core.resources.prefs
2025-10-08 12:29:14.183 [main] INFO  file.pruebas_iniciales.primera_prueba - dialog_settings.xml
2025-10-08 12:29:14.183 [main] INFO  file.pruebas_iniciales.primera_prueba - 1283376873.index
2025-10-08 12:29:14.183 [main] INFO  file.pruebas_iniciales.primera_prueba - 1865797976.index
2025-10-08 12:29:14.183 [main] INFO  file.pruebas_iniciales.primera_prueba - 2012168914.index
2025-10-08 12:29:14.183 [main] INFO  file.pruebas_iniciales.primera_prueba - 22699913.index
2025-10-08 12:29:14.183 [main] INFO  file.pruebas_iniciales.primera_prueba - 2501140285.index
2025-10-08 12:29:14.183 [main] INFO  file.pruebas_iniciales.primera_prueba - 2692308063.index
2025-10-08 12:29:14.183 [main] INFO  file.pruebas_iniciales.primera_prueba - 2893597901.index
2025-10-08 12:29:14.183 [main] INFO  file.pruebas_iniciales.primera_prueba - 3772730432.index
2025-10-08 12:29:14.183 [main] INFO  file.pruebas_iniciales.primera_prueba - assumedExternalFilesCache
2025-10-08 12:29:14.183 [main] INFO  file.pruebas_iniciales.primera_prueba - externalFilesCache
2025-10-08 12:29:14.183 [main] INFO  file.pruebas_iniciales.primera_prueba - externalLibsTimeStamps
2025-10-08 12:29:14.183 [main] INFO  file.pruebas_iniciales.primera_prueba - indexNamesMap.txt
2025-10-08 12:29:14.183 [main] INFO  file.pruebas_iniciales.primera_prueba - javaLikeNames.txt
2025-10-08 12:29:14.183 [main] INFO  file.pruebas_iniciales.primera_prueba - nonChainingJarsCache
2025-10-08 12:29:14.183 [main] INFO  file.pruebas_iniciales.primera_prueba - savedIndexNames.txt
2025-10-08 12:29:14.184 [main] INFO  file.pruebas_iniciales.primera_prueba - variablesAndContainers.dat
2025-10-08 12:29:14.184 [main] INFO  file.pruebas_iniciales.primera_prueba - .install.xml
2025-10-08 12:29:14.184 [main] INFO  file.pruebas_iniciales.primera_prueba - libraryInfos.xml
2025-10-08 12:29:14.184 [main] INFO  file.pruebas_iniciales.primera_prueba - dialog_settings.xml
2025-10-08 12:29:14.184 [main] INFO  file.pruebas_iniciales.primera_prueba - 0.png
2025-10-08 12:29:14.184 [main] INFO  file.pruebas_iniciales.primera_prueba - 1.png
2025-10-08 12:29:14.184 [main] INFO  file.pruebas_iniciales.primera_prueba - 2.png
2025-10-08 12:29:14.184 [main] INFO  file.pruebas_iniciales.primera_prueba - 3.png
2025-10-08 12:29:14.184 [main] INFO  file.pruebas_iniciales.primera_prueba - 4.png
2025-10-08 12:29:14.184 [main] INFO  file.pruebas_iniciales.primera_prueba - 5.png
2025-10-08 12:29:14.185 [main] INFO  file.pruebas_iniciales.primera_prueba - 6.png
2025-10-08 12:29:14.185 [main] INFO  file.pruebas_iniciales.primera_prueba - 7.png
2025-10-08 12:29:14.185 [main] INFO  file.pruebas_iniciales.primera_prueba - OpenTypeHistory.xml
2025-10-08 12:29:14.185 [main] INFO  file.pruebas_iniciales.primera_prueba - QualifiedTypeNameHistory.xml
2025-10-08 12:29:14.186 [main] INFO  file.pruebas_iniciales.primera_prueba - refactorings.history
2025-10-08 12:29:14.186 [main] INFO  file.pruebas_iniciales.primera_prueba - refactorings.index
2025-10-08 12:29:14.186 [main] INFO  file.pruebas_iniciales.primera_prueba - refactorings.history
2025-10-08 12:29:14.186 [main] INFO  file.pruebas_iniciales.primera_prueba - refactorings.index
2025-10-08 12:29:14.186 [main] INFO  file.pruebas_iniciales.primera_prueba - refactorings.history
2025-10-08 12:29:14.187 [main] INFO  file.pruebas_iniciales.primera_prueba - refactorings.index
2025-10-08 12:29:14.187 [main] INFO  file.pruebas_iniciales.primera_prueba - refactorings.history
2025-10-08 12:29:14.187 [main] INFO  file.pruebas_iniciales.primera_prueba - refactorings.index
2025-10-08 12:29:14.188 [main] INFO  file.pruebas_iniciales.primera_prueba - refactorings.history
2025-10-08 12:29:14.188 [main] INFO  file.pruebas_iniciales.primera_prueba - refactorings.index
2025-10-08 12:29:14.189 [main] INFO  file.pruebas_iniciales.primera_prueba - refactorings.history
2025-10-08 12:29:14.189 [main] INFO  file.pruebas_iniciales.primera_prueba - refactorings.index
2025-10-08 12:29:14.189 [main] INFO  file.pruebas_iniciales.primera_prueba - refactorings.history
2025-10-08 12:29:14.189 [main] INFO  file.pruebas_iniciales.primera_prueba - refactorings.index
2025-10-08 12:29:14.190 [main] INFO  file.pruebas_iniciales.primera_prueba - refactorings.history
2025-10-08 12:29:14.190 [main] INFO  file.pruebas_iniciales.primera_prueba - refactorings.index
2025-10-08 12:29:14.190 [main] INFO  file.pruebas_iniciales.primera_prueba - refactorings.history
2025-10-08 12:29:14.190 [main] INFO  file.pruebas_iniciales.primera_prueba - refactorings.index
2025-10-08 12:29:14.191 [main] INFO  file.pruebas_iniciales.primera_prueba - refactorings.history
2025-10-08 12:29:14.191 [main] INFO  file.pruebas_iniciales.primera_prueba - refactorings.index
2025-10-08 12:29:14.191 [main] INFO  file.pruebas_iniciales.primera_prueba - refactorings.history
2025-10-08 12:29:14.191 [main] INFO  file.pruebas_iniciales.primera_prueba - refactorings.index
2025-10-08 12:29:14.191 [main] INFO  file.pruebas_iniciales.primera_prueba - dialog_settings.xml
2025-10-08 12:29:14.191 [main] INFO  file.pruebas_iniciales.primera_prueba - archetypesInfo.xml
2025-10-08 12:29:14.191 [main] INFO  file.pruebas_iniciales.primera_prueba - psp.lifecyclemapping
2025-10-08 12:29:14.191 [main] INFO  file.pruebas_iniciales.primera_prueba - SpringJava.lifecyclemapping
2025-10-08 12:29:14.193 [main] INFO  file.pruebas_iniciales.primera_prueba - workspacestate.properties
2025-10-08 12:29:14.193 [main] INFO  file.pruebas_iniciales.primera_prueba - workspaceState.ser
2025-10-08 12:29:14.193 [main] INFO  file.pruebas_iniciales.primera_prueba - dialog_settings.xml
2025-10-08 12:29:14.193 [main] INFO  file.pruebas_iniciales.primera_prueba - psp.container
2025-10-08 12:29:14.193 [main] INFO  file.pruebas_iniciales.primera_prueba - repaso.container
2025-10-08 12:29:14.193 [main] INFO  file.pruebas_iniciales.primera_prueba - SpringJava.container
2025-10-08 12:29:14.193 [main] INFO  file.pruebas_iniciales.primera_prueba - 0.log
2025-10-08 12:29:14.193 [main] INFO  file.pruebas_iniciales.primera_prueba - logback.2.7.100.20250418-1315.xml
2025-10-08 12:29:14.194 [main] INFO  file.pruebas_iniciales.primera_prueba - clean-cache.properties
2025-10-08 12:29:14.195 [main] INFO  file.pruebas_iniciales.primera_prueba - manifest.json
2025-10-08 12:29:14.195 [main] INFO  file.pruebas_iniciales.primera_prueba - protocols.json
2025-10-08 12:29:14.195 [main] INFO  file.pruebas_iniciales.primera_prueba - BrowserMetrics-spare.pma
2025-10-08 12:29:14.195 [main] INFO  file.pruebas_iniciales.primera_prueba - crl-set
2025-10-08 12:29:14.195 [main] INFO  file.pruebas_iniciales.primera_prueba - manifest.json
2025-10-08 12:29:14.196 [main] INFO  file.pruebas_iniciales.primera_prueba - 000ac7dc9366969db9d1e41810a3a27c747a7623535d856eecc2de86cfed80c7
2025-10-08 12:29:14.196 [main] INFO  file.pruebas_iniciales.primera_prueba - 00af3f07b5abb71f6d30337e1eef62fa280f06ef19485c0cf6b72171f92ccc0a
2025-10-08 12:29:14.196 [main] INFO  file.pruebas_iniciales.primera_prueba - 4b81b4df3ad971287e1ae02c449344fcfa5d20431de17b2ba8854cc9cdce4089
2025-10-08 12:29:14.196 [main] INFO  file.pruebas_iniciales.primera_prueba - 89f43cb3df807293de2772d5f01ac2fc1482b38ccc8fdaee859b80642b7a0487
2025-10-08 12:29:14.196 [main] INFO  file.pruebas_iniciales.primera_prueba - 95fd9d48e4fc245a3f3a99a3a16ecd1355050ba3f4afc555f19a97c7f9b49677
2025-10-08 12:29:14.196 [main] INFO  file.pruebas_iniciales.primera_prueba - a81d1959892ae4180554347df1b97834abba2e1a5e6b9aeba000ecea26eabecc
2025-10-08 12:29:14.196 [main] INFO  file.pruebas_iniciales.primera_prueba - b987bdc4f2ad2a409b964921d4a5db1cdbe07f9c98f868293b4cc32acdc42cec
2025-10-08 12:29:14.196 [main] INFO  file.pruebas_iniciales.primera_prueba - bcb93cba8636743d1fbd32be3bd8ce8ff602323895bf4d136c26b9bc64b0a6a4
2025-10-08 12:29:14.196 [main] INFO  file.pruebas_iniciales.primera_prueba - fa29a6d5775ff340900a65b39b02fc8b4b77d403c048d8debf22f2f5d09c61a0
2025-10-08 12:29:14.196 [main] INFO  file.pruebas_iniciales.primera_prueba - fbb2c0f4fad3b34b3ac7116d98f83638cf6f55a47992026a7abf944a759aa0ea
2025-10-08 12:29:14.196 [main] INFO  file.pruebas_iniciales.primera_prueba - metadata.json
2025-10-08 12:29:14.197 [main] INFO  file.pruebas_iniciales.primera_prueba - metadata
2025-10-08 12:29:14.197 [main] INFO  file.pruebas_iniciales.primera_prueba - settings.dat
2025-10-08 12:29:14.197 [main] INFO  file.pruebas_iniciales.primera_prueba - throttle_store.dat
2025-10-08 12:29:14.197 [main] INFO  file.pruebas_iniciales.primera_prueba - LOCK
2025-10-08 12:29:14.197 [main] INFO  file.pruebas_iniciales.primera_prueba - LOG
2025-10-08 12:29:14.198 [main] INFO  file.pruebas_iniciales.primera_prueba - LOG.old
2025-10-08 12:29:14.198 [main] INFO  file.pruebas_iniciales.primera_prueba - LOCK
2025-10-08 12:29:14.198 [main] INFO  file.pruebas_iniciales.primera_prueba - LOG
2025-10-08 12:29:14.198 [main] INFO  file.pruebas_iniciales.primera_prueba - LOG.old
2025-10-08 12:29:14.198 [main] INFO  file.pruebas_iniciales.primera_prueba - BookmarkMergedSurfaceOrdering
2025-10-08 12:29:14.198 [main] INFO  file.pruebas_iniciales.primera_prueba - BrowsingTopicsSiteData
2025-10-08 12:29:14.198 [main] INFO  file.pruebas_iniciales.primera_prueba - BrowsingTopicsSiteData-journal
2025-10-08 12:29:14.198 [main] INFO  file.pruebas_iniciales.primera_prueba - BrowsingTopicsState
2025-10-08 12:29:14.198 [main] INFO  file.pruebas_iniciales.primera_prueba - LOCK
2025-10-08 12:29:14.198 [main] INFO  file.pruebas_iniciales.primera_prueba - LOG
2025-10-08 12:29:14.198 [main] INFO  file.pruebas_iniciales.primera_prueba - LOG.old
2025-10-08 12:29:14.199 [main] INFO  file.pruebas_iniciales.primera_prueba - LOCK
2025-10-08 12:29:14.199 [main] INFO  file.pruebas_iniciales.primera_prueba - LOG
2025-10-08 12:29:14.199 [main] INFO  file.pruebas_iniciales.primera_prueba - LOG.old
2025-10-08 12:29:14.199 [main] INFO  file.pruebas_iniciales.primera_prueba - index
2025-10-08 12:29:14.199 [main] INFO  file.pruebas_iniciales.primera_prueba - the-real-index
2025-10-08 12:29:14.200 [main] INFO  file.pruebas_iniciales.primera_prueba - index
2025-10-08 12:29:14.200 [main] INFO  file.pruebas_iniciales.primera_prueba - the-real-index
2025-10-08 12:29:14.200 [main] INFO  file.pruebas_iniciales.primera_prueba - LOCK
2025-10-08 12:29:14.200 [main] INFO  file.pruebas_iniciales.primera_prueba - LOG
2025-10-08 12:29:14.200 [main] INFO  file.pruebas_iniciales.primera_prueba - LOG.old
2025-10-08 12:29:14.200 [main] INFO  file.pruebas_iniciales.primera_prueba - DashTrackerDatabase
2025-10-08 12:29:14.200 [main] INFO  file.pruebas_iniciales.primera_prueba - DashTrackerDatabase-journal
2025-10-08 12:29:14.200 [main] INFO  file.pruebas_iniciales.primera_prueba - data_0
2025-10-08 12:29:14.200 [main] INFO  file.pruebas_iniciales.primera_prueba - data_1
2025-10-08 12:29:14.200 [main] INFO  file.pruebas_iniciales.primera_prueba - data_2
2025-10-08 12:29:14.200 [main] INFO  file.pruebas_iniciales.primera_prueba - data_3
2025-10-08 12:29:14.201 [main] INFO  file.pruebas_iniciales.primera_prueba - index
2025-10-08 12:29:14.201 [main] INFO  file.pruebas_iniciales.primera_prueba - data_0
2025-10-08 12:29:14.201 [main] INFO  file.pruebas_iniciales.primera_prueba - data_1
2025-10-08 12:29:14.201 [main] INFO  file.pruebas_iniciales.primera_prueba - data_2
2025-10-08 12:29:14.201 [main] INFO  file.pruebas_iniciales.primera_prueba - data_3
2025-10-08 12:29:14.201 [main] INFO  file.pruebas_iniciales.primera_prueba - index
2025-10-08 12:29:14.201 [main] INFO  file.pruebas_iniciales.primera_prueba - DIPS
2025-10-08 12:29:14.201 [main] INFO  file.pruebas_iniciales.primera_prueba - DIPS-wal
2025-10-08 12:29:14.201 [main] INFO  file.pruebas_iniciales.primera_prueba - LOCK
2025-10-08 12:29:14.201 [main] INFO  file.pruebas_iniciales.primera_prueba - LOG
2025-10-08 12:29:14.201 [main] INFO  file.pruebas_iniciales.primera_prueba - LOG.old
2025-10-08 12:29:14.201 [main] INFO  file.pruebas_iniciales.primera_prueba - LOCK
2025-10-08 12:29:14.201 [main] INFO  file.pruebas_iniciales.primera_prueba - LOG
2025-10-08 12:29:14.201 [main] INFO  file.pruebas_iniciales.primera_prueba - LOG.old
2025-10-08 12:29:14.201 [main] INFO  file.pruebas_iniciales.primera_prueba - LOCK
2025-10-08 12:29:14.201 [main] INFO  file.pruebas_iniciales.primera_prueba - LOG
2025-10-08 12:29:14.201 [main] INFO  file.pruebas_iniciales.primera_prueba - LOG.old
2025-10-08 12:29:14.203 [main] INFO  file.pruebas_iniciales.primera_prueba - EdgeEDropSQLite.db
2025-10-08 12:29:14.203 [main] INFO  file.pruebas_iniciales.primera_prueba - EdgeEDropSQLite.db-journal
2025-10-08 12:29:14.203 [main] INFO  file.pruebas_iniciales.primera_prueba - 000003.log
2025-10-08 12:29:14.203 [main] INFO  file.pruebas_iniciales.primera_prueba - CURRENT
2025-10-08 12:29:14.203 [main] INFO  file.pruebas_iniciales.primera_prueba - LOCK
2025-10-08 12:29:14.203 [main] INFO  file.pruebas_iniciales.primera_prueba - LOG
2025-10-08 12:29:14.203 [main] INFO  file.pruebas_iniciales.primera_prueba - MANIFEST-000001
2025-10-08 12:29:14.203 [main] INFO  file.pruebas_iniciales.primera_prueba - 000003.log
2025-10-08 12:29:14.203 [main] INFO  file.pruebas_iniciales.primera_prueba - CURRENT
2025-10-08 12:29:14.204 [main] INFO  file.pruebas_iniciales.primera_prueba - LOCK
2025-10-08 12:29:14.204 [main] INFO  file.pruebas_iniciales.primera_prueba - LOG
2025-10-08 12:29:14.204 [main] INFO  file.pruebas_iniciales.primera_prueba - MANIFEST-000001
2025-10-08 12:29:14.204 [main] INFO  file.pruebas_iniciales.primera_prueba - 000003.log
2025-10-08 12:29:14.204 [main] INFO  file.pruebas_iniciales.primera_prueba - CURRENT
2025-10-08 12:29:14.204 [main] INFO  file.pruebas_iniciales.primera_prueba - LOCK
2025-10-08 12:29:14.204 [main] INFO  file.pruebas_iniciales.primera_prueba - LOG
2025-10-08 12:29:14.204 [main] INFO  file.pruebas_iniciales.primera_prueba - LOG.old
2025-10-08 12:29:14.204 [main] INFO  file.pruebas_iniciales.primera_prueba - MANIFEST-000001
2025-10-08 12:29:14.204 [main] INFO  file.pruebas_iniciales.primera_prueba - ExtensionActivityComp
2025-10-08 12:29:14.204 [main] INFO  file.pruebas_iniciales.primera_prueba - ExtensionActivityComp-journal
2025-10-08 12:29:14.204 [main] INFO  file.pruebas_iniciales.primera_prueba - ExtensionActivityEdge
2025-10-08 12:29:14.204 [main] INFO  file.pruebas_iniciales.primera_prueba - ExtensionActivityEdge-journal
2025-10-08 12:29:14.204 [main] INFO  file.pruebas_iniciales.primera_prueba - Favicons
2025-10-08 12:29:14.204 [main] INFO  file.pruebas_iniciales.primera_prueba - Favicons-journal
2025-10-08 12:29:14.204 [main] INFO  file.pruebas_iniciales.primera_prueba - favorites_diagnostic.log
2025-10-08 12:29:14.205 [main] INFO  file.pruebas_iniciales.primera_prueba - LOCK
2025-10-08 12:29:14.205 [main] INFO  file.pruebas_iniciales.primera_prueba - LOG
2025-10-08 12:29:14.205 [main] INFO  file.pruebas_iniciales.primera_prueba - LOG.old
2025-10-08 12:29:14.205 [main] INFO  file.pruebas_iniciales.primera_prueba - LOCK
2025-10-08 12:29:14.205 [main] INFO  file.pruebas_iniciales.primera_prueba - LOG
2025-10-08 12:29:14.205 [main] INFO  file.pruebas_iniciales.primera_prueba - LOG.old
2025-10-08 12:29:14.205 [main] INFO  file.pruebas_iniciales.primera_prueba - data_0
2025-10-08 12:29:14.205 [main] INFO  file.pruebas_iniciales.primera_prueba - data_1
2025-10-08 12:29:14.205 [main] INFO  file.pruebas_iniciales.primera_prueba - data_2
2025-10-08 12:29:14.205 [main] INFO  file.pruebas_iniciales.primera_prueba - data_3
2025-10-08 12:29:14.205 [main] INFO  file.pruebas_iniciales.primera_prueba - index
2025-10-08 12:29:14.205 [main] INFO  file.pruebas_iniciales.primera_prueba - heavy_ad_intervention_opt_out.db
2025-10-08 12:29:14.205 [main] INFO  file.pruebas_iniciales.primera_prueba - heavy_ad_intervention_opt_out.db-journal
2025-10-08 12:29:14.205 [main] INFO  file.pruebas_iniciales.primera_prueba - History
2025-10-08 12:29:14.205 [main] INFO  file.pruebas_iniciales.primera_prueba - History-journal
2025-10-08 12:29:14.206 [main] INFO  file.pruebas_iniciales.primera_prueba - 000003.log
2025-10-08 12:29:14.206 [main] INFO  file.pruebas_iniciales.primera_prueba - CURRENT
2025-10-08 12:29:14.206 [main] INFO  file.pruebas_iniciales.primera_prueba - LOCK
2025-10-08 12:29:14.206 [main] INFO  file.pruebas_iniciales.primera_prueba - LOG
2025-10-08 12:29:14.206 [main] INFO  file.pruebas_iniciales.primera_prueba - LOG.old
2025-10-08 12:29:14.206 [main] INFO  file.pruebas_iniciales.primera_prueba - MANIFEST-000001
2025-10-08 12:29:14.206 [main] INFO  file.pruebas_iniciales.primera_prueba - LOCK
2025-10-08 12:29:14.206 [main] INFO  file.pruebas_iniciales.primera_prueba - LOG
2025-10-08 12:29:14.206 [main] INFO  file.pruebas_iniciales.primera_prueba - LOG.old
2025-10-08 12:29:14.206 [main] INFO  file.pruebas_iniciales.primera_prueba - Login Data
2025-10-08 12:29:14.206 [main] INFO  file.pruebas_iniciales.primera_prueba - Login Data For Account
2025-10-08 12:29:14.206 [main] INFO  file.pruebas_iniciales.primera_prueba - Login Data For Account-journal
2025-10-08 12:29:14.206 [main] INFO  file.pruebas_iniciales.primera_prueba - Login Data-journal
2025-10-08 12:29:14.206 [main] INFO  file.pruebas_iniciales.primera_prueba - Cookies
2025-10-08 12:29:14.206 [main] INFO  file.pruebas_iniciales.primera_prueba - Cookies-journal
2025-10-08 12:29:14.206 [main] INFO  file.pruebas_iniciales.primera_prueba - Network Persistent State
2025-10-08 12:29:14.207 [main] INFO  file.pruebas_iniciales.primera_prueba - NetworkDataMigrated
2025-10-08 12:29:14.207 [main] INFO  file.pruebas_iniciales.primera_prueba - Reporting and NEL
2025-10-08 12:29:14.207 [main] INFO  file.pruebas_iniciales.primera_prueba - Reporting and NEL-journal
2025-10-08 12:29:14.207 [main] INFO  file.pruebas_iniciales.primera_prueba - SCT Auditing Pending Reports
2025-10-08 12:29:14.207 [main] INFO  file.pruebas_iniciales.primera_prueba - Sdch Dictionaries
2025-10-08 12:29:14.207 [main] INFO  file.pruebas_iniciales.primera_prueba - Trust Tokens
2025-10-08 12:29:14.207 [main] INFO  file.pruebas_iniciales.primera_prueba - Trust Tokens-journal
2025-10-08 12:29:14.207 [main] INFO  file.pruebas_iniciales.primera_prueba - Network Action Predictor
2025-10-08 12:29:14.207 [main] INFO  file.pruebas_iniciales.primera_prueba - Network Action Predictor-journal
2025-10-08 12:29:14.207 [main] INFO  file.pruebas_iniciales.primera_prueba - LOCK
2025-10-08 12:29:14.207 [main] INFO  file.pruebas_iniciales.primera_prueba - LOG
2025-10-08 12:29:14.207 [main] INFO  file.pruebas_iniciales.primera_prueba - LOG.old
2025-10-08 12:29:14.207 [main] INFO  file.pruebas_iniciales.primera_prueba - LOCK
2025-10-08 12:29:14.207 [main] INFO  file.pruebas_iniciales.primera_prueba - LOG
2025-10-08 12:29:14.207 [main] INFO  file.pruebas_iniciales.primera_prueba - LOG.old
2025-10-08 12:29:14.208 [main] INFO  file.pruebas_iniciales.primera_prueba - LOCK
2025-10-08 12:29:14.208 [main] INFO  file.pruebas_iniciales.primera_prueba - LOG
2025-10-08 12:29:14.208 [main] INFO  file.pruebas_iniciales.primera_prueba - LOG.old
2025-10-08 12:29:14.208 [main] INFO  file.pruebas_iniciales.primera_prueba - Preferences
2025-10-08 12:29:14.208 [main] INFO  file.pruebas_iniciales.primera_prueba - PreferredApps
2025-10-08 12:29:14.208 [main] INFO  file.pruebas_iniciales.primera_prueba - README
2025-10-08 12:29:14.208 [main] INFO  file.pruebas_iniciales.primera_prueba - NetworkDataMigrated
2025-10-08 12:29:14.208 [main] INFO  file.pruebas_iniciales.primera_prueba - Safe Browsing Cookies
2025-10-08 12:29:14.208 [main] INFO  file.pruebas_iniciales.primera_prueba - Safe Browsing Cookies-journal
2025-10-08 12:29:14.208 [main] INFO  file.pruebas_iniciales.primera_prueba - Secure Preferences
2025-10-08 12:29:14.208 [main] INFO  file.pruebas_iniciales.primera_prueba - ServerCertificate
2025-10-08 12:29:14.208 [main] INFO  file.pruebas_iniciales.primera_prueba - ServerCertificate-journal
2025-10-08 12:29:14.208 [main] INFO  file.pruebas_iniciales.primera_prueba - 000003.log
2025-10-08 12:29:14.208 [main] INFO  file.pruebas_iniciales.primera_prueba - CURRENT
2025-10-08 12:29:14.208 [main] INFO  file.pruebas_iniciales.primera_prueba - LOCK
2025-10-08 12:29:14.208 [main] INFO  file.pruebas_iniciales.primera_prueba - LOG
2025-10-08 12:29:14.208 [main] INFO  file.pruebas_iniciales.primera_prueba - LOG.old
2025-10-08 12:29:14.209 [main] INFO  file.pruebas_iniciales.primera_prueba - MANIFEST-000001
2025-10-08 12:29:14.209 [main] INFO  file.pruebas_iniciales.primera_prueba - index
2025-10-08 12:29:14.209 [main] INFO  file.pruebas_iniciales.primera_prueba - the-real-index
2025-10-08 12:29:14.209 [main] INFO  file.pruebas_iniciales.primera_prueba - db
2025-10-08 12:29:14.210 [main] INFO  file.pruebas_iniciales.primera_prueba - db-journal
2025-10-08 12:29:14.210 [main] INFO  file.pruebas_iniciales.primera_prueba - SharedStorage
2025-10-08 12:29:14.210 [main] INFO  file.pruebas_iniciales.primera_prueba - SharedStorage-wal
2025-10-08 12:29:14.210 [main] INFO  file.pruebas_iniciales.primera_prueba - 000003.log
2025-10-08 12:29:14.210 [main] INFO  file.pruebas_iniciales.primera_prueba - CURRENT
2025-10-08 12:29:14.210 [main] INFO  file.pruebas_iniciales.primera_prueba - LOCK
2025-10-08 12:29:14.210 [main] INFO  file.pruebas_iniciales.primera_prueba - LOG
2025-10-08 12:29:14.210 [main] INFO  file.pruebas_iniciales.primera_prueba - LOG.old
2025-10-08 12:29:14.210 [main] INFO  file.pruebas_iniciales.primera_prueba - MANIFEST-000001
2025-10-08 12:29:14.210 [main] INFO  file.pruebas_iniciales.primera_prueba - 000003.log
2025-10-08 12:29:14.210 [main] INFO  file.pruebas_iniciales.primera_prueba - CURRENT
2025-10-08 12:29:14.211 [main] INFO  file.pruebas_iniciales.primera_prueba - LOCK
2025-10-08 12:29:14.211 [main] INFO  file.pruebas_iniciales.primera_prueba - LOG
2025-10-08 12:29:14.211 [main] INFO  file.pruebas_iniciales.primera_prueba - LOG.old
2025-10-08 12:29:14.211 [main] INFO  file.pruebas_iniciales.primera_prueba - MANIFEST-000001
2025-10-08 12:29:14.211 [main] INFO  file.pruebas_iniciales.primera_prueba - 000003.log
2025-10-08 12:29:14.211 [main] INFO  file.pruebas_iniciales.primera_prueba - CURRENT
2025-10-08 12:29:14.211 [main] INFO  file.pruebas_iniciales.primera_prueba - LOCK
2025-10-08 12:29:14.211 [main] INFO  file.pruebas_iniciales.primera_prueba - LOG
2025-10-08 12:29:14.211 [main] INFO  file.pruebas_iniciales.primera_prueba - LOG.old
2025-10-08 12:29:14.211 [main] INFO  file.pruebas_iniciales.primera_prueba - MANIFEST-000001
2025-10-08 12:29:14.211 [main] INFO  file.pruebas_iniciales.primera_prueba - 000003.log
2025-10-08 12:29:14.211 [main] INFO  file.pruebas_iniciales.primera_prueba - CURRENT
2025-10-08 12:29:14.211 [main] INFO  file.pruebas_iniciales.primera_prueba - LOCK
2025-10-08 12:29:14.211 [main] INFO  file.pruebas_iniciales.primera_prueba - LOG
2025-10-08 12:29:14.211 [main] INFO  file.pruebas_iniciales.primera_prueba - LOG.old
2025-10-08 12:29:14.211 [main] INFO  file.pruebas_iniciales.primera_prueba - MANIFEST-000001
2025-10-08 12:29:14.212 [main] INFO  file.pruebas_iniciales.primera_prueba - Top Sites
2025-10-08 12:29:14.212 [main] INFO  file.pruebas_iniciales.primera_prueba - Top Sites-journal
2025-10-08 12:29:14.212 [main] INFO  file.pruebas_iniciales.primera_prueba - Vpn Tokens
2025-10-08 12:29:14.212 [main] INFO  file.pruebas_iniciales.primera_prueba - Vpn Tokens-journal
2025-10-08 12:29:14.212 [main] INFO  file.pruebas_iniciales.primera_prueba - Web Data
2025-10-08 12:29:14.212 [main] INFO  file.pruebas_iniciales.primera_prueba - Web Data-journal
2025-10-08 12:29:14.212 [main] INFO  file.pruebas_iniciales.primera_prueba - domain_actions.dll
2025-10-08 12:29:14.212 [main] INFO  file.pruebas_iniciales.primera_prueba - manifest.json
2025-10-08 12:29:14.212 [main] INFO  file.pruebas_iniciales.primera_prueba - metadata.json
2025-10-08 12:29:14.212 [main] INFO  file.pruebas_iniciales.primera_prueba - data_0
2025-10-08 12:29:14.212 [main] INFO  file.pruebas_iniciales.primera_prueba - data_1
2025-10-08 12:29:14.212 [main] INFO  file.pruebas_iniciales.primera_prueba - data_2
2025-10-08 12:29:14.212 [main] INFO  file.pruebas_iniciales.primera_prueba - data_3
2025-10-08 12:29:14.212 [main] INFO  file.pruebas_iniciales.primera_prueba - index
2025-10-08 12:29:14.213 [main] INFO  file.pruebas_iniciales.primera_prueba - data_0
2025-10-08 12:29:14.213 [main] INFO  file.pruebas_iniciales.primera_prueba - data_1
2025-10-08 12:29:14.213 [main] INFO  file.pruebas_iniciales.primera_prueba - data_2
2025-10-08 12:29:14.213 [main] INFO  file.pruebas_iniciales.primera_prueba - data_3
2025-10-08 12:29:14.213 [main] INFO  file.pruebas_iniciales.primera_prueba - index
2025-10-08 12:29:14.213 [main] INFO  file.pruebas_iniciales.primera_prueba - hyph-af.hyb
2025-10-08 12:29:14.213 [main] INFO  file.pruebas_iniciales.primera_prueba - hyph-as.hyb
2025-10-08 12:29:14.213 [main] INFO  file.pruebas_iniciales.primera_prueba - hyph-be.hyb
2025-10-08 12:29:14.214 [main] INFO  file.pruebas_iniciales.primera_prueba - hyph-bg.hyb
2025-10-08 12:29:14.214 [main] INFO  file.pruebas_iniciales.primera_prueba - hyph-bn.hyb
2025-10-08 12:29:14.214 [main] INFO  file.pruebas_iniciales.primera_prueba - hyph-cs.hyb
2025-10-08 12:29:14.214 [main] INFO  file.pruebas_iniciales.primera_prueba - hyph-cu.hyb
2025-10-08 12:29:14.214 [main] INFO  file.pruebas_iniciales.primera_prueba - hyph-cy.hyb
2025-10-08 12:29:14.214 [main] INFO  file.pruebas_iniciales.primera_prueba - hyph-da.hyb
2025-10-08 12:29:14.215 [main] INFO  file.pruebas_iniciales.primera_prueba - hyph-de-1901.hyb
2025-10-08 12:29:14.215 [main] INFO  file.pruebas_iniciales.primera_prueba - hyph-de-1996.hyb
2025-10-08 12:29:14.215 [main] INFO  file.pruebas_iniciales.primera_prueba - hyph-de-ch-1901.hyb
2025-10-08 12:29:14.215 [main] INFO  file.pruebas_iniciales.primera_prueba - hyph-el.hyb
2025-10-08 12:29:14.215 [main] INFO  file.pruebas_iniciales.primera_prueba - hyph-en-gb.hyb
2025-10-08 12:29:14.215 [main] INFO  file.pruebas_iniciales.primera_prueba - hyph-en-us.hyb
2025-10-08 12:29:14.215 [main] INFO  file.pruebas_iniciales.primera_prueba - hyph-es.hyb
2025-10-08 12:29:14.215 [main] INFO  file.pruebas_iniciales.primera_prueba - hyph-et.hyb
2025-10-08 12:29:14.215 [main] INFO  file.pruebas_iniciales.primera_prueba - hyph-eu.hyb
2025-10-08 12:29:14.215 [main] INFO  file.pruebas_iniciales.primera_prueba - hyph-fr.hyb
2025-10-08 12:29:14.216 [main] INFO  file.pruebas_iniciales.primera_prueba - hyph-ga.hyb
2025-10-08 12:29:14.216 [main] INFO  file.pruebas_iniciales.primera_prueba - hyph-gl.hyb
2025-10-08 12:29:14.216 [main] INFO  file.pruebas_iniciales.primera_prueba - hyph-gu.hyb
2025-10-08 12:29:14.216 [main] INFO  file.pruebas_iniciales.primera_prueba - hyph-hi.hyb
2025-10-08 12:29:14.216 [main] INFO  file.pruebas_iniciales.primera_prueba - hyph-hr.hyb
2025-10-08 12:29:14.216 [main] INFO  file.pruebas_iniciales.primera_prueba - hyph-hu.hyb
2025-10-08 12:29:14.216 [main] INFO  file.pruebas_iniciales.primera_prueba - hyph-hy.hyb
2025-10-08 12:29:14.216 [main] INFO  file.pruebas_iniciales.primera_prueba - hyph-it.hyb
2025-10-08 12:29:14.216 [main] INFO  file.pruebas_iniciales.primera_prueba - hyph-ka.hyb
2025-10-08 12:29:14.216 [main] INFO  file.pruebas_iniciales.primera_prueba - hyph-kn.hyb
2025-10-08 12:29:14.216 [main] INFO  file.pruebas_iniciales.primera_prueba - hyph-la.hyb
2025-10-08 12:29:14.216 [main] INFO  file.pruebas_iniciales.primera_prueba - hyph-lt.hyb
2025-10-08 12:29:14.216 [main] INFO  file.pruebas_iniciales.primera_prueba - hyph-lv.hyb
2025-10-08 12:29:14.216 [main] INFO  file.pruebas_iniciales.primera_prueba - hyph-ml.hyb
2025-10-08 12:29:14.217 [main] INFO  file.pruebas_iniciales.primera_prueba - hyph-mn-cyrl.hyb
2025-10-08 12:29:14.217 [main] INFO  file.pruebas_iniciales.primera_prueba - hyph-mr.hyb
2025-10-08 12:29:14.217 [main] INFO  file.pruebas_iniciales.primera_prueba - hyph-mul-ethi.hyb
2025-10-08 12:29:14.217 [main] INFO  file.pruebas_iniciales.primera_prueba - hyph-nb.hyb
2025-10-08 12:29:14.217 [main] INFO  file.pruebas_iniciales.primera_prueba - hyph-nl.hyb
2025-10-08 12:29:14.217 [main] INFO  file.pruebas_iniciales.primera_prueba - hyph-nn.hyb
2025-10-08 12:29:14.217 [main] INFO  file.pruebas_iniciales.primera_prueba - hyph-or.hyb
2025-10-08 12:29:14.217 [main] INFO  file.pruebas_iniciales.primera_prueba - hyph-pa.hyb
2025-10-08 12:29:14.217 [main] INFO  file.pruebas_iniciales.primera_prueba - hyph-pt.hyb
2025-10-08 12:29:14.217 [main] INFO  file.pruebas_iniciales.primera_prueba - hyph-ru.hyb
2025-10-08 12:29:14.217 [main] INFO  file.pruebas_iniciales.primera_prueba - hyph-sk.hyb
2025-10-08 12:29:14.217 [main] INFO  file.pruebas_iniciales.primera_prueba - hyph-sl.hyb
2025-10-08 12:29:14.217 [main] INFO  file.pruebas_iniciales.primera_prueba - hyph-sq.hyb
2025-10-08 12:29:14.218 [main] INFO  file.pruebas_iniciales.primera_prueba - hyph-sv.hyb
2025-10-08 12:29:14.218 [main] INFO  file.pruebas_iniciales.primera_prueba - hyph-ta.hyb
2025-10-08 12:29:14.218 [main] INFO  file.pruebas_iniciales.primera_prueba - hyph-te.hyb
2025-10-08 12:29:14.218 [main] INFO  file.pruebas_iniciales.primera_prueba - hyph-tk.hyb
2025-10-08 12:29:14.218 [main] INFO  file.pruebas_iniciales.primera_prueba - hyph-uk.hyb
2025-10-08 12:29:14.218 [main] INFO  file.pruebas_iniciales.primera_prueba - hyph-und-ethi.hyb
2025-10-08 12:29:14.218 [main] INFO  file.pruebas_iniciales.primera_prueba - manifest.json
2025-10-08 12:29:14.218 [main] INFO  file.pruebas_iniciales.primera_prueba - verified_contents.json
2025-10-08 12:29:14.218 [main] INFO  file.pruebas_iniciales.primera_prueba - Last Version
2025-10-08 12:29:14.218 [main] INFO  file.pruebas_iniciales.primera_prueba - Local State
2025-10-08 12:29:14.218 [main] INFO  file.pruebas_iniciales.primera_prueba - lockfile
2025-10-08 12:29:14.219 [main] INFO  file.pruebas_iniciales.primera_prueba - manifest.json
2025-10-08 12:29:14.219 [main] INFO  file.pruebas_iniciales.primera_prueba - crs.pb
2025-10-08 12:29:14.219 [main] INFO  file.pruebas_iniciales.primera_prueba - ct_config.pb
2025-10-08 12:29:14.219 [main] INFO  file.pruebas_iniciales.primera_prueba - kp_pinslist.pb
2025-10-08 12:29:14.219 [main] INFO  file.pruebas_iniciales.primera_prueba - manifest.json
2025-10-08 12:29:14.219 [main] INFO  file.pruebas_iniciales.primera_prueba - RevisitationBloomfilter
2025-10-08 12:29:14.219 [main] INFO  file.pruebas_iniciales.primera_prueba - data_0
2025-10-08 12:29:14.219 [main] INFO  file.pruebas_iniciales.primera_prueba - data_1
2025-10-08 12:29:14.219 [main] INFO  file.pruebas_iniciales.primera_prueba - data_2
2025-10-08 12:29:14.219 [main] INFO  file.pruebas_iniciales.primera_prueba - data_3
2025-10-08 12:29:14.220 [main] INFO  file.pruebas_iniciales.primera_prueba - index
2025-10-08 12:29:14.220 [main] INFO  file.pruebas_iniciales.primera_prueba - customSettings
2025-10-08 12:29:14.220 [main] INFO  file.pruebas_iniciales.primera_prueba - customSettings_F95BA787499AB4FA9EFFF472CE383A14
2025-10-08 12:29:14.220 [main] INFO  file.pruebas_iniciales.primera_prueba - edgeSettings
2025-10-08 12:29:14.220 [main] INFO  file.pruebas_iniciales.primera_prueba - edgeSettings_2.0-0
2025-10-08 12:29:14.220 [main] INFO  file.pruebas_iniciales.primera_prueba - topTraffic
2025-10-08 12:29:14.220 [main] INFO  file.pruebas_iniciales.primera_prueba - topTraffic_170540185939602997400506234197983529371
2025-10-08 12:29:14.220 [main] INFO  file.pruebas_iniciales.primera_prueba - manifest.json
2025-10-08 12:29:14.220 [main] INFO  file.pruebas_iniciales.primera_prueba - Microsoft.CognitiveServices.Speech.core.dll
2025-10-08 12:29:14.221 [main] INFO  file.pruebas_iniciales.primera_prueba - LICENSE
2025-10-08 12:29:14.221 [main] INFO  file.pruebas_iniciales.primera_prueba - Ruleset Data
2025-10-08 12:29:14.221 [main] INFO  file.pruebas_iniciales.primera_prueba - adblock_snippet.js
2025-10-08 12:29:14.221 [main] INFO  file.pruebas_iniciales.primera_prueba - Filtering Rules
2025-10-08 12:29:14.221 [main] INFO  file.pruebas_iniciales.primera_prueba - Filtering Rules-AA
2025-10-08 12:29:14.221 [main] INFO  file.pruebas_iniciales.primera_prueba - Filtering Rules-CA
2025-10-08 12:29:14.221 [main] INFO  file.pruebas_iniciales.primera_prueba - LICENSE
2025-10-08 12:29:14.221 [main] INFO  file.pruebas_iniciales.primera_prueba - manifest.json
2025-10-08 12:29:14.222 [main] INFO  file.pruebas_iniciales.primera_prueba - Part-DE
2025-10-08 12:29:14.222 [main] INFO  file.pruebas_iniciales.primera_prueba - Part-ES
2025-10-08 12:29:14.222 [main] INFO  file.pruebas_iniciales.primera_prueba - Part-FR
2025-10-08 12:29:14.222 [main] INFO  file.pruebas_iniciales.primera_prueba - Part-IT
2025-10-08 12:29:14.222 [main] INFO  file.pruebas_iniciales.primera_prueba - Part-NL
2025-10-08 12:29:14.222 [main] INFO  file.pruebas_iniciales.primera_prueba - Part-RU
2025-10-08 12:29:14.222 [main] INFO  file.pruebas_iniciales.primera_prueba - Part-ZH
2025-10-08 12:29:14.222 [main] INFO  file.pruebas_iniciales.primera_prueba - keys.json
2025-10-08 12:29:14.223 [main] INFO  file.pruebas_iniciales.primera_prueba - LICENSE
2025-10-08 12:29:14.223 [main] INFO  file.pruebas_iniciales.primera_prueba - manifest.json
2025-10-08 12:29:14.223 [main] INFO  file.pruebas_iniciales.primera_prueba - verified_contents.json
2025-10-08 12:29:14.223 [main] INFO  file.pruebas_iniciales.primera_prueba - Variations
2025-10-08 12:29:14.223 [main] INFO  file.pruebas_iniciales.primera_prueba - english_wikipedia.txt
2025-10-08 12:29:14.223 [main] INFO  file.pruebas_iniciales.primera_prueba - female_names.txt
2025-10-08 12:29:14.223 [main] INFO  file.pruebas_iniciales.primera_prueba - male_names.txt
2025-10-08 12:29:14.223 [main] INFO  file.pruebas_iniciales.primera_prueba - manifest.json
2025-10-08 12:29:14.223 [main] INFO  file.pruebas_iniciales.primera_prueba - passwords.txt
2025-10-08 12:29:14.223 [main] INFO  file.pruebas_iniciales.primera_prueba - ranked_dicts
2025-10-08 12:29:14.223 [main] INFO  file.pruebas_iniciales.primera_prueba - surnames.txt
2025-10-08 12:29:14.223 [main] INFO  file.pruebas_iniciales.primera_prueba - test.txt
2025-10-08 12:29:14.223 [main] INFO  file.pruebas_iniciales.primera_prueba - us_tv_and_film.txt
2025-10-08 12:29:14.223 [main] INFO  file.pruebas_iniciales.primera_prueba - dialog_settings.xml
2025-10-08 12:29:14.224 [main] INFO  file.pruebas_iniciales.primera_prueba - data.properties
2025-10-08 12:29:14.224 [main] INFO  file.pruebas_iniciales.primera_prueba - dialog_settings.xml
2025-10-08 12:29:14.224 [main] INFO  file.pruebas_iniciales.primera_prueba - dialog_settings.xml
2025-10-08 12:29:14.225 [main] INFO  file.pruebas_iniciales.primera_prueba - dialog_settings.xml
2025-10-08 12:29:14.225 [main] INFO  file.pruebas_iniciales.primera_prueba - workingsets.xml
2025-10-08 12:29:14.225 [main] INFO  file.pruebas_iniciales.primera_prueba - system-catalog.xml
2025-10-08 12:29:14.225 [main] INFO  file.pruebas_iniciales.primera_prueba - task-tags.properties
2025-10-08 12:29:14.226 [main] INFO  file.pruebas_iniciales.primera_prueba - version.ini
2025-10-08 12:29:14.226 [main] INFO  file.pruebas_iniciales.primera_prueba - desktop.ini
2025-10-08 12:29:14.226 [main] INFO  file.pruebas_iniciales.primera_prueba - hola.txt
2025-10-08 12:29:14.226 [main] INFO  file.pruebas_iniciales.primera_prueba - COMMIT_EDITMSG
2025-10-08 12:29:14.226 [main] INFO  file.pruebas_iniciales.primera_prueba - config
2025-10-08 12:29:14.226 [main] INFO  file.pruebas_iniciales.primera_prueba - description
2025-10-08 12:29:14.226 [main] INFO  file.pruebas_iniciales.primera_prueba - HEAD
2025-10-08 12:29:14.227 [main] INFO  file.pruebas_iniciales.primera_prueba - applypatch-msg.sample
2025-10-08 12:29:14.227 [main] INFO  file.pruebas_iniciales.primera_prueba - commit-msg.sample
2025-10-08 12:29:14.227 [main] INFO  file.pruebas_iniciales.primera_prueba - fsmonitor-watchman.sample
2025-10-08 12:29:14.227 [main] INFO  file.pruebas_iniciales.primera_prueba - post-update.sample
2025-10-08 12:29:14.227 [main] INFO  file.pruebas_iniciales.primera_prueba - pre-applypatch.sample
2025-10-08 12:29:14.227 [main] INFO  file.pruebas_iniciales.primera_prueba - pre-commit.sample
2025-10-08 12:29:14.228 [main] INFO  file.pruebas_iniciales.primera_prueba - pre-merge-commit.sample
2025-10-08 12:29:14.228 [main] INFO  file.pruebas_iniciales.primera_prueba - pre-push.sample
2025-10-08 12:29:14.228 [main] INFO  file.pruebas_iniciales.primera_prueba - pre-rebase.sample
2025-10-08 12:29:14.228 [main] INFO  file.pruebas_iniciales.primera_prueba - pre-receive.sample
2025-10-08 12:29:14.228 [main] INFO  file.pruebas_iniciales.primera_prueba - prepare-commit-msg.sample
2025-10-08 12:29:14.228 [main] INFO  file.pruebas_iniciales.primera_prueba - push-to-checkout.sample
2025-10-08 12:29:14.228 [main] INFO  file.pruebas_iniciales.primera_prueba - sendemail-validate.sample
2025-10-08 12:29:14.228 [main] INFO  file.pruebas_iniciales.primera_prueba - update.sample
2025-10-08 12:29:14.228 [main] INFO  file.pruebas_iniciales.primera_prueba - index
2025-10-08 12:29:14.228 [main] INFO  file.pruebas_iniciales.primera_prueba - exclude
2025-10-08 12:29:14.228 [main] INFO  file.pruebas_iniciales.primera_prueba - HEAD
2025-10-08 12:29:14.229 [main] INFO  file.pruebas_iniciales.primera_prueba - main
2025-10-08 12:29:14.229 [main] INFO  file.pruebas_iniciales.primera_prueba - main
2025-10-08 12:29:14.229 [main] INFO  file.pruebas_iniciales.primera_prueba - 5d7cb9d40bb4f59adec83ec45dd068163a95a4
2025-10-08 12:29:14.230 [main] INFO  file.pruebas_iniciales.primera_prueba - 7acda4a5bfb60d28c9dd4e35322b0d78159777
2025-10-08 12:29:14.230 [main] INFO  file.pruebas_iniciales.primera_prueba - a0c32ea49d5754021967316999c83d1ed687f9
2025-10-08 12:29:14.230 [main] INFO  file.pruebas_iniciales.primera_prueba - a52fe83b4ba27b70706a5771a47ec5c293a8a1
2025-10-08 12:29:14.230 [main] INFO  file.pruebas_iniciales.primera_prueba - 745aa9bcd5bdbcf6e8f3155ca39a3da668b9b5
2025-10-08 12:29:14.230 [main] INFO  file.pruebas_iniciales.primera_prueba - ee104812436b3a86c6a509e6a3ac222bc226bd
2025-10-08 12:29:14.230 [main] INFO  file.pruebas_iniciales.primera_prueba - f134f0f904f26ec836c22bc4a0b2cafe6c86b8
2025-10-08 12:29:14.231 [main] INFO  file.pruebas_iniciales.primera_prueba - f39bab845646301b174184e1119db0c37dafab
2025-10-08 12:29:14.231 [main] INFO  file.pruebas_iniciales.primera_prueba - 67dae65da41cd0c50d2f337b4768a43a66c079
2025-10-08 12:29:14.231 [main] INFO  file.pruebas_iniciales.primera_prueba - 74f281191c63d6e5ba9aaa9223901b7cf86810
2025-10-08 12:29:14.231 [main] INFO  file.pruebas_iniciales.primera_prueba - d27cbdf091d320d2120cba87e8209e0a599c91
2025-10-08 12:29:14.231 [main] INFO  file.pruebas_iniciales.primera_prueba - ed271d9df9988d9d33adc33402a0ab656b0b0e
2025-10-08 12:29:14.233 [main] INFO  file.pruebas_iniciales.primera_prueba - 50dc6a6aef54ce3e7513fcb80baecf0b8701ba
2025-10-08 12:29:14.233 [main] INFO  file.pruebas_iniciales.primera_prueba - 87ca950f4429d11282bf91e592a41ac0fc0ac3
2025-10-08 12:29:14.233 [main] INFO  file.pruebas_iniciales.primera_prueba - 9ddce3dd758272ce9141e013d6865c2e1c8143
2025-10-08 12:29:14.233 [main] INFO  file.pruebas_iniciales.primera_prueba - c24343d53225c234e65dd458a3e689e464366d
2025-10-08 12:29:14.233 [main] INFO  file.pruebas_iniciales.primera_prueba - cad8cb752a9761c4e5167d0301d3a27674430f
2025-10-08 12:29:14.233 [main] INFO  file.pruebas_iniciales.primera_prueba - d0a4d7ab5c0a01fb606a5c32b8a4a02aa28e94
2025-10-08 12:29:14.234 [main] INFO  file.pruebas_iniciales.primera_prueba - 0c1d1d9d2db4df2a7db640be73bf4185c51bda
2025-10-08 12:29:14.234 [main] INFO  file.pruebas_iniciales.primera_prueba - 5c60b4ab1d31f313876fce3dec30f0551af3c1
2025-10-08 12:29:14.234 [main] INFO  file.pruebas_iniciales.primera_prueba - 6eb303d6fcd74fe0b922a75798fea4f9a9b392
2025-10-08 12:29:14.234 [main] INFO  file.pruebas_iniciales.primera_prueba - 9f3e9b5e57b0a47e55b3bb39499a411775d98a
2025-10-08 12:29:14.235 [main] INFO  file.pruebas_iniciales.primera_prueba - a67d8e593b8f0e208c0c005b7379e9203e0763
2025-10-08 12:29:14.235 [main] INFO  file.pruebas_iniciales.primera_prueba - bd71b6ec2c1982d1e8a5653073281994564ae8
2025-10-08 12:29:14.235 [main] INFO  file.pruebas_iniciales.primera_prueba - c8218a37899a74216a1e9df8be69a6d4497187
2025-10-08 12:29:14.235 [main] INFO  file.pruebas_iniciales.primera_prueba - cbf3dc911aa02210344d8c6b6875915c8a6c3b
2025-10-08 12:29:14.235 [main] INFO  file.pruebas_iniciales.primera_prueba - cf0f8e257004216a3ace4c81f36eb05a132980
2025-10-08 12:29:14.235 [main] INFO  file.pruebas_iniciales.primera_prueba - f3498d428710a777722c5356d7743c4a525696
2025-10-08 12:29:14.236 [main] INFO  file.pruebas_iniciales.primera_prueba - 01bf5a9d509e1a0946ad3cfdd854404e265b49
2025-10-08 12:29:14.236 [main] INFO  file.pruebas_iniciales.primera_prueba - 191eb2f1484d7217ffee403d9bf5d817ee31f1
2025-10-08 12:29:14.236 [main] INFO  file.pruebas_iniciales.primera_prueba - 23bd2d1838662ae65d4bf3933f7686fec96b16
2025-10-08 12:29:14.236 [main] INFO  file.pruebas_iniciales.primera_prueba - 3f9f82a31c8ea402fecf51e7bcb699e105bd16
2025-10-08 12:29:14.237 [main] INFO  file.pruebas_iniciales.primera_prueba - 42586a64c1ce238adceede0af9651918afd110
2025-10-08 12:29:14.237 [main] INFO  file.pruebas_iniciales.primera_prueba - 6ff0ad857942d612146ee7e0091c0ad48c0bc0
2025-10-08 12:29:14.237 [main] INFO  file.pruebas_iniciales.primera_prueba - 77f6f79098e1e7f3d7ea76d4b0fa5083cf62fb
2025-10-08 12:29:14.237 [main] INFO  file.pruebas_iniciales.primera_prueba - f65bf36648728b57e26d24973409bcac4fca06
2025-10-08 12:29:14.238 [main] INFO  file.pruebas_iniciales.primera_prueba - 4018792c354ece768bd9ce3a5e95e8ae882e5d
2025-10-08 12:29:14.238 [main] INFO  file.pruebas_iniciales.primera_prueba - 743a425d99b0070a9b31a00945f13e31ba3051
2025-10-08 12:29:14.238 [main] INFO  file.pruebas_iniciales.primera_prueba - 8564aa2d18955dbc561c2e1102726016ee7b9c
2025-10-08 12:29:14.238 [main] INFO  file.pruebas_iniciales.primera_prueba - ba7fb8e01065c16fb30a6ca15266d2f9c86ef6
2025-10-08 12:29:14.238 [main] INFO  file.pruebas_iniciales.primera_prueba - ee6fc5a52065b00ca2f0051f60f7579f30d866
2025-10-08 12:29:14.238 [main] INFO  file.pruebas_iniciales.primera_prueba - 076f236aa4ff36c64d28b14f96c86da910bf7d
2025-10-08 12:29:14.238 [main] INFO  file.pruebas_iniciales.primera_prueba - 5906d8a7ed544d06d490fa62e65fc0a3b1dc65
2025-10-08 12:29:14.239 [main] INFO  file.pruebas_iniciales.primera_prueba - 9c11bf54d622e758643538495ed9e98302bb98
2025-10-08 12:29:14.239 [main] INFO  file.pruebas_iniciales.primera_prueba - a5ee90c1323feeb2b053d55bc7af4c23a5cc13
2025-10-08 12:29:14.239 [main] INFO  file.pruebas_iniciales.primera_prueba - eb6f88dde7f11b27f49c235fdadd5247d863c5
2025-10-08 12:29:14.239 [main] INFO  file.pruebas_iniciales.primera_prueba - 12f9066315f2bb44e4612213279a880fe4a5a4
2025-10-08 12:29:14.239 [main] INFO  file.pruebas_iniciales.primera_prueba - 734e04c590305a249d9637b9884cd9496f08f9
2025-10-08 12:29:14.240 [main] INFO  file.pruebas_iniciales.primera_prueba - ab5cc38169ae381b42cc09f2569cd3507bee61
2025-10-08 12:29:14.240 [main] INFO  file.pruebas_iniciales.primera_prueba - baba49553fce489772c50644595612dff26d57
2025-10-08 12:29:14.240 [main] INFO  file.pruebas_iniciales.primera_prueba - c504c1b096fb45207754af4572b1cfc42506f1
2025-10-08 12:29:14.240 [main] INFO  file.pruebas_iniciales.primera_prueba - eff7a2824ce85a54390df594aaecc0587eb9f5
2025-10-08 12:29:14.240 [main] INFO  file.pruebas_iniciales.primera_prueba - 40979e6b2c060f4c37ec6850c387212af7b434
2025-10-08 12:29:14.241 [main] INFO  file.pruebas_iniciales.primera_prueba - 2eece7588db63427e5e8373182baef15ff527e
2025-10-08 12:29:14.241 [main] INFO  file.pruebas_iniciales.primera_prueba - 72f439ed1201210e6f89f42459b65870e50d08
2025-10-08 12:29:14.241 [main] INFO  file.pruebas_iniciales.primera_prueba - c95bc3c924d1cc9088694a05884e0debe82ced
2025-10-08 12:29:14.241 [main] INFO  file.pruebas_iniciales.primera_prueba - 658655018fed173a02eecb405849a951f8157f
2025-10-08 12:29:14.241 [main] INFO  file.pruebas_iniciales.primera_prueba - 700be23b2931334f8c9aae58abc1f68bcaedbb
2025-10-08 12:29:14.241 [main] INFO  file.pruebas_iniciales.primera_prueba - 96a0f205027adca370d4f0c8cdb98f87b1d906
2025-10-08 12:29:14.242 [main] INFO  file.pruebas_iniciales.primera_prueba - 9f05df7b198d7db8835ccc6c7029ea2b87da6e
2025-10-08 12:29:14.242 [main] INFO  file.pruebas_iniciales.primera_prueba - 1ff8ffc63f27fb55a17e4464e717868d535dae
2025-10-08 12:29:14.242 [main] INFO  file.pruebas_iniciales.primera_prueba - 2e4d172e5d9e38e64a002f76c91bf6f450bd3f
2025-10-08 12:29:14.242 [main] INFO  file.pruebas_iniciales.primera_prueba - 3e2bf1a3eaf3be6aaef451bf79bf75f61b9999
2025-10-08 12:29:14.242 [main] INFO  file.pruebas_iniciales.primera_prueba - 4cfb4052b2557010bce721a71abaa88c1e97c3
2025-10-08 12:29:14.242 [main] INFO  file.pruebas_iniciales.primera_prueba - 59754fc4adb2e15c50f5f6a6ff2e509e6af170
2025-10-08 12:29:14.243 [main] INFO  file.pruebas_iniciales.primera_prueba - f4a3a94a1cbeca0c79f5432712c2d0ba4adcc1
2025-10-08 12:29:14.243 [main] INFO  file.pruebas_iniciales.primera_prueba - 25f62f9cb1fb7e0f61fc5889972828438f0e49
2025-10-08 12:29:14.243 [main] INFO  file.pruebas_iniciales.primera_prueba - 29f8bcaecdfef540dc746b818f367ae7fdab34
2025-10-08 12:29:14.243 [main] INFO  file.pruebas_iniciales.primera_prueba - 32d3d9cf4005dfb999b2f05d955881d40c0ec2
2025-10-08 12:29:14.243 [main] INFO  file.pruebas_iniciales.primera_prueba - 353522bab443417ce33909e6bfb1aa570ed3b1
2025-10-08 12:29:14.243 [main] INFO  file.pruebas_iniciales.primera_prueba - 4bfee360914dcb200dbe73646c179796774218
2025-10-08 12:29:14.244 [main] INFO  file.pruebas_iniciales.primera_prueba - 5b22b1643354f3388c0c884db97bdf11cf9a68
2025-10-08 12:29:14.244 [main] INFO  file.pruebas_iniciales.primera_prueba - 5e9209b8a0b6ecc9453fcfca3d9a55b918ed3e
2025-10-08 12:29:14.244 [main] INFO  file.pruebas_iniciales.primera_prueba - 9f597f8aca8aa64777d2cb86ff40fca5eacc77
2025-10-08 12:29:14.244 [main] INFO  file.pruebas_iniciales.primera_prueba - b2643e52a86be7921977e4957ed553957691ce
2025-10-08 12:29:14.244 [main] INFO  file.pruebas_iniciales.primera_prueba - b27dc18e43290fc11213981e09eee013a60f60
2025-10-08 12:29:14.244 [main] INFO  file.pruebas_iniciales.primera_prueba - f6ea6e91bfe197ac721247449c9698fff69845
2025-10-08 12:29:14.245 [main] INFO  file.pruebas_iniciales.primera_prueba - 11aa8816ebf10a1b58361ef1976485029e0237
2025-10-08 12:29:14.245 [main] INFO  file.pruebas_iniciales.primera_prueba - 6f6a7651742888f8fab41052ab2787920558f1
2025-10-08 12:29:14.245 [main] INFO  file.pruebas_iniciales.primera_prueba - 85659af1630dc7a3b438d076eac6cd27176a8e
2025-10-08 12:29:14.245 [main] INFO  file.pruebas_iniciales.primera_prueba - c7dd01c25d00b868147df5bf279ae090a1de19
2025-10-08 12:29:14.245 [main] INFO  file.pruebas_iniciales.primera_prueba - 88fdf2d658219ac4c35bb37e8fb3c2230aa655
2025-10-08 12:29:14.245 [main] INFO  file.pruebas_iniciales.primera_prueba - 9152912b16d93e27bc5575c8544c93fd841382
2025-10-08 12:29:14.246 [main] INFO  file.pruebas_iniciales.primera_prueba - ce19940cff8cc2201923eb17d818cc45be6ec0
2025-10-08 12:29:14.246 [main] INFO  file.pruebas_iniciales.primera_prueba - f352f17410ee0323e540361ebcd4dcfa52445c
2025-10-08 12:29:14.246 [main] INFO  file.pruebas_iniciales.primera_prueba - 760e163b382e8de8bf47c3d2e9268686689588
2025-10-08 12:29:14.246 [main] INFO  file.pruebas_iniciales.primera_prueba - 8fa4c7bb35cb251f9d7dcb54e4af5f8187cba1
2025-10-08 12:29:14.246 [main] INFO  file.pruebas_iniciales.primera_prueba - af87f953a82aeccb747b0af8059c3e5876c34a
2025-10-08 12:29:14.246 [main] INFO  file.pruebas_iniciales.primera_prueba - c3b5174a216b8f7c4d6711612f8cf791ffbf12
2025-10-08 12:29:14.247 [main] INFO  file.pruebas_iniciales.primera_prueba - 37f3c130edfd7f36e03987526ede7cb5d8d3d9
2025-10-08 12:29:14.247 [main] INFO  file.pruebas_iniciales.primera_prueba - 3c11ff3b1a29f2578c3c2b6a8d15f58e5b0e1b
2025-10-08 12:29:14.247 [main] INFO  file.pruebas_iniciales.primera_prueba - 9e57f6e02d41fff6a2dce808502279bb02629c
2025-10-08 12:29:14.247 [main] INFO  file.pruebas_iniciales.primera_prueba - e440eeadb941f91e83f85b7b60fe548b40dfa1
2025-10-08 12:29:14.247 [main] INFO  file.pruebas_iniciales.primera_prueba - 09681e02dfedbb50358f7e399fd09371058c3b
2025-10-08 12:29:14.248 [main] INFO  file.pruebas_iniciales.primera_prueba - 43328c459465fef5c093b2bf5da6e1a2d65fc7
2025-10-08 12:29:14.248 [main] INFO  file.pruebas_iniciales.primera_prueba - c5af3d832f2587b901c23aa96865a4004738ce
2025-10-08 12:29:14.248 [main] INFO  file.pruebas_iniciales.primera_prueba - 4f31fa958b48cef1f8b0ea0518fdf6c5cfcab5
2025-10-08 12:29:14.248 [main] INFO  file.pruebas_iniciales.primera_prueba - 56b7b6287f66418f1a6b4232bbad3ac2993e64
2025-10-08 12:29:14.248 [main] INFO  file.pruebas_iniciales.primera_prueba - ef3c2931ccc6d4648aaf975e898f3197d568bc
2025-10-08 12:29:14.249 [main] INFO  file.pruebas_iniciales.primera_prueba - 55b54d7eb64a64df0d879a8eb5e5800384d15c
2025-10-08 12:29:14.249 [main] INFO  file.pruebas_iniciales.primera_prueba - c0e808e698a07ccaa71a4caf751df2045985a5
2025-10-08 12:29:14.249 [main] INFO  file.pruebas_iniciales.primera_prueba - 151f9559b254b8e1507297aa6d93086477762b
2025-10-08 12:29:14.249 [main] INFO  file.pruebas_iniciales.primera_prueba - 1ac51b57bf048992f580d8da467b047e6143ba
2025-10-08 12:29:14.250 [main] INFO  file.pruebas_iniciales.primera_prueba - 2bf03ee5331fae10688136f06bab4ed07b8c55
2025-10-08 12:29:14.250 [main] INFO  file.pruebas_iniciales.primera_prueba - 55e535e2a604bf941aed172c2577d9de2af8dc
2025-10-08 12:29:14.250 [main] INFO  file.pruebas_iniciales.primera_prueba - 5fef97c123d34796c8afee4fe1ec8c45659039
2025-10-08 12:29:14.250 [main] INFO  file.pruebas_iniciales.primera_prueba - a662782e619be76045ac3f1d86a845c26d78bb
2025-10-08 12:29:14.250 [main] INFO  file.pruebas_iniciales.primera_prueba - af8e4ac06d11d2f78dd7b32912eb1f262ab1e5
2025-10-08 12:29:14.250 [main] INFO  file.pruebas_iniciales.primera_prueba - d81171520169dd09f29ebcb83acac017ed4c9b
2025-10-08 12:29:14.250 [main] INFO  file.pruebas_iniciales.primera_prueba - fa415d41d90aa791ffe7605d01e00d085e0688
2025-10-08 12:29:14.250 [main] INFO  file.pruebas_iniciales.primera_prueba - af2f053d8792a69c82ef95eec97b179198ad4e
2025-10-08 12:29:14.250 [main] INFO  file.pruebas_iniciales.primera_prueba - b61418562d9965581900c65fc0c4fc7bbafd49
2025-10-08 12:29:14.251 [main] INFO  file.pruebas_iniciales.primera_prueba - de0b783b179aab39e8f8ea2bfdb41ea93d56c9
2025-10-08 12:29:14.251 [main] INFO  file.pruebas_iniciales.primera_prueba - 68f0676e13cfd27dd7fd29e8aa10a4e4af0a05
2025-10-08 12:29:14.251 [main] INFO  file.pruebas_iniciales.primera_prueba - 874c78e1c4a26f688022f7b89b7d61ce2b2142
2025-10-08 12:29:14.251 [main] INFO  file.pruebas_iniciales.primera_prueba - 9bb92d8e28f9019fbf4edcace5cb5b7bcf7aa3
2025-10-08 12:29:14.251 [main] INFO  file.pruebas_iniciales.primera_prueba - c847e8537d383295bad79413a9b24d8df0f26b
2025-10-08 12:29:14.252 [main] INFO  file.pruebas_iniciales.primera_prueba - d59cb77195e870eaf613407a76f135685b2021
2025-10-08 12:29:14.252 [main] INFO  file.pruebas_iniciales.primera_prueba - deeb1941f8b7d51a857edb1072540dc212a3c2
2025-10-08 12:29:14.252 [main] INFO  file.pruebas_iniciales.primera_prueba - 01526c1022b5aec189d89959c17e8ef909a443
2025-10-08 12:29:14.253 [main] INFO  file.pruebas_iniciales.primera_prueba - 20a201dabbd585f720d9908b5176238fc8e8bb
2025-10-08 12:29:14.253 [main] INFO  file.pruebas_iniciales.primera_prueba - 30ce074fb12e5844f7554e2a43bcb1d0814a40
2025-10-08 12:29:14.253 [main] INFO  file.pruebas_iniciales.primera_prueba - b267dff3bcddfcb3238fbc89d09b59430b4f24
2025-10-08 12:29:14.253 [main] INFO  file.pruebas_iniciales.primera_prueba - 0ddf12d4435d0572f76e89e23798db430babff
2025-10-08 12:29:14.253 [main] INFO  file.pruebas_iniciales.primera_prueba - 1f0f40b82528f9ee5923f35f0845aaa534dc81
2025-10-08 12:29:14.253 [main] INFO  file.pruebas_iniciales.primera_prueba - 2687d7207bbeb77c2f6e5a42b9fd89a2853e48
2025-10-08 12:29:14.253 [main] INFO  file.pruebas_iniciales.primera_prueba - 2c5c4e99da8adafabba453fbad26fcf70d7a36
2025-10-08 12:29:14.253 [main] INFO  file.pruebas_iniciales.primera_prueba - 76c02cb51efb6c9c888c8215e786e233e385cb
2025-10-08 12:29:14.253 [main] INFO  file.pruebas_iniciales.primera_prueba - a08641210aa95841ad177f91d6bff9377a3c5f
2025-10-08 12:29:14.253 [main] INFO  file.pruebas_iniciales.primera_prueba - a596aaa84bb881dca868bb98b5055e8f7e8dd6
2025-10-08 12:29:14.253 [main] INFO  file.pruebas_iniciales.primera_prueba - a7cb18f521b0a3b4804f2fb6a98bb768cc7d5d
2025-10-08 12:29:14.253 [main] INFO  file.pruebas_iniciales.primera_prueba - a8bb133cb70c7d2f31d2847227b1e22c77bbcf
2025-10-08 12:29:14.253 [main] INFO  file.pruebas_iniciales.primera_prueba - c0d76d385527b0b364d0a5d3c6ea81c7e0322a
2025-10-08 12:29:14.254 [main] INFO  file.pruebas_iniciales.primera_prueba - 2c2eb6058c95ed0f78d66d20e294cbf4a11cff
2025-10-08 12:29:14.254 [main] INFO  file.pruebas_iniciales.primera_prueba - ab71dffc25ccb039aeaf2396020176a08ab1f4
2025-10-08 12:29:14.254 [main] INFO  file.pruebas_iniciales.primera_prueba - c838844e65e733b4931de0b21f07ed545de4bb
2025-10-08 12:29:14.254 [main] INFO  file.pruebas_iniciales.primera_prueba - dae959ea9d0c1b1308defb75724633441e4bf0
2025-10-08 12:29:14.254 [main] INFO  file.pruebas_iniciales.primera_prueba - a5a605158c302aad8554b987df79c96567902c
2025-10-08 12:29:14.254 [main] INFO  file.pruebas_iniciales.primera_prueba - 01fc347ac2105e0c1a727286f103a7bb16c449
2025-10-08 12:29:14.255 [main] INFO  file.pruebas_iniciales.primera_prueba - 6066574f21d9806ea9444a3586a04895e6eefc
2025-10-08 12:29:14.255 [main] INFO  file.pruebas_iniciales.primera_prueba - ab1c6d483a9e5a8347742c848553743586921f
2025-10-08 12:29:14.255 [main] INFO  file.pruebas_iniciales.primera_prueba - 274790d33d4d66c0baec1d74df40dbbe6a347f
2025-10-08 12:29:14.255 [main] INFO  file.pruebas_iniciales.primera_prueba - 3066ade6e15a7b2f5af8034808f7db3274ee53
2025-10-08 12:29:14.256 [main] INFO  file.pruebas_iniciales.primera_prueba - 7df750e45fc92af77f5b0b1e61913d0921573e
2025-10-08 12:29:14.256 [main] INFO  file.pruebas_iniciales.primera_prueba - 9a069ce2c81f1416dddc1758ee55385f17251d
2025-10-08 12:29:14.256 [main] INFO  file.pruebas_iniciales.primera_prueba - db1b2a89d4cd5e83eaa3cd0786a0e992b0159b
2025-10-08 12:29:14.256 [main] INFO  file.pruebas_iniciales.primera_prueba - 25f2d5e0fc822676f26336844873ee6828692d
2025-10-08 12:29:14.256 [main] INFO  file.pruebas_iniciales.primera_prueba - 4cf861f2b719b9064edb0db1a0d229ff02674d
2025-10-08 12:29:14.256 [main] INFO  file.pruebas_iniciales.primera_prueba - 73e14c1a55d41d85ea916a87b57b3251cb1681
2025-10-08 12:29:14.257 [main] INFO  file.pruebas_iniciales.primera_prueba - 8a75ef511c1803957d9f37305e5d8d6462a6ee
2025-10-08 12:29:14.257 [main] INFO  file.pruebas_iniciales.primera_prueba - 9fbbbc0e5722115d05af032f45fb7d5734e2b8
2025-10-08 12:29:14.257 [main] INFO  file.pruebas_iniciales.primera_prueba - d9c98ebea12a1b3f466bbe4d488c8b51283fea
2025-10-08 12:29:14.257 [main] INFO  file.pruebas_iniciales.primera_prueba - fd843fb85e588c0d0d2231f27668bb98abeb4f
2025-10-08 12:29:14.257 [main] INFO  file.pruebas_iniciales.primera_prueba - 0aaedb866154998502154669701d74b8bef943
2025-10-08 12:29:14.257 [main] INFO  file.pruebas_iniciales.primera_prueba - 100cbe61a23be1e4ac80575cd5bd864c9cc8ab
2025-10-08 12:29:14.257 [main] INFO  file.pruebas_iniciales.primera_prueba - 6cfe224fb4a8ff41248a0e56c6dd6d9bb7d6c6
2025-10-08 12:29:14.257 [main] INFO  file.pruebas_iniciales.primera_prueba - 7f43e0c4374b57308d3d8ccb08851864411449
2025-10-08 12:29:14.258 [main] INFO  file.pruebas_iniciales.primera_prueba - c0e02a93f77cab18ba35e99b28a6fff0b5a026
2025-10-08 12:29:14.258 [main] INFO  file.pruebas_iniciales.primera_prueba - d827f4040b65dd5f3de8ca5c7527a6b52c3cf9
2025-10-08 12:29:14.258 [main] INFO  file.pruebas_iniciales.primera_prueba - 559a7093e062c169e9231ea4b0d4f0255ab030
2025-10-08 12:29:14.258 [main] INFO  file.pruebas_iniciales.primera_prueba - 64a14012671fb2076b75e2a01f0c48cd20e99b
2025-10-08 12:29:14.258 [main] INFO  file.pruebas_iniciales.primera_prueba - 7bf8241a865b0ce80ac44c89aef448d04c9fde
2025-10-08 12:29:14.258 [main] INFO  file.pruebas_iniciales.primera_prueba - a7d73f2632c18850d1a71c48917297862eb12e
2025-10-08 12:29:14.258 [main] INFO  file.pruebas_iniciales.primera_prueba - b8bcb9eae1fcec75fee5f7bfe819c1acc4472f
2025-10-08 12:29:14.258 [main] INFO  file.pruebas_iniciales.primera_prueba - b96c66681ba7441d27f0f2a863b75c090f0ea1
2025-10-08 12:29:14.258 [main] INFO  file.pruebas_iniciales.primera_prueba - e146c7696e4363423904356a282386764e9547
2025-10-08 12:29:14.259 [main] INFO  file.pruebas_iniciales.primera_prueba - 12323a66035cd75bf26ef79fe472bf4474274c
2025-10-08 12:29:14.259 [main] INFO  file.pruebas_iniciales.primera_prueba - 31ae2a97460b21f7a88fa8a35f86abef19a5f7
2025-10-08 12:29:14.259 [main] INFO  file.pruebas_iniciales.primera_prueba - 478a56254e9d7a92a98ad36eecffee3e083210
2025-10-08 12:29:14.260 [main] INFO  file.pruebas_iniciales.primera_prueba - 57332f234e920e65da5f84c8957cff70f9e3f3
2025-10-08 12:29:14.260 [main] INFO  file.pruebas_iniciales.primera_prueba - f13533c30f259f115306e1c6ab3614ae0392c8
2025-10-08 12:29:14.260 [main] INFO  file.pruebas_iniciales.primera_prueba - 8d7013d2f90e92379769e2017eb51a6cd0168c
2025-10-08 12:29:14.260 [main] INFO  file.pruebas_iniciales.primera_prueba - bbbef3449e5075172b7d0472e5392bda9cc485
2025-10-08 12:29:14.260 [main] INFO  file.pruebas_iniciales.primera_prueba - c456837246c07b9cce4adb6914194517147000
2025-10-08 12:29:14.260 [main] INFO  file.pruebas_iniciales.primera_prueba - d12c3ea74195f416a66d702ddc22f7ae78b781
2025-10-08 12:29:14.261 [main] INFO  file.pruebas_iniciales.primera_prueba - 38bcc19f15791ed0e76349497244990483ef29
2025-10-08 12:29:14.261 [main] INFO  file.pruebas_iniciales.primera_prueba - 769befa4de0f51e24488d693cf4f940e8e0eec
2025-10-08 12:29:14.261 [main] INFO  file.pruebas_iniciales.primera_prueba - 779e2ec70ace0e5dd3830df8802a5451d1ca8d
2025-10-08 12:29:14.261 [main] INFO  file.pruebas_iniciales.primera_prueba - db272059cd46a42d580e7ecd93db8a984a02d8
2025-10-08 12:29:14.261 [main] INFO  file.pruebas_iniciales.primera_prueba - ea23421894d0d18227d6cb440ae955d541d476
2025-10-08 12:29:14.261 [main] INFO  file.pruebas_iniciales.primera_prueba - 4272e1c0740423e25eb40be9a98ce1556474b1
2025-10-08 12:29:14.261 [main] INFO  file.pruebas_iniciales.primera_prueba - 5969120038a48ce33d40681f47e9c599e6acc4
2025-10-08 12:29:14.261 [main] INFO  file.pruebas_iniciales.primera_prueba - 5e5882951f56828d54f04a4c5a365793825187
2025-10-08 12:29:14.263 [main] INFO  file.pruebas_iniciales.primera_prueba - 7f25fa3d366273d46255038842ba721c61378e
2025-10-08 12:29:14.263 [main] INFO  file.pruebas_iniciales.primera_prueba - cb955ba23571f6fefd57cecf5f67454210bbc8
2025-10-08 12:29:14.263 [main] INFO  file.pruebas_iniciales.primera_prueba - 0a859c265eb41f8f91df9f3033b535af62911d
2025-10-08 12:29:14.263 [main] INFO  file.pruebas_iniciales.primera_prueba - 794f463e515f80dd55ff015349edd8b43d61e5
2025-10-08 12:29:14.263 [main] INFO  file.pruebas_iniciales.primera_prueba - b984f6105f59bd628ba667e3d495f533d613f4
2025-10-08 12:29:14.263 [main] INFO  file.pruebas_iniciales.primera_prueba - 072b587c47bcbc2ffb0b48d0e4085235b1705a
2025-10-08 12:29:14.263 [main] INFO  file.pruebas_iniciales.primera_prueba - 1a7236c80e6c756d73c52ab237d5a6674fbc58
2025-10-08 12:29:14.263 [main] INFO  file.pruebas_iniciales.primera_prueba - 25221bd083bb22118bafd972a8ea5729e1ef84
2025-10-08 12:29:14.263 [main] INFO  file.pruebas_iniciales.primera_prueba - 6d4f1a2d0925ca46708921f508d5b0560c7cdd
2025-10-08 12:29:14.264 [main] INFO  file.pruebas_iniciales.primera_prueba - a3eaf5d0652208206d98bcadc06c61dadbb2fc
2025-10-08 12:29:14.264 [main] INFO  file.pruebas_iniciales.primera_prueba - a6f8b04a490158e0dc814546e6fad1e5ce231a
2025-10-08 12:29:14.264 [main] INFO  file.pruebas_iniciales.primera_prueba - 0a11e9690336a5935775bb90c61056cd015e7f
2025-10-08 12:29:14.264 [main] INFO  file.pruebas_iniciales.primera_prueba - 19dbea6f7d0698c9114eb7a4405798cf207f79
2025-10-08 12:29:14.264 [main] INFO  file.pruebas_iniciales.primera_prueba - 1f5ffbd749755d37caa7d63f1e906f2f9adf31
2025-10-08 12:29:14.265 [main] INFO  file.pruebas_iniciales.primera_prueba - 4774131aa54667525bec68d86159ad3e2621bf
2025-10-08 12:29:14.265 [main] INFO  file.pruebas_iniciales.primera_prueba - 4847a8fb84fa0b297ef28393e52167c71bdfc9
2025-10-08 12:29:14.265 [main] INFO  file.pruebas_iniciales.primera_prueba - 498e8c45afc21d0487455f7d714bcf2ecd0722
2025-10-08 12:29:14.265 [main] INFO  file.pruebas_iniciales.primera_prueba - 4cb3390336744a05d23ee01f339a8262d0dc44
2025-10-08 12:29:14.265 [main] INFO  file.pruebas_iniciales.primera_prueba - 837c9f8fc3409f00a513641539f37a94232932
2025-10-08 12:29:14.265 [main] INFO  file.pruebas_iniciales.primera_prueba - 94ec68142d401f159f46fc45bf38489807cfdd
2025-10-08 12:29:14.265 [main] INFO  file.pruebas_iniciales.primera_prueba - 9dc795b66f7d0d2d1f4e9b5269ebd17b9ac595
2025-10-08 12:29:14.266 [main] INFO  file.pruebas_iniciales.primera_prueba - df752a92ded9f3e5beed7a2a3f1e519a75f550
2025-10-08 12:29:14.266 [main] INFO  file.pruebas_iniciales.primera_prueba - 1158e02277455421903cc3ad78e291cd61aa13
2025-10-08 12:29:14.266 [main] INFO  file.pruebas_iniciales.primera_prueba - 31af4ffbfafc436dae0f2d1292af7622a527cc
2025-10-08 12:29:14.266 [main] INFO  file.pruebas_iniciales.primera_prueba - abf999564110a0d6aca109f55f439c72b7031c
2025-10-08 12:29:14.267 [main] INFO  file.pruebas_iniciales.primera_prueba - 4f7d780812925b492c95d35a1f010b80408ee0
2025-10-08 12:29:14.267 [main] INFO  file.pruebas_iniciales.primera_prueba - 6fe502c1da2f7d07da9e5513b567d8228d2718
2025-10-08 12:29:14.267 [main] INFO  file.pruebas_iniciales.primera_prueba - d2d2c70795027410aa8c036d8d4ca678c21c6b
2025-10-08 12:29:14.267 [main] INFO  file.pruebas_iniciales.primera_prueba - 4aca5d9466dced6ba3131afbcf069656184518
2025-10-08 12:29:14.267 [main] INFO  file.pruebas_iniciales.primera_prueba - 60c21d642fb5980ba2c655686bb304eeb8c41e
2025-10-08 12:29:14.267 [main] INFO  file.pruebas_iniciales.primera_prueba - 72494570d77935a55646ce09481a7eb34a3947
2025-10-08 12:29:14.268 [main] INFO  file.pruebas_iniciales.primera_prueba - 80e290f14df6e1b55d087a5866857e51488325
2025-10-08 12:29:14.268 [main] INFO  file.pruebas_iniciales.primera_prueba - bcd8a718a56b7c3ebe8caa5de9e23f1f844852
2025-10-08 12:29:14.268 [main] INFO  file.pruebas_iniciales.primera_prueba - cf096ebc106b35f1ddb08b6e271625101b3afb
2025-10-08 12:29:14.268 [main] INFO  file.pruebas_iniciales.primera_prueba - 69bc908b10d854c2c3fe6e3268dcffe20e1b5a
2025-10-08 12:29:14.268 [main] INFO  file.pruebas_iniciales.primera_prueba - 7786dcacaceec4b6277961a8eb2cba2646b42c
2025-10-08 12:29:14.268 [main] INFO  file.pruebas_iniciales.primera_prueba - 7be3115641bc534a78bc9a2b8d847de6ae262f
2025-10-08 12:29:14.269 [main] INFO  file.pruebas_iniciales.primera_prueba - 7f4b83d99a5068f37bc83899959c9ba1c64f8c
2025-10-08 12:29:14.269 [main] INFO  file.pruebas_iniciales.primera_prueba - 862c25b3bdfc53f15ef9619a69e479106a11a7
2025-10-08 12:29:14.269 [main] INFO  file.pruebas_iniciales.primera_prueba - a6d923c88ca0716be1228e865a0a58b959e918
2025-10-08 12:29:14.269 [main] INFO  file.pruebas_iniciales.primera_prueba - 080fce8c2946b451519bceb0a52f4bb3449bbe
2025-10-08 12:29:14.269 [main] INFO  file.pruebas_iniciales.primera_prueba - 2b86bd5bef486b1885c8e3307b340a7ff256c1
2025-10-08 12:29:14.269 [main] INFO  file.pruebas_iniciales.primera_prueba - 6713e8d04da0352127f42b7d373594334a4297
2025-10-08 12:29:14.270 [main] INFO  file.pruebas_iniciales.primera_prueba - 716ba715e68a9edd9684c0ec22250e95fefc48
2025-10-08 12:29:14.270 [main] INFO  file.pruebas_iniciales.primera_prueba - 8c19a1a948225dbdec4354fd6fe2f7099ee95d
2025-10-08 12:29:14.270 [main] INFO  file.pruebas_iniciales.primera_prueba - 1806151637f8f6a1dd0265956c56ff73b0b761
2025-10-08 12:29:14.270 [main] INFO  file.pruebas_iniciales.primera_prueba - 5cc74c3a8577df9faafd82992b0c62e56352be
2025-10-08 12:29:14.270 [main] INFO  file.pruebas_iniciales.primera_prueba - 9d0b0abb1cf568ca9533ae5aa5d8ae0b19823a
2025-10-08 12:29:14.270 [main] INFO  file.pruebas_iniciales.primera_prueba - a8eb58f6ec7dc3b5ecaed470ca93a5f5ea253b
2025-10-08 12:29:14.271 [main] INFO  file.pruebas_iniciales.primera_prueba - 548a756e151be4e927e8d28c508cc5b3514bf3
2025-10-08 12:29:14.271 [main] INFO  file.pruebas_iniciales.primera_prueba - 7e2d301a2e60269b36278a010c05bacd3dc0b5
2025-10-08 12:29:14.271 [main] INFO  file.pruebas_iniciales.primera_prueba - 841ebf3674439d2ef6c5353f794c4a64ec1903
2025-10-08 12:29:14.271 [main] INFO  file.pruebas_iniciales.primera_prueba - 9f2369c5300a805b216bdd9e33631a97773cdc
2025-10-08 12:29:14.271 [main] INFO  file.pruebas_iniciales.primera_prueba - be91a16d2c0069abcfb934054341a76af77943
2025-10-08 12:29:14.271 [main] INFO  file.pruebas_iniciales.primera_prueba - 555f5f511a2b0d55ad0070c0a0fa6bf9acefce
2025-10-08 12:29:14.271 [main] INFO  file.pruebas_iniciales.primera_prueba - 562c6419e26d82e0b8f8a2774296c4cd023284
2025-10-08 12:29:14.271 [main] INFO  file.pruebas_iniciales.primera_prueba - 66c38ad344734a0bf03a4d9970db50459b38c0
2025-10-08 12:29:14.272 [main] INFO  file.pruebas_iniciales.primera_prueba - 9d9152cd5ac63487f5bf2b21647fa0f53ea912
2025-10-08 12:29:14.272 [main] INFO  file.pruebas_iniciales.primera_prueba - c043193ce4be9dcd25f0abf780f7d5955f36f1
2025-10-08 12:29:14.272 [main] INFO  file.pruebas_iniciales.primera_prueba - dcbb5017156a68cb1eba8d9b9cc83c4154f339
2025-10-08 12:29:14.272 [main] INFO  file.pruebas_iniciales.primera_prueba - df02ce4be289e9202726c1adc49d4c3c0af9a2
2025-10-08 12:29:14.273 [main] INFO  file.pruebas_iniciales.primera_prueba - 1320267a18731b6b6ba864af74e7c82f73520e
2025-10-08 12:29:14.273 [main] INFO  file.pruebas_iniciales.primera_prueba - 14e6b141f739790d91f50bcdd6fb029314d8b1
2025-10-08 12:29:14.273 [main] INFO  file.pruebas_iniciales.primera_prueba - 31e4436dd5edc4bdb7f6411fc2ab33c3103ce3
2025-10-08 12:29:14.273 [main] INFO  file.pruebas_iniciales.primera_prueba - 71c13f417ecec7e824361d90ee9cfadc0299ab
2025-10-08 12:29:14.273 [main] INFO  file.pruebas_iniciales.primera_prueba - b0950ce192751562e67ea016f0a9d81680c78d
2025-10-08 12:29:14.273 [main] INFO  file.pruebas_iniciales.primera_prueba - bf39360f858366aca51246e846c60a979bfc70
2025-10-08 12:29:14.273 [main] INFO  file.pruebas_iniciales.primera_prueba - b24ecff3a2915b8c56fce2e2266f7fa3c1ac49
2025-10-08 12:29:14.273 [main] INFO  file.pruebas_iniciales.primera_prueba - 515065318dc700e4c2184235cb06a8d83fd702
2025-10-08 12:29:14.274 [main] INFO  file.pruebas_iniciales.primera_prueba - 785a0224ea5d3ef6acacc3cc49b0d50098d32c
2025-10-08 12:29:14.274 [main] INFO  file.pruebas_iniciales.primera_prueba - 8a28ece4144d3ef1061862ed992de475c773b7
2025-10-08 12:29:14.274 [main] INFO  file.pruebas_iniciales.primera_prueba - 914e38ff0af3be34424b77f99a64bc9a299e4c
2025-10-08 12:29:14.274 [main] INFO  file.pruebas_iniciales.primera_prueba - 12ce36025d515188b2f34f7b9e01fc06037656
2025-10-08 12:29:14.274 [main] INFO  file.pruebas_iniciales.primera_prueba - 170e6b90d6d00a7284dd4279b7dd7356a47354
2025-10-08 12:29:14.274 [main] INFO  file.pruebas_iniciales.primera_prueba - 3c14fde42aecbb189d85bdbd1972ab1709f4a4
2025-10-08 12:29:14.274 [main] INFO  file.pruebas_iniciales.primera_prueba - 7e3cac23dee67693638a162f4e45848c1c69b0
2025-10-08 12:29:14.274 [main] INFO  file.pruebas_iniciales.primera_prueba - c536f2f45b63a12d6f5e70560b9f4d1fe7943f
2025-10-08 12:29:14.275 [main] INFO  file.pruebas_iniciales.primera_prueba - 0bbc8044e91218389c4149ef5fd52d3362e2d5
2025-10-08 12:29:14.275 [main] INFO  file.pruebas_iniciales.primera_prueba - 582c6ac6f0340629b6d3ebe90a106d3ee8e470
2025-10-08 12:29:14.275 [main] INFO  file.pruebas_iniciales.primera_prueba - 773c9874c77691891f1c0887ec3ddcd5068cb7
2025-10-08 12:29:14.275 [main] INFO  file.pruebas_iniciales.primera_prueba - 917404ee03009fc386fd86b289ca1cfe62e4b9
2025-10-08 12:29:14.275 [main] INFO  file.pruebas_iniciales.primera_prueba - a0bd080f2ec109b1ffa8b0be108f2f6421dd78
2025-10-08 12:29:14.275 [main] INFO  file.pruebas_iniciales.primera_prueba - be22d60bbb4912cc2316209c7d2d42f69273f1
2025-10-08 12:29:14.275 [main] INFO  file.pruebas_iniciales.primera_prueba - 0906439fe7bf91b861f3faa5d3b6579768ee87
2025-10-08 12:29:14.275 [main] INFO  file.pruebas_iniciales.primera_prueba - 213004f90120edf9556a30c1733da25c0ba8f7
2025-10-08 12:29:14.275 [main] INFO  file.pruebas_iniciales.primera_prueba - 8f085b015dc9478bf4d679e5b6ff3be7e65129
2025-10-08 12:29:14.276 [main] INFO  file.pruebas_iniciales.primera_prueba - 242dfac25a08ca498192b8aa716fcd685486f2
2025-10-08 12:29:14.276 [main] INFO  file.pruebas_iniciales.primera_prueba - 3979948c44a2e4367e2915e5fe7a7c7573907d
2025-10-08 12:29:14.276 [main] INFO  file.pruebas_iniciales.primera_prueba - 4d63ecc5db31f4e07e350445fdc4eb3e7225a5
2025-10-08 12:29:14.276 [main] INFO  file.pruebas_iniciales.primera_prueba - 702dd9ef1ab3c68a1abebf2412be7cd3ba7e6f
2025-10-08 12:29:14.276 [main] INFO  file.pruebas_iniciales.primera_prueba - 8421c280d3a02da7639c4a8fbb2779cd91cfb6
2025-10-08 12:29:14.276 [main] INFO  file.pruebas_iniciales.primera_prueba - a6ea6f9745a2c9f92a176acf02e1a6bd397efa
2025-10-08 12:29:14.277 [main] INFO  file.pruebas_iniciales.primera_prueba - a78decea6f1e8536d4242d35150a2fc5d68e39
2025-10-08 12:29:14.277 [main] INFO  file.pruebas_iniciales.primera_prueba - 3832dfc8332bca6dd47219e7e8ae6590ef4ae2
2025-10-08 12:29:14.277 [main] INFO  file.pruebas_iniciales.primera_prueba - 3f225adfa29a47d9feb68966c43b880ffa21ae
2025-10-08 12:29:14.277 [main] INFO  file.pruebas_iniciales.primera_prueba - 62da9d59f6398ea1db7c981093b4dcd7754088
2025-10-08 12:29:14.277 [main] INFO  file.pruebas_iniciales.primera_prueba - ab5f31ddc7fb9e418fb178829539a5572ccd3a
2025-10-08 12:29:14.277 [main] INFO  file.pruebas_iniciales.primera_prueba - 2aedaaf0c5f57584f6be0d8546a98417725e7d
2025-10-08 12:29:14.277 [main] INFO  file.pruebas_iniciales.primera_prueba - 393899fe587c62ace87d3256463d735a8ece55
2025-10-08 12:29:14.277 [main] INFO  file.pruebas_iniciales.primera_prueba - 7e99e0f664b528d4fe818c86cbaf6e58e9becf
2025-10-08 12:29:14.278 [main] INFO  file.pruebas_iniciales.primera_prueba - 970573c389a2c3c52788f0993fa3142c84c438
2025-10-08 12:29:14.278 [main] INFO  file.pruebas_iniciales.primera_prueba - 134d161c18aad4dd66a386e6b330c9002e9c74
2025-10-08 12:29:14.278 [main] INFO  file.pruebas_iniciales.primera_prueba - 5aaf69e1f1f9b0a835413e6105cefc98e37de9
2025-10-08 12:29:14.278 [main] INFO  file.pruebas_iniciales.primera_prueba - 60d1e31d0cc14378ac23b70420c1f701ecc4e9
2025-10-08 12:29:14.278 [main] INFO  file.pruebas_iniciales.primera_prueba - 8ab9e174cecf26d4d999d7498dc13231fe46ab
2025-10-08 12:29:14.278 [main] INFO  file.pruebas_iniciales.primera_prueba - ae699fa25a2390b0a136e262a6bbbd71266ac3
2025-10-08 12:29:14.279 [main] INFO  file.pruebas_iniciales.primera_prueba - d5d0a4803967bc0bf72a7dd66d7e292ed2e586
2025-10-08 12:29:14.279 [main] INFO  file.pruebas_iniciales.primera_prueba - 10856198aeaf2f249bebf356eb72deb3e0dc71
2025-10-08 12:29:14.279 [main] INFO  file.pruebas_iniciales.primera_prueba - 8627ff782c6598592c69d35dfea3ab56990b5d
2025-10-08 12:29:14.279 [main] INFO  file.pruebas_iniciales.primera_prueba - 8b1df87dba7e42a91b594d8fdd13ce2b37c5c5
2025-10-08 12:29:14.279 [main] INFO  file.pruebas_iniciales.primera_prueba - dfb9af211aaa13711c216f538cdcf169a21902
2025-10-08 12:29:14.279 [main] INFO  file.pruebas_iniciales.primera_prueba - 07b6f184900f994eba92637141b44a1b7dd98a
2025-10-08 12:29:14.279 [main] INFO  file.pruebas_iniciales.primera_prueba - 58c46561fa9a9995de9d3a0f6f22df5e02a618
2025-10-08 12:29:14.280 [main] INFO  file.pruebas_iniciales.primera_prueba - 5dd43b5977da1273b48e10f358944b0c50df77
2025-10-08 12:29:14.280 [main] INFO  file.pruebas_iniciales.primera_prueba - 6f33e357e90683bad855b957f61f959f177af4
2025-10-08 12:29:14.280 [main] INFO  file.pruebas_iniciales.primera_prueba - 6ff021a348b7a00a5224ce292fd78d73355d24
2025-10-08 12:29:14.280 [main] INFO  file.pruebas_iniciales.primera_prueba - a009112c8d2b35e8a50c30159d80d37d097c0a
2025-10-08 12:29:14.280 [main] INFO  file.pruebas_iniciales.primera_prueba - b415ee3ae1c935017036ee10b561f54a50b0aa
2025-10-08 12:29:14.280 [main] INFO  file.pruebas_iniciales.primera_prueba - dcc05e2d205f7488ba9ea84b1a83db0ba27281
2025-10-08 12:29:14.280 [main] INFO  file.pruebas_iniciales.primera_prueba - 95b94ab2e755b1a260024b41e9b16f6c5f62fa
2025-10-08 12:29:14.280 [main] INFO  file.pruebas_iniciales.primera_prueba - ae95837dbe6cc53b97ea5779ad42512b1f424f
2025-10-08 12:29:14.281 [main] INFO  file.pruebas_iniciales.primera_prueba - d92e3befc1b8c601d49ee826827c9ebc41aa7f
2025-10-08 12:29:14.281 [main] INFO  file.pruebas_iniciales.primera_prueba - e9fe9aad0a1bc1b4be3b22b8b1e5486441cddd
2025-10-08 12:29:14.281 [main] INFO  file.pruebas_iniciales.primera_prueba - 3893aff96296c1ce15c61728d13a5d97589bbe
2025-10-08 12:29:14.281 [main] INFO  file.pruebas_iniciales.primera_prueba - af620a22f324ad1a47163d200aae95b77c2f72
2025-10-08 12:29:14.281 [main] INFO  file.pruebas_iniciales.primera_prueba - c7d879272f0f91b9cb854367703da8a7e2bdf9
2025-10-08 12:29:14.281 [main] INFO  file.pruebas_iniciales.primera_prueba - ce8236a41488d7d21c0c11ab301336c1b9bd9c
2025-10-08 12:29:14.281 [main] INFO  file.pruebas_iniciales.primera_prueba - ea16a06837f7bdb1fee622352e44966739fd71
2025-10-08 12:29:14.281 [main] INFO  file.pruebas_iniciales.primera_prueba - f390113c0fb31bba4893278066a4865b7e8925
2025-10-08 12:29:14.281 [main] INFO  file.pruebas_iniciales.primera_prueba - 1385adc5ea039b4dbb72e76f3c7bae620a5031
2025-10-08 12:29:14.282 [main] INFO  file.pruebas_iniciales.primera_prueba - c8e0c68cdb63bf90defc381b18b1fffb7db177
2025-10-08 12:29:14.282 [main] INFO  file.pruebas_iniciales.primera_prueba - cca1b72f72a6d5c4e1aa04cdb26ef519f10885
2025-10-08 12:29:14.282 [main] INFO  file.pruebas_iniciales.primera_prueba - cbe355250c3770ca7d5a6bcaf3226bbc25c3e5
2025-10-08 12:29:14.282 [main] INFO  file.pruebas_iniciales.primera_prueba - 37c202f9c33460556799eca433565489127e95
2025-10-08 12:29:14.282 [main] INFO  file.pruebas_iniciales.primera_prueba - 45221c866140c7b9c0c524fbfc71928007c877
2025-10-08 12:29:14.283 [main] INFO  file.pruebas_iniciales.primera_prueba - 79fb675da774cbc2fdead23a6b99e1ffc86fc2
2025-10-08 12:29:14.283 [main] INFO  file.pruebas_iniciales.primera_prueba - 8e7ddb3cdfbff243e14b074904558ad31f7f19
2025-10-08 12:29:14.283 [main] INFO  file.pruebas_iniciales.primera_prueba - c9440e8007798dddf45f9edd0cfc6b3b50d9a4
2025-10-08 12:29:14.283 [main] INFO  file.pruebas_iniciales.primera_prueba - d4558d2eb9c5ecb1df662b91453a0ca96b3b35
2025-10-08 12:29:14.283 [main] INFO  file.pruebas_iniciales.primera_prueba - e342f4cfa655f5e6c9bb60e70b5cd1f80f5dab
2025-10-08 12:29:14.283 [main] INFO  file.pruebas_iniciales.primera_prueba - b3dbed22233b204fef03b5c47e4b3f19c36b93
2025-10-08 12:29:14.283 [main] INFO  file.pruebas_iniciales.primera_prueba - e97e40594b0c578d4094acdeb880e730c52b81
2025-10-08 12:29:14.283 [main] INFO  file.pruebas_iniciales.primera_prueba - fd5cbb30698981a251ac3a036d83fdc7f7a0f8
2025-10-08 12:29:14.283 [main] INFO  file.pruebas_iniciales.primera_prueba - 272b91953121ce76c411f536e9b189fa1b58b7
2025-10-08 12:29:14.283 [main] INFO  file.pruebas_iniciales.primera_prueba - 4b194b538eab1a12afbe5a4ed05374f835d099
2025-10-08 12:29:14.284 [main] INFO  file.pruebas_iniciales.primera_prueba - 53422b51d65a9a263e25109711e718e8424f58
2025-10-08 12:29:14.284 [main] INFO  file.pruebas_iniciales.primera_prueba - 9125bcd02707d12b227bf6ee4a9772968fc43c
2025-10-08 12:29:14.285 [main] INFO  file.pruebas_iniciales.primera_prueba - a0e70009c5bd3f0e54c0f9f77dbb6b7eae9b58
2025-10-08 12:29:14.285 [main] INFO  file.pruebas_iniciales.primera_prueba - e0a4291995327e7e4f6a4b7951c80aa4556cb2
2025-10-08 12:29:14.285 [main] INFO  file.pruebas_iniciales.primera_prueba - 0f8ce5ea1bcc37711f5e139425d3d4d4a78b69
2025-10-08 12:29:14.285 [main] INFO  file.pruebas_iniciales.primera_prueba - 3d892552543019c3575ccccc45231f05fc260f
2025-10-08 12:29:14.285 [main] INFO  file.pruebas_iniciales.primera_prueba - 5294f519c8ece5d15d380621c4f4af4cc965d5
2025-10-08 12:29:14.285 [main] INFO  file.pruebas_iniciales.primera_prueba - aaad882d9008d45be0e4f8c644c999ca8fa841
2025-10-08 12:29:14.285 [main] INFO  file.pruebas_iniciales.primera_prueba - e7b6b1ea2bb671d173e5ff7f44d369409de1dd
2025-10-08 12:29:14.286 [main] INFO  file.pruebas_iniciales.primera_prueba - 3d5f95dc8a43c8bb7b7621865d06d4a70856ed
2025-10-08 12:29:14.286 [main] INFO  file.pruebas_iniciales.primera_prueba - 531662d5e3578066701ad4c95718ec8ab48db0
2025-10-08 12:29:14.286 [main] INFO  file.pruebas_iniciales.primera_prueba - 9405c6b2fa6b873d9811a657042e33bc4df3e5
2025-10-08 12:29:14.286 [main] INFO  file.pruebas_iniciales.primera_prueba - b12b0d92cde52ef0f19cb0dbe929a1ca070240
2025-10-08 12:29:14.286 [main] INFO  file.pruebas_iniciales.primera_prueba - e94bb6fe77f9da7e940093506960e9498b7c29
2025-10-08 12:29:14.286 [main] INFO  file.pruebas_iniciales.primera_prueba - f634b7c7725a4f6ff9ea07b2b3743ef2f5d4b2
2025-10-08 12:29:14.286 [main] INFO  file.pruebas_iniciales.primera_prueba - 06e47b87e93f982945bd1136b222f532df9cdd
2025-10-08 12:29:14.286 [main] INFO  file.pruebas_iniciales.primera_prueba - 09c1d906d393e4df758944cb2e29f2b3527717
2025-10-08 12:29:14.286 [main] INFO  file.pruebas_iniciales.primera_prueba - c6c820737c2de055e5c44c9b84a36a36fa7f56
2025-10-08 12:29:14.286 [main] INFO  file.pruebas_iniciales.primera_prueba - ecc25912ab2409e2e66c78b6ce34df70cf53e4
2025-10-08 12:29:14.287 [main] INFO  file.pruebas_iniciales.primera_prueba - 14fca6fd184943210ecc2e0108ee4e7e9d6780
2025-10-08 12:29:14.287 [main] INFO  file.pruebas_iniciales.primera_prueba - 18cd61481731344a11517a6506965b3260a276
2025-10-08 12:29:14.287 [main] INFO  file.pruebas_iniciales.primera_prueba - 5740126de3904839069c592d12bd25f30c3a5a
2025-10-08 12:29:14.287 [main] INFO  file.pruebas_iniciales.primera_prueba - 68369e21689d6ead99f83d488f80ae7bd2734e
2025-10-08 12:29:14.287 [main] INFO  file.pruebas_iniciales.primera_prueba - d993b328e52d47cf6c91321d04a944aa01a8b7
2025-10-08 12:29:14.287 [main] INFO  file.pruebas_iniciales.primera_prueba - 32c0438bd3d03dabf9b8daa98198c1e4be867b
2025-10-08 12:29:14.287 [main] INFO  file.pruebas_iniciales.primera_prueba - f8f817ee1579f1dde58f952048654fa3579dc5
2025-10-08 12:29:14.288 [main] INFO  file.pruebas_iniciales.primera_prueba - 1100fca141e54b3f12cae0c13a3619c58e4d4d
2025-10-08 12:29:14.288 [main] INFO  file.pruebas_iniciales.primera_prueba - 1933a8aee9aefe8f50164755d33161c144ba19
2025-10-08 12:29:14.288 [main] INFO  file.pruebas_iniciales.primera_prueba - 2113c6e58f3ff2d257267213effc2afd17c360
2025-10-08 12:29:14.288 [main] INFO  file.pruebas_iniciales.primera_prueba - 994cba1002f7934e3937e2a42a976e4c2a0484
2025-10-08 12:29:14.288 [main] INFO  file.pruebas_iniciales.primera_prueba - c310c3d05981d0253e3032db91047c72816a8a
2025-10-08 12:29:14.288 [main] INFO  file.pruebas_iniciales.primera_prueba - d9fe4011573af48ce558ad68ebef81478d8dfd
2025-10-08 12:29:14.288 [main] INFO  file.pruebas_iniciales.primera_prueba - 1b022a3d594e1a72c27b03ae231241844d9e2c
2025-10-08 12:29:14.288 [main] INFO  file.pruebas_iniciales.primera_prueba - 33066f421d22a9c58013fa29fcffae12ba8511
2025-10-08 12:29:14.289 [main] INFO  file.pruebas_iniciales.primera_prueba - 8efed3f71e6ddcea19c327165afbb57a4742a9
2025-10-08 12:29:14.289 [main] INFO  file.pruebas_iniciales.primera_prueba - 1c98689d42555c49b7734a6908ad03ba68bc06
2025-10-08 12:29:14.289 [main] INFO  file.pruebas_iniciales.primera_prueba - 4fb9a76281bca9976d15fc6269f0846e4526e4
2025-10-08 12:29:14.289 [main] INFO  file.pruebas_iniciales.primera_prueba - b43f12c67dc4d373226bd23b238274d2ff81c9
2025-10-08 12:29:14.289 [main] INFO  file.pruebas_iniciales.primera_prueba - c4c39d2d920684b4bd7ad132f00398842c7848
2025-10-08 12:29:14.289 [main] INFO  file.pruebas_iniciales.primera_prueba - dccd3c2a1a63be8b7f0d3e049f7a737ffdf7b1
2025-10-08 12:29:14.289 [main] INFO  file.pruebas_iniciales.primera_prueba - def7d4699e95a42af33d8f20d036d0e16d3624
2025-10-08 12:29:14.289 [main] INFO  file.pruebas_iniciales.primera_prueba - f05b03315e245640f22cd5522b83d89d831db6
2025-10-08 12:29:14.289 [main] INFO  file.pruebas_iniciales.primera_prueba - b9d921e9b006b6ac45500e923f0aac5c802d99
2025-10-08 12:29:14.289 [main] INFO  file.pruebas_iniciales.primera_prueba - dbf8cb9d43f1fd3d8ad989690766d546dc755f
2025-10-08 12:29:14.290 [main] INFO  file.pruebas_iniciales.primera_prueba - 1b68e99523974870d49d2fa233a03b51e550ca
2025-10-08 12:29:14.290 [main] INFO  file.pruebas_iniciales.primera_prueba - 20572d86acfe9c84bd43b5d6951ef8e31cedca
2025-10-08 12:29:14.290 [main] INFO  file.pruebas_iniciales.primera_prueba - 2cabbc827222c61e6c32058abbf210214d97a5
2025-10-08 12:29:14.290 [main] INFO  file.pruebas_iniciales.primera_prueba - 9eee5c2a1ec855737aade85869525752b7abb5
2025-10-08 12:29:14.290 [main] INFO  file.pruebas_iniciales.primera_prueba - 39faeb9e19ca394de5bf59098ce71ed0390f06
2025-10-08 12:29:14.290 [main] INFO  file.pruebas_iniciales.primera_prueba - 3f0aa529d84fc5a02fd728238ea625585e652a
2025-10-08 12:29:14.291 [main] INFO  file.pruebas_iniciales.primera_prueba - c1bd078332916f378e46481e57278037db3cde
2025-10-08 12:29:14.291 [main] INFO  file.pruebas_iniciales.primera_prueba - cf62a76aa6a2409894c42e800a5350b2b8fd84
2025-10-08 12:29:14.291 [main] INFO  file.pruebas_iniciales.primera_prueba - cdd984838cf4faa179cc892a40c9e645d51c08
2025-10-08 12:29:14.291 [main] INFO  file.pruebas_iniciales.primera_prueba - 34a08d77c70d6c56d48ac437e1c6de5ed31c3c
2025-10-08 12:29:14.291 [main] INFO  file.pruebas_iniciales.primera_prueba - 5984cf99b7b7054b3df8632b60aa4e6fbcd216
2025-10-08 12:29:14.291 [main] INFO  file.pruebas_iniciales.primera_prueba - 7665f9d62f6d9358582a48d4fef6e41b19be84
2025-10-08 12:29:14.291 [main] INFO  file.pruebas_iniciales.primera_prueba - 982e568e6e39d272c41bd5954c3fc8d61e4936
2025-10-08 12:29:14.291 [main] INFO  file.pruebas_iniciales.primera_prueba - 9b02e9ae4a6fdc873ec81820e3e1c5821b18a1
2025-10-08 12:29:14.291 [main] INFO  file.pruebas_iniciales.primera_prueba - bc5b84b0f23b6a65ed4cba8637a3505aa2da5e
2025-10-08 12:29:14.293 [main] INFO  file.pruebas_iniciales.primera_prueba - 967711644308cbb91736e0283a72448e7dbf93
2025-10-08 12:29:14.293 [main] INFO  file.pruebas_iniciales.primera_prueba - ef9c1d13078b71bdbc67427f98690e0ffd01ee
2025-10-08 12:29:14.293 [main] INFO  file.pruebas_iniciales.primera_prueba - f29999abba3d981c7d20ad818d2f0ccdcb1d65
2025-10-08 12:29:14.293 [main] INFO  file.pruebas_iniciales.primera_prueba - 05c3a04170f662ecfba8dd18662cb175e1bec7
2025-10-08 12:29:14.293 [main] INFO  file.pruebas_iniciales.primera_prueba - 0c90f57c524b2180bcb39d25ac132bfa8a25da
2025-10-08 12:29:14.293 [main] INFO  file.pruebas_iniciales.primera_prueba - 1c732dca61a85d69e68ee9afdbb7b435901d64
2025-10-08 12:29:14.293 [main] INFO  file.pruebas_iniciales.primera_prueba - 931c5b41157cb07393cd8ac58c7b9e56547d64
2025-10-08 12:29:14.293 [main] INFO  file.pruebas_iniciales.primera_prueba - e1168c6bdb234f3cca168d32b147151347afab
2025-10-08 12:29:14.294 [main] INFO  file.pruebas_iniciales.primera_prueba - 0b00791559573767f2924d19988f2a6b785191
2025-10-08 12:29:14.294 [main] INFO  file.pruebas_iniciales.primera_prueba - 3bb967e1b828352d25d6e981314fd56521086f
2025-10-08 12:29:14.294 [main] INFO  file.pruebas_iniciales.primera_prueba - 4a36f357ef0c1cbb2370823ef5bba16983270f
2025-10-08 12:29:14.294 [main] INFO  file.pruebas_iniciales.primera_prueba - 6b2edd9f3edd8799e18813dfdfc0176c5ac589
2025-10-08 12:29:14.294 [main] INFO  file.pruebas_iniciales.primera_prueba - 91c4d5cca74f74327297e3d7c40d47a5b613c1
2025-10-08 12:29:14.294 [main] INFO  file.pruebas_iniciales.primera_prueba - dd9cac7740aba0b771adb648c70c576075a5e2
2025-10-08 12:29:14.294 [main] INFO  file.pruebas_iniciales.primera_prueba - 01eb9d29355a2f96c8d744279c85f802f51a4d
2025-10-08 12:29:14.294 [main] INFO  file.pruebas_iniciales.primera_prueba - 1ddb9d456b89d0788ae19a9fc0c391bb7b4d08
2025-10-08 12:29:14.294 [main] INFO  file.pruebas_iniciales.primera_prueba - 4b7afb02021302484c002b18a54925e9e603ce
2025-10-08 12:29:14.295 [main] INFO  file.pruebas_iniciales.primera_prueba - 4d656836c5370d76ebb5677183e882625af0b7
2025-10-08 12:29:14.295 [main] INFO  file.pruebas_iniciales.primera_prueba - 19c1c0f49ee4723f59387d7e390feac6a60e89
2025-10-08 12:29:14.295 [main] INFO  file.pruebas_iniciales.primera_prueba - 7c34d7033cca989e2ac441d117243eaa6cff7f
2025-10-08 12:29:14.295 [main] INFO  file.pruebas_iniciales.primera_prueba - 8ed889a46a455f4c68616b7e017ded62ee6682
2025-10-08 12:29:14.295 [main] INFO  file.pruebas_iniciales.primera_prueba - a1d3c5b7eca0046585718d7401632afc3ba062
2025-10-08 12:29:14.295 [main] INFO  file.pruebas_iniciales.primera_prueba - e791bb7da572918ba59e6cf0cacc3c55aba28c
2025-10-08 12:29:14.296 [main] INFO  file.pruebas_iniciales.primera_prueba - 2703a0643ce4df8bf3b03b8acee322c398a3c1
2025-10-08 12:29:14.296 [main] INFO  file.pruebas_iniciales.primera_prueba - 464ee08214bcbedae7013161608bd70d2641d9
2025-10-08 12:29:14.296 [main] INFO  file.pruebas_iniciales.primera_prueba - 89e355afa2232d17a173175524c3a6bcddc5fb
2025-10-08 12:29:14.296 [main] INFO  file.pruebas_iniciales.primera_prueba - b43107d7c66ff8821f8693cec057bfa5acbbe8
2025-10-08 12:29:14.296 [main] INFO  file.pruebas_iniciales.primera_prueba - cc8a0432b2206a909da173eefe14e8c94339a7
2025-10-08 12:29:14.296 [main] INFO  file.pruebas_iniciales.primera_prueba - dfd2d5e2daaa22c3a5f80158c36392455257a0
2025-10-08 12:29:14.296 [main] INFO  file.pruebas_iniciales.primera_prueba - 30d42d3bc6cc864751afe0c180d25da0ed1d01
2025-10-08 12:29:14.297 [main] INFO  file.pruebas_iniciales.primera_prueba - 3f4708db84ac8fd0f5cc47c634f38c013fe9e4
2025-10-08 12:29:14.297 [main] INFO  file.pruebas_iniciales.primera_prueba - 441e9cb47c7fa9261c0023d882a37109773314
2025-10-08 12:29:14.297 [main] INFO  file.pruebas_iniciales.primera_prueba - 496cfa6472b3786ee3bb1ca24b0b7031aed982
2025-10-08 12:29:14.297 [main] INFO  file.pruebas_iniciales.primera_prueba - 5fdef54b0c642e915f0151d84e8b7ea21ffcaf
2025-10-08 12:29:14.297 [main] INFO  file.pruebas_iniciales.primera_prueba - 6ff352844261a0a862ed1783458f4026b8b584
2025-10-08 12:29:14.297 [main] INFO  file.pruebas_iniciales.primera_prueba - a5cf0cb29f64f733fec94e0057107db848be18
2025-10-08 12:29:14.297 [main] INFO  file.pruebas_iniciales.primera_prueba - cc6b99a0756b2ccbb3d857df550ccaa7af01ef
2025-10-08 12:29:14.297 [main] INFO  file.pruebas_iniciales.primera_prueba - e511db5605fb978f05b400f84218f08bb05445
2025-10-08 12:29:14.298 [main] INFO  file.pruebas_iniciales.primera_prueba - 0544cbdcc3c0051ebca22bceff05af6dac8faf
2025-10-08 12:29:14.298 [main] INFO  file.pruebas_iniciales.primera_prueba - 26236f04673d024cffe5cde971ea7d5e1f46c1
2025-10-08 12:29:14.298 [main] INFO  file.pruebas_iniciales.primera_prueba - 7ff37ad4c522f6be851d97b0361e67afc22092
2025-10-08 12:29:14.298 [main] INFO  file.pruebas_iniciales.primera_prueba - bde7465af01e7b3b6fdade90f8e924cecfb950
2025-10-08 12:29:14.298 [main] INFO  file.pruebas_iniciales.primera_prueba - 62c966930cac75f0502fff1e3d17fc97c1a0b5
2025-10-08 12:29:14.298 [main] INFO  file.pruebas_iniciales.primera_prueba - 641b3fd8d27e6d3873125f76a86e9aff2bda47
2025-10-08 12:29:14.298 [main] INFO  file.pruebas_iniciales.primera_prueba - d6d3abc2cdb229422ef20626f4fc5a847156ad
2025-10-08 12:29:14.298 [main] INFO  file.pruebas_iniciales.primera_prueba - d78f11ca5615417f8da629013b655bdf7dbcc5
2025-10-08 12:29:14.298 [main] INFO  file.pruebas_iniciales.primera_prueba - 53e5d843483736666adf70607cf41a3b3b71ad
2025-10-08 12:29:14.298 [main] INFO  file.pruebas_iniciales.primera_prueba - 94368532ef900b1621fb3976eccdb92f13b725
2025-10-08 12:29:14.298 [main] INFO  file.pruebas_iniciales.primera_prueba - a0b7769013920648b17f3f51ba3e88139fdf0e
2025-10-08 12:29:14.298 [main] INFO  file.pruebas_iniciales.primera_prueba - d60eee54c48d2c0bb50a5208ae587f77f51940
2025-10-08 12:29:14.299 [main] INFO  file.pruebas_iniciales.primera_prueba - 29f27f594e7f1c16faccf737322db95e6a1ff1
2025-10-08 12:29:14.299 [main] INFO  file.pruebas_iniciales.primera_prueba - 76347bdd4c78ba71cd34be6f12cb44f8f6b0d7
2025-10-08 12:29:14.299 [main] INFO  file.pruebas_iniciales.primera_prueba - 7d62600bf282072af29612a4b4a21db46e0f58
2025-10-08 12:29:14.299 [main] INFO  file.pruebas_iniciales.primera_prueba - ba6ab7d08169f0fe0416b73e4c75d099c9e28f
2025-10-08 12:29:14.299 [main] INFO  file.pruebas_iniciales.primera_prueba - 598f2995af481b18960e1535c4057aeec2fa87
2025-10-08 12:29:14.299 [main] INFO  file.pruebas_iniciales.primera_prueba - b46de0f327c0b879e720f511aa2efd32a89fe7
2025-10-08 12:29:14.299 [main] INFO  file.pruebas_iniciales.primera_prueba - d84375fbfb43c19b562b7b5b1abfa023d5bff1
2025-10-08 12:29:14.299 [main] INFO  file.pruebas_iniciales.primera_prueba - e50d4b3ec22e38187da14827f937fa54fc6f7d
2025-10-08 12:29:14.300 [main] INFO  file.pruebas_iniciales.primera_prueba - e8ab22d1f0866d609c8c96358710cf77068412
2025-10-08 12:29:14.300 [main] INFO  file.pruebas_iniciales.primera_prueba - 191b0cee41f2375c815a617e4b4affe17416d7
2025-10-08 12:29:14.300 [main] INFO  file.pruebas_iniciales.primera_prueba - 2a902b0fcff118533846d65bca7b333d3530a9
2025-10-08 12:29:14.300 [main] INFO  file.pruebas_iniciales.primera_prueba - 7acc4f2148e4722b894b8c992943422cd741e3
2025-10-08 12:29:14.300 [main] INFO  file.pruebas_iniciales.primera_prueba - eb0e710e624e0dfd10f9887d825410f124f197
2025-10-08 12:29:14.300 [main] INFO  file.pruebas_iniciales.primera_prueba - 48b2e6e6e365710ca7d34eec8ea81337e02400
2025-10-08 12:29:14.300 [main] INFO  file.pruebas_iniciales.primera_prueba - 8eab30f45e2988fdb2aa6dfa065e89ff78b10a
2025-10-08 12:29:14.300 [main] INFO  file.pruebas_iniciales.primera_prueba - ad5207f65a9ff66f25fc61feda0456c7442186
2025-10-08 12:29:14.301 [main] INFO  file.pruebas_iniciales.primera_prueba - 3554aadc4472eda9e28742f7067cf9224e8423
2025-10-08 12:29:14.301 [main] INFO  file.pruebas_iniciales.primera_prueba - 635d6a5f2c2d07347abc6ba368065ab0ee74b8
2025-10-08 12:29:14.301 [main] INFO  file.pruebas_iniciales.primera_prueba - 0173a3597d08be51bc7ff251e05bfe401d175d
2025-10-08 12:29:14.301 [main] INFO  file.pruebas_iniciales.primera_prueba - 80bb9b3fb90823c386001b3c3a91e0b9d333e4
2025-10-08 12:29:14.301 [main] INFO  file.pruebas_iniciales.primera_prueba - b6bf3ad0b8ba6d2fdc6893af1d89796cb6294d
2025-10-08 12:29:14.301 [main] INFO  file.pruebas_iniciales.primera_prueba - 21f7bda44a1ecb4c73f698982048851e5f03b8
2025-10-08 12:29:14.301 [main] INFO  file.pruebas_iniciales.primera_prueba - d835fdb36bb1e0478df6b88b879271103ae878
2025-10-08 12:29:14.301 [main] INFO  file.pruebas_iniciales.primera_prueba - eb69fd3e40d93d99136f72bc70b5d47c36688f
2025-10-08 12:29:14.301 [main] INFO  file.pruebas_iniciales.primera_prueba - 6261f8bef95b1cc8754c5ecac08b6d2319ae77
2025-10-08 12:29:14.301 [main] INFO  file.pruebas_iniciales.primera_prueba - 8733f7d1531adb0b13f0c28d941f566dbc5615
2025-10-08 12:29:14.301 [main] INFO  file.pruebas_iniciales.primera_prueba - 957007fa721e46bfe4acbf956fcb153b58d37a
2025-10-08 12:29:14.303 [main] INFO  file.pruebas_iniciales.primera_prueba - a4c9f34c80185cd4a4741e62e569738a1c8333
2025-10-08 12:29:14.303 [main] INFO  file.pruebas_iniciales.primera_prueba - 15a0f2376a28e721b6a286f4889c6b7c5a859e
2025-10-08 12:29:14.303 [main] INFO  file.pruebas_iniciales.primera_prueba - 969592129378ad8e5f9736161fff0e82304a61
2025-10-08 12:29:14.303 [main] INFO  file.pruebas_iniciales.primera_prueba - e11a9d167592db9db9686ee064dda9b7979e38
2025-10-08 12:29:14.303 [main] INFO  file.pruebas_iniciales.primera_prueba - 22f65190a4475869cc83b967d36428c8007400
2025-10-08 12:29:14.303 [main] INFO  file.pruebas_iniciales.primera_prueba - 331c7333fb1b134e298d17e8e65d0c5d2f78b8
2025-10-08 12:29:14.303 [main] INFO  file.pruebas_iniciales.primera_prueba - 49081fe69b03053e7a527b3ca0ff063c12ee93
2025-10-08 12:29:14.303 [main] INFO  file.pruebas_iniciales.primera_prueba - 68a30cb43d08d40620af319d0a0aef21b49d7f
2025-10-08 12:29:14.303 [main] INFO  file.pruebas_iniciales.primera_prueba - 76f7fa3e29a22082e202353286ed7067ebb0c6
2025-10-08 12:29:14.303 [main] INFO  file.pruebas_iniciales.primera_prueba - b1d96c9b864711771cb82a5df2bd6866879914
2025-10-08 12:29:14.304 [main] INFO  file.pruebas_iniciales.primera_prueba - bb94658236292f48105fee9be5176ff92e2bf5
2025-10-08 12:29:14.304 [main] INFO  file.pruebas_iniciales.primera_prueba - c80506c45097839d6b4ba4a33ea7543bdf98b6
2025-10-08 12:29:14.304 [main] INFO  file.pruebas_iniciales.primera_prueba - 03e98c6c6dad0fd9499ac2384f8c32cf8de9c7
2025-10-08 12:29:14.304 [main] INFO  file.pruebas_iniciales.primera_prueba - 09d846b7719df3bffc312384e6b30d1bca35ca
2025-10-08 12:29:14.304 [main] INFO  file.pruebas_iniciales.primera_prueba - 59dfb0389229d5b39e0ab177a9dfc7af7ebe47
2025-10-08 12:29:14.304 [main] INFO  file.pruebas_iniciales.primera_prueba - 5bc4bc83d2c7b4707a6d055d2b18c1df9d26df
2025-10-08 12:29:14.304 [main] INFO  file.pruebas_iniciales.primera_prueba - 2d74e02ac9af8d6d46f97e73971ef1a155a688
2025-10-08 12:29:14.304 [main] INFO  file.pruebas_iniciales.primera_prueba - 3106b45ac0aaec86febd9e9a249d38eaf09084
2025-10-08 12:29:14.304 [main] INFO  file.pruebas_iniciales.primera_prueba - 3327f014859055d025f6d8872d90bc5a8879b2
2025-10-08 12:29:14.304 [main] INFO  file.pruebas_iniciales.primera_prueba - 05c21ae45354665d21b4539c847e9b6b88e1f7
2025-10-08 12:29:14.304 [main] INFO  file.pruebas_iniciales.primera_prueba - 0a63d2dd22bea3c9a965a0adb7cb738e0988b1
2025-10-08 12:29:14.304 [main] INFO  file.pruebas_iniciales.primera_prueba - d7e811d9454b8a8c5cf1146735bc78855bdd08
2025-10-08 12:29:14.305 [main] INFO  file.pruebas_iniciales.primera_prueba - e1198bdef82c72b4feff1701db51aa56069cbf
2025-10-08 12:29:14.305 [main] INFO  file.pruebas_iniciales.primera_prueba - 0927f34102885c928f2db51bd121c983e58ecf
2025-10-08 12:29:14.305 [main] INFO  file.pruebas_iniciales.primera_prueba - 2aaa7640726588bcd3d57e1de4b1315b7f315e
2025-10-08 12:29:14.305 [main] INFO  file.pruebas_iniciales.primera_prueba - 3ce17d9feef5da489480517c2863fb086c741c
2025-10-08 12:29:14.305 [main] INFO  file.pruebas_iniciales.primera_prueba - 4b16b2fb1694af3e8bcbc0e56a44a37cdf0ed0
2025-10-08 12:29:14.305 [main] INFO  file.pruebas_iniciales.primera_prueba - 5ec1edd027154154a71a9fb3a55041f5d97697
2025-10-08 12:29:14.305 [main] INFO  file.pruebas_iniciales.primera_prueba - fbe69c04ac70ab33594c97bd34c71af8d23534
2025-10-08 12:29:14.306 [main] INFO  file.pruebas_iniciales.primera_prueba - 06e43c842fa9d1a81795db4a1ba9b783bb0b20
2025-10-08 12:29:14.306 [main] INFO  file.pruebas_iniciales.primera_prueba - 1b84dc1c40b6851dacef183fcf84a09164d783
2025-10-08 12:29:14.306 [main] INFO  file.pruebas_iniciales.primera_prueba - 210569723402169156d221cdebcb7a64d31565
2025-10-08 12:29:14.306 [main] INFO  file.pruebas_iniciales.primera_prueba - 9bb1a1136563f06526adc788e5bdf57b2e55a2
2025-10-08 12:29:14.307 [main] INFO  file.pruebas_iniciales.primera_prueba - 0028c72a308aa3b0aa276b29343e2df8c6af7d
2025-10-08 12:29:14.307 [main] INFO  file.pruebas_iniciales.primera_prueba - 00905f8714def71e984482e9908e97736b05b3
2025-10-08 12:29:14.307 [main] INFO  file.pruebas_iniciales.primera_prueba - 50e7badc63384fb1220aaf45406e95f6efea06
2025-10-08 12:29:14.307 [main] INFO  file.pruebas_iniciales.primera_prueba - 543bfb712e29b940bbfc668ea0e4f1611cd1ff
2025-10-08 12:29:14.307 [main] INFO  file.pruebas_iniciales.primera_prueba - a7a803c4a272761dcd36aa70de569c65ebf22d
2025-10-08 12:29:14.307 [main] INFO  file.pruebas_iniciales.primera_prueba - 15df095363605a5642865a742e5018151f9946
2025-10-08 12:29:14.307 [main] INFO  file.pruebas_iniciales.primera_prueba - 20c82ff5ee7923ba37fe251db80fa081392161
2025-10-08 12:29:14.307 [main] INFO  file.pruebas_iniciales.primera_prueba - ae6ce609644e4991062ce7c5fcadcc2b9a4501
2025-10-08 12:29:14.307 [main] INFO  file.pruebas_iniciales.primera_prueba - d38fa356a1a441c9286a2181cb0558df06e543
2025-10-08 12:29:14.307 [main] INFO  file.pruebas_iniciales.primera_prueba - eb58a2a6d5944b0be854a8799aaace3c3abfcb
2025-10-08 12:29:14.307 [main] INFO  file.pruebas_iniciales.primera_prueba - 2986e1f3049cc795d407b9183e1a8f74b8db1d
2025-10-08 12:29:14.307 [main] INFO  file.pruebas_iniciales.primera_prueba - 9fae13d39a59afaa7f92421f5f2a80e2d10c89
2025-10-08 12:29:14.307 [main] INFO  file.pruebas_iniciales.primera_prueba - e9f338aa06d0be4fd5318f2155a668fdbd7062
2025-10-08 12:29:14.308 [main] INFO  file.pruebas_iniciales.primera_prueba - 4167e9233416bdf267ce7243700c1cb841b6de
2025-10-08 12:29:14.308 [main] INFO  file.pruebas_iniciales.primera_prueba - 86569f912870a8f7b6a964a7d7823f6ce5ae51
2025-10-08 12:29:14.308 [main] INFO  file.pruebas_iniciales.primera_prueba - b367b1752c47da1d9094801371f8a313557a60
2025-10-08 12:29:14.308 [main] INFO  file.pruebas_iniciales.primera_prueba - b9ff485335e020b340e3c2eea8bc5dad0432e8
2025-10-08 12:29:14.309 [main] INFO  file.pruebas_iniciales.primera_prueba - 698f0a681d68e9648a0ab6167db3bd9cc74ffd
2025-10-08 12:29:14.309 [main] INFO  file.pruebas_iniciales.primera_prueba - ae511ef5c182056360309f426869e6f7a8bfe7
2025-10-08 12:29:14.309 [main] INFO  file.pruebas_iniciales.primera_prueba - 2954a528fbf842d1433a246f2a3371af0874a8
2025-10-08 12:29:14.309 [main] INFO  file.pruebas_iniciales.primera_prueba - 9a2ea2bd60a20806ba69c56641f42a5817a232
2025-10-08 12:29:14.309 [main] INFO  file.pruebas_iniciales.primera_prueba - a29bc994912a5746c7634985296e45f2e8ef06
2025-10-08 12:29:14.309 [main] INFO  file.pruebas_iniciales.primera_prueba - cf83ac57cad05e277c9cde498f13f91cee97e3
2025-10-08 12:29:14.309 [main] INFO  file.pruebas_iniciales.primera_prueba - e1f380f7759f87d1ea9e036b6672e8fecc020b
2025-10-08 12:29:14.309 [main] INFO  file.pruebas_iniciales.primera_prueba - 363181720032532097b774b87ffd379e5d2348
2025-10-08 12:29:14.310 [main] INFO  file.pruebas_iniciales.primera_prueba - 435af5e262e50bd50a9f5d99c96696ae9d0015
2025-10-08 12:29:14.310 [main] INFO  file.pruebas_iniciales.primera_prueba - 7b84fa0d62e4b578eb7b2a18bbcf575a8ee97d
2025-10-08 12:29:14.310 [main] INFO  file.pruebas_iniciales.primera_prueba - 8a25565dd47669e484a8b3ef572d981db5f242
2025-10-08 12:29:14.310 [main] INFO  file.pruebas_iniciales.primera_prueba - 9e97e8d072c042830576b6531fe1cc46a445ee
2025-10-08 12:29:14.310 [main] INFO  file.pruebas_iniciales.primera_prueba - caffdcf8a6a71eb212c50e67d12ceb93a2c4e5
2025-10-08 12:29:14.310 [main] INFO  file.pruebas_iniciales.primera_prueba - 4cffc314a9a978fd848fc10df019eb9c97fed5
2025-10-08 12:29:14.310 [main] INFO  file.pruebas_iniciales.primera_prueba - bd934251b96e1e811f98beb8e307e32f1b5b5b
2025-10-08 12:29:14.310 [main] INFO  file.pruebas_iniciales.primera_prueba - 3a0566f7544de50b62c07f6c2b6cdbfb4df921
2025-10-08 12:29:14.310 [main] INFO  file.pruebas_iniciales.primera_prueba - be8b1d079d273e324473efaddb1d8273089fb8
2025-10-08 12:29:14.311 [main] INFO  file.pruebas_iniciales.primera_prueba - ef673481380b5750017a05ad2d39f7745657fe
2025-10-08 12:29:14.311 [main] INFO  file.pruebas_iniciales.primera_prueba - 1eab514705258fdb9a028a792202dfd3b91608
2025-10-08 12:29:14.311 [main] INFO  file.pruebas_iniciales.primera_prueba - 73397e0942b21e7d9937dd8a6dbc51bb199e23
2025-10-08 12:29:14.311 [main] INFO  file.pruebas_iniciales.primera_prueba - 98be6c9ae609ccaf5ce64cc5123fefc7e08cc4
2025-10-08 12:29:14.311 [main] INFO  file.pruebas_iniciales.primera_prueba - c2d630bb607ab14cd980371629a22d43ec0cf4
2025-10-08 12:29:14.311 [main] INFO  file.pruebas_iniciales.primera_prueba - ed82fa2ad35885c61e799eda67dfdda4909b6f
2025-10-08 12:29:14.311 [main] INFO  file.pruebas_iniciales.primera_prueba - 4803ae708cc8299c4418870b4a6339120c9205
2025-10-08 12:29:14.311 [main] INFO  file.pruebas_iniciales.primera_prueba - 8c446c9e7758e7e172168d1e0ef88486850b26
2025-10-08 12:29:14.311 [main] INFO  file.pruebas_iniciales.primera_prueba - a9e38a5bf8c364a7ba8082b00ae3cc84148d3f
2025-10-08 12:29:14.311 [main] INFO  file.pruebas_iniciales.primera_prueba - b453c45ce9bf47f5c855d3a5baf45aa6ecb022
2025-10-08 12:29:14.312 [main] INFO  file.pruebas_iniciales.primera_prueba - 56240c3ebe6883ef1204bb051b783b99e0c0c9
2025-10-08 12:29:14.312 [main] INFO  file.pruebas_iniciales.primera_prueba - 6445ed95613dbc0c9de66a36451f155b06ffa5
2025-10-08 12:29:14.312 [main] INFO  file.pruebas_iniciales.primera_prueba - cf3896ad3fb50c936439c65158f53eca44ff1e
2025-10-08 12:29:14.312 [main] INFO  file.pruebas_iniciales.primera_prueba - d7bcb1d855e1083697a19b991fc956db82d55c
2025-10-08 12:29:14.312 [main] INFO  file.pruebas_iniciales.primera_prueba - 0b63d0dbe3f74f04051f7e0c8aaf67c6f934c0
2025-10-08 12:29:14.312 [main] INFO  file.pruebas_iniciales.primera_prueba - 25205291f6e4c1ea58047664eb6bc03f334ddd
2025-10-08 12:29:14.312 [main] INFO  file.pruebas_iniciales.primera_prueba - 4f3d4872957dd216d28325d7074b1e1779f779
2025-10-08 12:29:14.312 [main] INFO  file.pruebas_iniciales.primera_prueba - 709c28b47cfbf8bfa553f28106a70e2469ac03
2025-10-08 12:29:14.312 [main] INFO  file.pruebas_iniciales.primera_prueba - 848ad014b640bfd7cc7b1d71071983a4b44068
2025-10-08 12:29:14.312 [main] INFO  file.pruebas_iniciales.primera_prueba - 94e3630864cf342d885506820d7e64d84f06c1
2025-10-08 12:29:14.313 [main] INFO  file.pruebas_iniciales.primera_prueba - 144c6674d029e1936a44b3d8f7786b4edd65ae
2025-10-08 12:29:14.313 [main] INFO  file.pruebas_iniciales.primera_prueba - 2a14820ad72ee4cd68fcc2f253c5d2db3979e8
2025-10-08 12:29:14.313 [main] INFO  file.pruebas_iniciales.primera_prueba - 67a29aeb357b9da2b22fb3ee6accab2139d803
2025-10-08 12:29:14.313 [main] INFO  file.pruebas_iniciales.primera_prueba - a54fe86701b3a25d74527c9f8cecaed7e788c7
2025-10-08 12:29:14.313 [main] INFO  file.pruebas_iniciales.primera_prueba - ecff1465d27fcce92312331b59add897dddec9
2025-10-08 12:29:14.313 [main] INFO  file.pruebas_iniciales.primera_prueba - 67089662724fd5f790aca9cde81873f61e388a
2025-10-08 12:29:14.313 [main] INFO  file.pruebas_iniciales.primera_prueba - 94ded6268d69ed27de732e66b4c366c1fb3055
2025-10-08 12:29:14.313 [main] INFO  file.pruebas_iniciales.primera_prueba - f5f18dee24ffc71a2db48a3d6e7c4806c36c75
2025-10-08 12:29:14.314 [main] INFO  file.pruebas_iniciales.primera_prueba - 3a240d1007cc8fbe63a9fc26c19376ddf4918d
2025-10-08 12:29:14.314 [main] INFO  file.pruebas_iniciales.primera_prueba - 46ab15feaf23ef2f4a9d2e9ade5662b2482ec8
2025-10-08 12:29:14.314 [main] INFO  file.pruebas_iniciales.primera_prueba - 4dd8053c4936d321890f6d9f7824f2b92c20f6
2025-10-08 12:29:14.314 [main] INFO  file.pruebas_iniciales.primera_prueba - 5dbfd5c414c509269f5636912ca58c53d7d92c
2025-10-08 12:29:14.314 [main] INFO  file.pruebas_iniciales.primera_prueba - cc5ed08cbff1e05cb119e427975e6ce901d626
2025-10-08 12:29:14.314 [main] INFO  file.pruebas_iniciales.primera_prueba - f447f5315eecebf56f9e5557d2dcc15995a4cc
2025-10-08 12:29:14.314 [main] INFO  file.pruebas_iniciales.primera_prueba - 08c1c00fac96853716afe80c779db8a3f3a20c
2025-10-08 12:29:14.314 [main] INFO  file.pruebas_iniciales.primera_prueba - 603ead06449a2c6a45f2dd22ca551be6ef3a98
2025-10-08 12:29:14.314 [main] INFO  file.pruebas_iniciales.primera_prueba - 2e582221645263fd3198908a49656e726f8adc
2025-10-08 12:29:14.314 [main] INFO  file.pruebas_iniciales.primera_prueba - 7867f586635fa6c858738bb93165aa6cdf5723
2025-10-08 12:29:14.314 [main] INFO  file.pruebas_iniciales.primera_prueba - 8ee9ce24bedb3471e3b8fa24e712738b6e4744
2025-10-08 12:29:14.315 [main] INFO  file.pruebas_iniciales.primera_prueba - e120335480654a80c792e0498253bf66d47305
2025-10-08 12:29:14.315 [main] INFO  file.pruebas_iniciales.primera_prueba - e695392019814866223db5e471f01d6f145b65
2025-10-08 12:29:14.315 [main] INFO  file.pruebas_iniciales.primera_prueba - 0465685979f09138169a134ec2a36992b2f9fb
2025-10-08 12:29:14.315 [main] INFO  file.pruebas_iniciales.primera_prueba - 3e7848e5f876bbd4c5b77f11f931a9da335be6
2025-10-08 12:29:14.315 [main] INFO  file.pruebas_iniciales.primera_prueba - a3cd315bf16e42ef89470c1ce16bfe143beb67
2025-10-08 12:29:14.315 [main] INFO  file.pruebas_iniciales.primera_prueba - b134b828cbac0a7a11253f9c459af7104fdaf2
2025-10-08 12:29:14.315 [main] INFO  file.pruebas_iniciales.primera_prueba - c0ffbe58c3ed4c4dea779e48e63a25b8598fd9
2025-10-08 12:29:14.315 [main] INFO  file.pruebas_iniciales.primera_prueba - 556dfe6ac83f8d228fca90b0dddb872b59ca64
2025-10-08 12:29:14.315 [main] INFO  file.pruebas_iniciales.primera_prueba - 56497f5375cc62d850c525264fd6f8f2d11ce6
2025-10-08 12:29:14.315 [main] INFO  file.pruebas_iniciales.primera_prueba - 6d45122e4815c1425442809b656bfc0784681b
2025-10-08 12:29:14.315 [main] INFO  file.pruebas_iniciales.primera_prueba - 66a15ee23d84b3cb009b5f21205d463f814eb4
2025-10-08 12:29:14.316 [main] INFO  file.pruebas_iniciales.primera_prueba - c5650b698c2019d36b0603a7dd35e54abc2c72
2025-10-08 12:29:14.316 [main] INFO  file.pruebas_iniciales.primera_prueba - 3d8eb089c9446dda8b109fc16b750b02ed84bb
2025-10-08 12:29:14.316 [main] INFO  file.pruebas_iniciales.primera_prueba - 85b2588dc6626b61b4ae0cd4b4a2ce8f60f3b8
2025-10-08 12:29:14.316 [main] INFO  file.pruebas_iniciales.primera_prueba - f2d1111333d0496bea73b149ced2ef5408ed17
2025-10-08 12:29:14.316 [main] INFO  file.pruebas_iniciales.primera_prueba - 307fcb4ddd6e8a10a378ab84bf8b45a710b8a3
2025-10-08 12:29:14.316 [main] INFO  file.pruebas_iniciales.primera_prueba - 32e95527317ee73c33ac6b144924597f5f8257
2025-10-08 12:29:14.316 [main] INFO  file.pruebas_iniciales.primera_prueba - 9948a106103a69815f9f324a275dc401e1fd94
2025-10-08 12:29:14.316 [main] INFO  file.pruebas_iniciales.primera_prueba - ea1f9e94f11e04dd3c308cf6971231fa679f5f
2025-10-08 12:29:14.317 [main] INFO  file.pruebas_iniciales.primera_prueba - 069d7b88dfa38f53350a903ef30a8907ccefd1
2025-10-08 12:29:14.317 [main] INFO  file.pruebas_iniciales.primera_prueba - 0be2b588416717ca65f5a4f1b3464abd6882fc
2025-10-08 12:29:14.317 [main] INFO  file.pruebas_iniciales.primera_prueba - 8d15e252cdfa5eb6d76d59667a3c64864c3752
2025-10-08 12:29:14.317 [main] INFO  file.pruebas_iniciales.primera_prueba - 12a9aad45ac8177505a9d41802b6ca99c42c88
2025-10-08 12:29:14.317 [main] INFO  file.pruebas_iniciales.primera_prueba - 863977890401f7158f3d921ad9a3be30cee75c
2025-10-08 12:29:14.317 [main] INFO  file.pruebas_iniciales.primera_prueba - acb56704327caeb7ac99368a458500df3f65c8
2025-10-08 12:29:14.317 [main] INFO  file.pruebas_iniciales.primera_prueba - b934fb67280256677dc52a1e8caf9d315478bb
2025-10-08 12:29:14.317 [main] INFO  file.pruebas_iniciales.primera_prueba - ca4146227ebc68569b835f060ad0d5adabf2fc
2025-10-08 12:29:14.318 [main] INFO  file.pruebas_iniciales.primera_prueba - 6fce834a549067289fe6f6a2b5aeb83be1dbab
2025-10-08 12:29:14.318 [main] INFO  file.pruebas_iniciales.primera_prueba - 822831d2683f12756b316781f31215ea200885
2025-10-08 12:29:14.318 [main] INFO  file.pruebas_iniciales.primera_prueba - aeea40743372ebad4bad88ea90c93b6806503e
2025-10-08 12:29:14.318 [main] INFO  file.pruebas_iniciales.primera_prueba - e3a9cdba1c982398611948f7780dd4797bb71a
2025-10-08 12:29:14.318 [main] INFO  file.pruebas_iniciales.primera_prueba - 09de9b0c50b906a1705019de2975d9f6d56751
2025-10-08 12:29:14.318 [main] INFO  file.pruebas_iniciales.primera_prueba - 4eac657e0e9d27e0d332a3c2a4b287babf7140
2025-10-08 12:29:14.318 [main] INFO  file.pruebas_iniciales.primera_prueba - 795e8249657529af8e1c422bca681615010aa0
2025-10-08 12:29:14.318 [main] INFO  file.pruebas_iniciales.primera_prueba - 88ac54b8aa86454fcf805ef910725fb7b07fd4
2025-10-08 12:29:14.318 [main] INFO  file.pruebas_iniciales.primera_prueba - bbb05cd9251d37ab857b6c9768ea305d9d5904
2025-10-08 12:29:14.318 [main] INFO  file.pruebas_iniciales.primera_prueba - de553cf80704233272a923cd19394449e8a754
2025-10-08 12:29:14.318 [main] INFO  file.pruebas_iniciales.primera_prueba - f1b8659bf8ff211f9849db1514a9f860644004
2025-10-08 12:29:14.318 [main] INFO  file.pruebas_iniciales.primera_prueba - 3ab7e916491b3ef826e467637dd7aa82e5e6e3
2025-10-08 12:29:14.318 [main] INFO  file.pruebas_iniciales.primera_prueba - 5687c1ba6b668c6aa32735b07a4b9faa46a177
2025-10-08 12:29:14.319 [main] INFO  file.pruebas_iniciales.primera_prueba - 6740e9f270b9a9dbed0d78944d9a311d46f17e
2025-10-08 12:29:14.319 [main] INFO  file.pruebas_iniciales.primera_prueba - 9b0138c5fd0fdaa47e82cd34acff239ff8f765
2025-10-08 12:29:14.319 [main] INFO  file.pruebas_iniciales.primera_prueba - aa09c4f4d4670c191574be66aa892a894312e2
2025-10-08 12:29:14.319 [main] INFO  file.pruebas_iniciales.primera_prueba - bc710ba28790d996e87153085acd3fef73baa1
2025-10-08 12:29:14.319 [main] INFO  file.pruebas_iniciales.primera_prueba - 02803035880c81fb03e0091939e3ee44a4c413
2025-10-08 12:29:14.319 [main] INFO  file.pruebas_iniciales.primera_prueba - ed70b652ffe664c36150b200d1f9bbdd58cb87
2025-10-08 12:29:14.319 [main] INFO  file.pruebas_iniciales.primera_prueba - f2d878a14f14d5c6f18dc4e203e8227a7ac1a7
2025-10-08 12:29:14.320 [main] INFO  file.pruebas_iniciales.primera_prueba - 211f1dd47d1d82d79775182e94cd81a68f57e5
2025-10-08 12:29:14.320 [main] INFO  file.pruebas_iniciales.primera_prueba - 2fa2cfe407cb6b364bd8926e8e6c3bc5438772
2025-10-08 12:29:14.320 [main] INFO  file.pruebas_iniciales.primera_prueba - 680ca366e4b4ee5cdc83f801b8cd2783f8b5d6
2025-10-08 12:29:14.320 [main] INFO  file.pruebas_iniciales.primera_prueba - 821140ec9b1b3c471023afcd173fa8029ebe18
2025-10-08 12:29:14.320 [main] INFO  file.pruebas_iniciales.primera_prueba - da9d7a85e8514f66523283c2417c8e720a644b
2025-10-08 12:29:14.320 [main] INFO  file.pruebas_iniciales.primera_prueba - f4b593e5edd735f0c7cd8a4671a436df84c368
2025-10-08 12:29:14.320 [main] INFO  file.pruebas_iniciales.primera_prueba - 0964473df20514831b295344ce6ab91841e839
2025-10-08 12:29:14.320 [main] INFO  file.pruebas_iniciales.primera_prueba - 1bd050ac57d4ca81498a8dc144d852fdc54687
2025-10-08 12:29:14.320 [main] INFO  file.pruebas_iniciales.primera_prueba - 487ea3f91b3f630af23445986c8212dfd933a0
2025-10-08 12:29:14.320 [main] INFO  file.pruebas_iniciales.primera_prueba - 5a07c5c7b9d444d76bbc147339a7cf3eadea76
2025-10-08 12:29:14.320 [main] INFO  file.pruebas_iniciales.primera_prueba - 7eb4f1215d84d2bc7f16bc184721b9c400130f
2025-10-08 12:29:14.320 [main] INFO  file.pruebas_iniciales.primera_prueba - 93f87ffba24d03f3c106a7cd3b64f5e01cbf9c
2025-10-08 12:29:14.320 [main] INFO  file.pruebas_iniciales.primera_prueba - dd9290852bee3710bf66248c3ad4f3cc88ccc2
2025-10-08 12:29:14.321 [main] INFO  file.pruebas_iniciales.primera_prueba - 1124f4d39f953b90a4051cf8744d4af0b7dc22
2025-10-08 12:29:14.321 [main] INFO  file.pruebas_iniciales.primera_prueba - 462a6cf4a5380e037352977c750defd2aaed72
2025-10-08 12:29:14.321 [main] INFO  file.pruebas_iniciales.primera_prueba - 520ea2940e3be19d7dd14db5365af734334c44
2025-10-08 12:29:14.321 [main] INFO  file.pruebas_iniciales.primera_prueba - 8895e839a982e198d5233a84e6e894550d19f2
2025-10-08 12:29:14.321 [main] INFO  file.pruebas_iniciales.primera_prueba - 8b2130ac2b1816839edf6a0c9944b0fab681a3
2025-10-08 12:29:14.321 [main] INFO  file.pruebas_iniciales.primera_prueba - d24b05c8a919f8caa6ee3e7234aafc96c94f0e
2025-10-08 12:29:14.322 [main] INFO  file.pruebas_iniciales.primera_prueba - f2340015d0507416d6fb986724dec96e9bc8e4
2025-10-08 12:29:14.322 [main] INFO  file.pruebas_iniciales.primera_prueba - 35b824be4d6d7c084fedcea780b5aaa49de585
2025-10-08 12:29:14.322 [main] INFO  file.pruebas_iniciales.primera_prueba - 4c7a44f358bb279935d48ca1fc9f77b9766a2c
2025-10-08 12:29:14.322 [main] INFO  file.pruebas_iniciales.primera_prueba - 82f1bf9bce5ef93867f6d94c5ed387b96dbb12
2025-10-08 12:29:14.322 [main] INFO  file.pruebas_iniciales.primera_prueba - c7661dcca079d9cd0aab539258fc70f3b78577
2025-10-08 12:29:14.322 [main] INFO  file.pruebas_iniciales.primera_prueba - d95faa018ce1a8c143b0b0a0113d78efca0ecd
2025-10-08 12:29:14.322 [main] INFO  file.pruebas_iniciales.primera_prueba - eb885cb9a7c640b07b4ebac53fcf708f0de954
2025-10-08 12:29:14.322 [main] INFO  file.pruebas_iniciales.primera_prueba - 054195ad0e2d03a68a5750e40e3796bafc2577
2025-10-08 12:29:14.322 [main] INFO  file.pruebas_iniciales.primera_prueba - 0fb5ef9733dc7731ea59a73ae66294f8c350fb
2025-10-08 12:29:14.322 [main] INFO  file.pruebas_iniciales.primera_prueba - 29722627ed8f034065ce11dcb7369b5a69f9d8
2025-10-08 12:29:14.323 [main] INFO  file.pruebas_iniciales.primera_prueba - add12fb682a3d8c2b93de7b6ac08cf6cacb0ce
2025-10-08 12:29:14.323 [main] INFO  file.pruebas_iniciales.primera_prueba - 78972b9db612f4fd9de22e8bb70d243ff5d298
2025-10-08 12:29:14.323 [main] INFO  file.pruebas_iniciales.primera_prueba - b4c3c97174be7da8ef3263fe86eaaeaa3c4be8
2025-10-08 12:29:14.323 [main] INFO  file.pruebas_iniciales.primera_prueba - 32673a5d703be78771765e7c4b7a38bebb6643
2025-10-08 12:29:14.323 [main] INFO  file.pruebas_iniciales.primera_prueba - 85e66bac8ff23777ac7ed0b391f263a7bc8b52
2025-10-08 12:29:14.323 [main] INFO  file.pruebas_iniciales.primera_prueba - d816c96cc236848cc969809a1e630f43efc207
2025-10-08 12:29:14.323 [main] INFO  file.pruebas_iniciales.primera_prueba - 22adbae9084126649f2018864141a088fcd1cc
2025-10-08 12:29:14.323 [main] INFO  file.pruebas_iniciales.primera_prueba - 337e301b23eb3235acfd4b9db8a3a3e2e7b724
2025-10-08 12:29:14.323 [main] INFO  file.pruebas_iniciales.primera_prueba - 38c25eabc0c54eb02fd9a88192b13d1f2303f5
2025-10-08 12:29:14.323 [main] INFO  file.pruebas_iniciales.primera_prueba - d29f282f6ee7cf1b2a9de25905b0ae02c80bfb
2025-10-08 12:29:14.323 [main] INFO  file.pruebas_iniciales.primera_prueba - db2c09a3fb3d97f32564fdf87bb48a68247d3c
2025-10-08 12:29:14.323 [main] INFO  file.pruebas_iniciales.primera_prueba - 3cd392db07e8f7be84d6da4769eb723baecf01
2025-10-08 12:29:14.323 [main] INFO  file.pruebas_iniciales.primera_prueba - b25dad60462a568462997cc65656b9dbaf1c3e
2025-10-08 12:29:14.323 [main] INFO  file.pruebas_iniciales.primera_prueba - d08e1ecf686851a0e21524e8e42ec5efcc7a94
2025-10-08 12:29:14.324 [main] INFO  file.pruebas_iniciales.primera_prueba - 343969726fa1e6a514055d4538e78674f72886
2025-10-08 12:29:14.324 [main] INFO  file.pruebas_iniciales.primera_prueba - 41b497c4be2f64be42dc55f7ac401c3e176891
2025-10-08 12:29:14.324 [main] INFO  file.pruebas_iniciales.primera_prueba - 5dd6f79434bab1abc178d0e7c60387af74c9ba
2025-10-08 12:29:14.324 [main] INFO  file.pruebas_iniciales.primera_prueba - 773690f9fed545e101506f8494c1856e24795d
2025-10-08 12:29:14.324 [main] INFO  file.pruebas_iniciales.primera_prueba - cdd3b9a973693706c3db1c8e63d5e22d0c727e
2025-10-08 12:29:14.324 [main] INFO  file.pruebas_iniciales.primera_prueba - 08217d1e02f927e6171af72cb849d4b97c5f84
2025-10-08 12:29:14.324 [main] INFO  file.pruebas_iniciales.primera_prueba - 17e4a05ff58bfa7a5ffbd46d0f40e26bc346e7
2025-10-08 12:29:14.324 [main] INFO  file.pruebas_iniciales.primera_prueba - 3b569ad17f3ee9b6a5569f1c966eb7e530c727
2025-10-08 12:29:14.324 [main] INFO  file.pruebas_iniciales.primera_prueba - b4285bf1362083c10f602fe5ddd1b1453c4857
2025-10-08 12:29:14.324 [main] INFO  file.pruebas_iniciales.primera_prueba - f93d354bf1ed350c43821b0da3779aab337a15
2025-10-08 12:29:14.324 [main] INFO  file.pruebas_iniciales.primera_prueba - f26c0203a7844de00dbfc56e6a35d8ed3c022c
2025-10-08 12:29:14.324 [main] INFO  file.pruebas_iniciales.primera_prueba - f6f3e5f20297692bc463fd815abbcea17ead6c
2025-10-08 12:29:14.325 [main] INFO  file.pruebas_iniciales.primera_prueba - 047d6cc0722676fd37a60e71694f771f5a1bdb
2025-10-08 12:29:14.325 [main] INFO  file.pruebas_iniciales.primera_prueba - 1f84d0f37f223fdde14dbd7eb8e27c8da1f4dd
2025-10-08 12:29:14.325 [main] INFO  file.pruebas_iniciales.primera_prueba - 3093f7a3ec870560ff243b74e27118b84a9935
2025-10-08 12:29:14.325 [main] INFO  file.pruebas_iniciales.primera_prueba - 31670cc73936cbe68fe627fc68b69329ef29bd
2025-10-08 12:29:14.325 [main] INFO  file.pruebas_iniciales.primera_prueba - 32fa5014d4e62244a67931577c83d9b0aa2983
2025-10-08 12:29:14.325 [main] INFO  file.pruebas_iniciales.primera_prueba - 46b7b70bf8afc11ec57cbdf8d4b26da65afece
2025-10-08 12:29:14.325 [main] INFO  file.pruebas_iniciales.primera_prueba - 4f802f6d41112248d7e35d3126fdaf710b6d28
2025-10-08 12:29:14.325 [main] INFO  file.pruebas_iniciales.primera_prueba - 7984bb6c3f1e10e23bb2027abcfa84ae076ca5
2025-10-08 12:29:14.325 [main] INFO  file.pruebas_iniciales.primera_prueba - b801730972469b33763b7de97790f8869f1d1e
2025-10-08 12:29:14.326 [main] INFO  file.pruebas_iniciales.primera_prueba - cfba38e0567a376a3494dd24faaab9048de3af
2025-10-08 12:29:14.326 [main] INFO  file.pruebas_iniciales.primera_prueba - 201e7c04c116e65b83cd16ea4bfbf1ba88e77d
2025-10-08 12:29:14.326 [main] INFO  file.pruebas_iniciales.primera_prueba - b6eb945793ecb0dd48bd192ceca65047a42d57
2025-10-08 12:29:14.326 [main] INFO  file.pruebas_iniciales.primera_prueba - 044fc1ce117c81bcff0411a2787904de2d22d6
2025-10-08 12:29:14.326 [main] INFO  file.pruebas_iniciales.primera_prueba - 3043db84a666fb8b4ba9541220182d51f78203
2025-10-08 12:29:14.326 [main] INFO  file.pruebas_iniciales.primera_prueba - a75ad305dfb76063926485eb3897d4760ba0a3
2025-10-08 12:29:14.326 [main] INFO  file.pruebas_iniciales.primera_prueba - d3691386dad21af0232e408b96347c8eb9398d
2025-10-08 12:29:14.326 [main] INFO  file.pruebas_iniciales.primera_prueba - 0d36810eedfb8cd4eb495f796d536a6dee9ed7
2025-10-08 12:29:14.326 [main] INFO  file.pruebas_iniciales.primera_prueba - 390f501d055f97f1a023eb11d0916f4992c3e9
2025-10-08 12:29:14.327 [main] INFO  file.pruebas_iniciales.primera_prueba - 46e0c56c8497b0c76e9c46ae549357143ff928
2025-10-08 12:29:14.327 [main] INFO  file.pruebas_iniciales.primera_prueba - 7cdbca544cf8c98840b83a84bbfdd0a542e189
2025-10-08 12:29:14.327 [main] INFO  file.pruebas_iniciales.primera_prueba - 841fcd855ae4bbd9389bb4dd0c325d2a7961ad
2025-10-08 12:29:14.327 [main] INFO  file.pruebas_iniciales.primera_prueba - cc1d099323f5f9a66dbcd04f4478a507ca57bc
2025-10-08 12:29:14.327 [main] INFO  file.pruebas_iniciales.primera_prueba - f4be48645ba4e67f33ad4c8b225932041d87e2
2025-10-08 12:29:14.327 [main] INFO  file.pruebas_iniciales.primera_prueba - ffde76cb6690350a757596f922e265cec42873
2025-10-08 12:29:14.327 [main] INFO  file.pruebas_iniciales.primera_prueba - c61f9c7e87dc13324ce5ffbfef492593b194c9
2025-10-08 12:29:14.327 [main] INFO  file.pruebas_iniciales.primera_prueba - 07be48ed28c9c8ecac07210a147b350b0d386b
2025-10-08 12:29:14.327 [main] INFO  file.pruebas_iniciales.primera_prueba - 2ba01e23d87a97a7a04884cf80e12cc5454cb0
2025-10-08 12:29:14.327 [main] INFO  file.pruebas_iniciales.primera_prueba - 4bb8930d11149f31be99667d42b0b650ce423a
2025-10-08 12:29:14.327 [main] INFO  file.pruebas_iniciales.primera_prueba - d2adf8dbd5aa0185d3e14ff32a49439d061899
2025-10-08 12:29:14.328 [main] INFO  file.pruebas_iniciales.primera_prueba - e89b5b4c3815f1fbfb04aab14156b14f1cec2c
2025-10-08 12:29:14.328 [main] INFO  file.pruebas_iniciales.primera_prueba - 636eb316b8ca796db5cd6a17220067e7a2c1a1
2025-10-08 12:29:14.328 [main] INFO  file.pruebas_iniciales.primera_prueba - 743241684e8f4b68f5432ee5469b90b70bae4e
2025-10-08 12:29:14.328 [main] INFO  file.pruebas_iniciales.primera_prueba - aff2d7396626ca2fd939585f54629507be148c
2025-10-08 12:29:14.328 [main] INFO  file.pruebas_iniciales.primera_prueba - 1587f64cb0c6f2d9c38847ecbaa29775b3c9c1
2025-10-08 12:29:14.328 [main] INFO  file.pruebas_iniciales.primera_prueba - 8fd6c6732ee6f22e1dac261fdbe310b61851d5
2025-10-08 12:29:14.328 [main] INFO  file.pruebas_iniciales.primera_prueba - b4e0ca21445c874d3f9fec8490957fcc049deb
2025-10-08 12:29:14.328 [main] INFO  file.pruebas_iniciales.primera_prueba - 19f3301f868a44f1467316b91cd31ef8827e0b
2025-10-08 12:29:14.328 [main] INFO  file.pruebas_iniciales.primera_prueba - 63da58c88beaaa89d01139bbaac7b565f2bee1
2025-10-08 12:29:14.328 [main] INFO  file.pruebas_iniciales.primera_prueba - ee3cbc9a7fb4242b2f2becb901674986dc4389
2025-10-08 12:29:14.329 [main] INFO  file.pruebas_iniciales.primera_prueba - f9703789c8ba997a2cc996ffca6af1770ddcf0
2025-10-08 12:29:14.329 [main] INFO  file.pruebas_iniciales.primera_prueba - 23c08b59fbc46a59b00aa102292e0e7ee4ad45
2025-10-08 12:29:14.329 [main] INFO  file.pruebas_iniciales.primera_prueba - 2958236c89240aea412a0db7611054f445bac9
2025-10-08 12:29:14.329 [main] INFO  file.pruebas_iniciales.primera_prueba - 6747e976e64c795a330aba4fd4b8289e330e98
2025-10-08 12:29:14.329 [main] INFO  file.pruebas_iniciales.primera_prueba - 68f3475e95f9b3f7e29d16851eb1a1f1a95cc4
2025-10-08 12:29:14.329 [main] INFO  file.pruebas_iniciales.primera_prueba - d84fd427a79cacc2483e7a84eb0e611914002c
2025-10-08 12:29:14.329 [main] INFO  file.pruebas_iniciales.primera_prueba - 0611777f459169f70728a0a207fc3187a85e45
2025-10-08 12:29:14.329 [main] INFO  file.pruebas_iniciales.primera_prueba - 3a1c637538f5e4397c5cf4582fbf5836d20e66
2025-10-08 12:29:14.329 [main] INFO  file.pruebas_iniciales.primera_prueba - 606d6ed976d60fd8b30af86e953d7f85e6fe6f
2025-10-08 12:29:14.329 [main] INFO  file.pruebas_iniciales.primera_prueba - 6509abdad05801761ff0668d6e80f7f8747f6a
2025-10-08 12:29:14.329 [main] INFO  file.pruebas_iniciales.primera_prueba - c679ff3f971194d94ca6da208eee2b8f1ef7f1
2025-10-08 12:29:14.330 [main] INFO  file.pruebas_iniciales.primera_prueba - 608fab36e2332762edda6c6f63c6a3fc868a7c
2025-10-08 12:29:14.330 [main] INFO  file.pruebas_iniciales.primera_prueba - b2508bc6472eabfb6c0143884b1bcc2dac84bb
2025-10-08 12:29:14.330 [main] INFO  file.pruebas_iniciales.primera_prueba - f591f467a1c0c949bbc510156a0c1afb860a6e
2025-10-08 12:29:14.330 [main] INFO  file.pruebas_iniciales.primera_prueba - 17b8c026691d70ef288f1f8624e66d5e5689d5
2025-10-08 12:29:14.330 [main] INFO  file.pruebas_iniciales.primera_prueba - bdf5ffd03a3bbcf0e91a9ca97d268d59ec29c9
2025-10-08 12:29:14.330 [main] INFO  file.pruebas_iniciales.primera_prueba - f159a4176e971e28997efc545e1ca0b17192a0
2025-10-08 12:29:14.330 [main] INFO  file.pruebas_iniciales.primera_prueba - 0ba4985a69fd9c97b301e53dc439bf915ec144
2025-10-08 12:29:14.330 [main] INFO  file.pruebas_iniciales.primera_prueba - 4790ebb4d7c68333ff5831d80bb78ab8d07db5
2025-10-08 12:29:14.330 [main] INFO  file.pruebas_iniciales.primera_prueba - 70f9bc5ae7d2866887a28b66856f8be27c3cc5
2025-10-08 12:29:14.330 [main] INFO  file.pruebas_iniciales.primera_prueba - c76b2ebfb1780e26639405ff1b816d7611ebaf
2025-10-08 12:29:14.331 [main] INFO  file.pruebas_iniciales.primera_prueba - d57574684172d918284235021c5947845c7db9
2025-10-08 12:29:14.331 [main] INFO  file.pruebas_iniciales.primera_prueba - da191e16160afe9b3d25cd25b932cd1efb59a8
2025-10-08 12:29:14.331 [main] INFO  file.pruebas_iniciales.primera_prueba - ee86b135e8bdd32d155cc27e297b087383a846
2025-10-08 12:29:14.331 [main] INFO  file.pruebas_iniciales.primera_prueba - 5d5191dcce6deccfb3eb199f6bbd8f4c1da86f
2025-10-08 12:29:14.331 [main] INFO  file.pruebas_iniciales.primera_prueba - 8779d7fa7efff041b207ef75fd0456ceadd432
2025-10-08 12:29:14.331 [main] INFO  file.pruebas_iniciales.primera_prueba - a7e5461723ac4aa52f7ee19f9ba1a4e86eac14
2025-10-08 12:29:14.331 [main] INFO  file.pruebas_iniciales.primera_prueba - 1e5714c724a322f10e784f84c41e23577fe206
2025-10-08 12:29:14.331 [main] INFO  file.pruebas_iniciales.primera_prueba - bf8e5211b6a04431b29bc5ab1269fb2676782d
2025-10-08 12:29:14.331 [main] INFO  file.pruebas_iniciales.primera_prueba - 2c156cc09f6093553cb205aee6a9039d378a23
2025-10-08 12:29:14.331 [main] INFO  file.pruebas_iniciales.primera_prueba - 3b4089d5c316de2d05b4bbf7e490b275b50eb4
2025-10-08 12:29:14.331 [main] INFO  file.pruebas_iniciales.primera_prueba - 8e0d28c3220f1f3a06732a6dc62653bcd4beea
2025-10-08 12:29:14.331 [main] INFO  file.pruebas_iniciales.primera_prueba - 995c1c36116d50409e3f533e6a229f7e778705
2025-10-08 12:29:14.331 [main] INFO  file.pruebas_iniciales.primera_prueba - d019f5d9a7f0bc7813089a2155f29dc7963bec
2025-10-08 12:29:14.333 [main] INFO  file.pruebas_iniciales.primera_prueba - 1b186d7937fc6654942269c3c837df77cc3a18
2025-10-08 12:29:14.333 [main] INFO  file.pruebas_iniciales.primera_prueba - 1f894a69c750064cad3f497b8c30b72111191e
2025-10-08 12:29:14.333 [main] INFO  file.pruebas_iniciales.primera_prueba - 8aa952332882f922be3dc7f3be963c6c7854c5
2025-10-08 12:29:14.333 [main] INFO  file.pruebas_iniciales.primera_prueba - ac6029f84a1367d40fbb9d74138e8fd39e3807
2025-10-08 12:29:14.333 [main] INFO  file.pruebas_iniciales.primera_prueba - cbe559c9b36e8df4c6cc139068472d8672de86
2025-10-08 12:29:14.333 [main] INFO  file.pruebas_iniciales.primera_prueba - de5a87c4f489bd174521e31ee40c028e579113
2025-10-08 12:29:14.333 [main] INFO  file.pruebas_iniciales.primera_prueba - e764086fdb378b3a065045607659ec5a3b678e
2025-10-08 12:29:14.333 [main] INFO  file.pruebas_iniciales.primera_prueba - ef56d263060a9a3dc0907344d943584b38e0a8
2025-10-08 12:29:14.333 [main] INFO  file.pruebas_iniciales.primera_prueba - 3c1726048cd06b9a143e0376ed46dd9b9a8d53
2025-10-08 12:29:14.333 [main] INFO  file.pruebas_iniciales.primera_prueba - 6229910d8d0fcc0ae885f1a5ec232c3044f1cd
2025-10-08 12:29:14.333 [main] INFO  file.pruebas_iniciales.primera_prueba - a65244fdee35270d4032eca5a181ef4074a305
2025-10-08 12:29:14.333 [main] INFO  file.pruebas_iniciales.primera_prueba - ac298bf700786170297b89ff38f90a95fbd2e6
2025-10-08 12:29:14.333 [main] INFO  file.pruebas_iniciales.primera_prueba - d34689dca3bc6e6ba9372c8e738eccd7a39e62
2025-10-08 12:29:14.333 [main] INFO  file.pruebas_iniciales.primera_prueba - 1c7e0cffed23215bf62c26c44bb1ac59e652b9
2025-10-08 12:29:14.334 [main] INFO  file.pruebas_iniciales.primera_prueba - 8b1477ca6662bdd09f75f1aa7c11c12735824e
2025-10-08 12:29:14.334 [main] INFO  file.pruebas_iniciales.primera_prueba - 8e9bbd84ec0e97ff0262f3abea6b5f41af7dbc
2025-10-08 12:29:14.334 [main] INFO  file.pruebas_iniciales.primera_prueba - 1f4de40515e31860b9307afd0cbbf14976de94
2025-10-08 12:29:14.334 [main] INFO  file.pruebas_iniciales.primera_prueba - 33a7aac4a610829d0893a733587480f9b1f198
2025-10-08 12:29:14.334 [main] INFO  file.pruebas_iniciales.primera_prueba - 6073e032f48c3f22d5f6a2b7f88473db28bd77
2025-10-08 12:29:14.334 [main] INFO  file.pruebas_iniciales.primera_prueba - 9360485a0a14092934076ee2d952b972c74c75
2025-10-08 12:29:14.334 [main] INFO  file.pruebas_iniciales.primera_prueba - 97d5da3e173337f495ef6fecfa0b8e7bc9769b
2025-10-08 12:29:14.334 [main] INFO  file.pruebas_iniciales.primera_prueba - f50b5ba7485446db68974c2f42c5d4876dab8c
2025-10-08 12:29:14.334 [main] INFO  file.pruebas_iniciales.primera_prueba - f5e113ff209dcc5d0dbc090bb31cdb3ae6c79b
2025-10-08 12:29:14.334 [main] INFO  file.pruebas_iniciales.primera_prueba - b1bcad9de64980ad9dd4dc5cb5fbe60c7f963f
2025-10-08 12:29:14.335 [main] INFO  file.pruebas_iniciales.primera_prueba - fbf6eda986327bb2beaf4efba9bdfa9a29651c
2025-10-08 12:29:14.335 [main] INFO  file.pruebas_iniciales.primera_prueba - 46731cfd6e34b9c77c562cba7f981525ad80c8
2025-10-08 12:29:14.335 [main] INFO  file.pruebas_iniciales.primera_prueba - 60dc14e80eaddb33d890ea3f6c78a6d91dab2c
2025-10-08 12:29:14.335 [main] INFO  file.pruebas_iniciales.primera_prueba - ba7618080f61a439f63b46738ab5c068a1b1d9
2025-10-08 12:29:14.335 [main] INFO  file.pruebas_iniciales.primera_prueba - d1a0715b908727f5896cd0b4ea6a4a6ad8fa51
2025-10-08 12:29:14.335 [main] INFO  file.pruebas_iniciales.primera_prueba - 4e564f2265cbb29d4a66b2a00778054bfb7d2d
2025-10-08 12:29:14.335 [main] INFO  file.pruebas_iniciales.primera_prueba - 7aba0c7869c0d1640b869e8029addad9795fa2
2025-10-08 12:29:14.335 [main] INFO  file.pruebas_iniciales.primera_prueba - 8be4cd913cb5dd8b16edb5303d29e5c2b80707
2025-10-08 12:29:14.335 [main] INFO  file.pruebas_iniciales.primera_prueba - c1135f12a8d698af29cba8d3c905578bf7c9be
2025-10-08 12:29:14.335 [main] INFO  file.pruebas_iniciales.primera_prueba - c88d4d7ce73ad12c468743527ea37acb6aa3a8
2025-10-08 12:29:14.335 [main] INFO  file.pruebas_iniciales.primera_prueba - e1b9eb6ed88a1a2a03fdbc8084a235f30950e4
2025-10-08 12:29:14.335 [main] INFO  file.pruebas_iniciales.primera_prueba - 1124eea5a05dbedd6bae5dd624f45a5eb98a0b
2025-10-08 12:29:14.336 [main] INFO  file.pruebas_iniciales.primera_prueba - 1ca2cdcb09c8792c70b97649d78f752d494994
2025-10-08 12:29:14.336 [main] INFO  file.pruebas_iniciales.primera_prueba - 26cc595bb38984295014ad803ea6686fbdec94
2025-10-08 12:29:14.336 [main] INFO  file.pruebas_iniciales.primera_prueba - 886256a1a1f88d84c3fbdd3bc4b4882afedf95
2025-10-08 12:29:14.336 [main] INFO  file.pruebas_iniciales.primera_prueba - 9af6bdc5b96f7f933017387f974063effce3a7
2025-10-08 12:29:14.336 [main] INFO  file.pruebas_iniciales.primera_prueba - d5993f30c06936803cbb53a9a8b899aebe3f60
2025-10-08 12:29:14.336 [main] INFO  file.pruebas_iniciales.primera_prueba - 19f8dab60ffc598b2ba87d1e3fd7941acf3030
2025-10-08 12:29:14.336 [main] INFO  file.pruebas_iniciales.primera_prueba - 2cc3ef87bed2523be5386ec99dfcdea26d5479
2025-10-08 12:29:14.336 [main] INFO  file.pruebas_iniciales.primera_prueba - 3ed2d867729d56c2a5233ca7cf8d26a004b91c
2025-10-08 12:29:14.336 [main] INFO  file.pruebas_iniciales.primera_prueba - 7df1e2e4d7e6cddee32da3a97c1f1401911c15
2025-10-08 12:29:14.336 [main] INFO  file.pruebas_iniciales.primera_prueba - 8a686f0af808da722a31c71766bd712f6246cb
2025-10-08 12:29:14.336 [main] INFO  file.pruebas_iniciales.primera_prueba - a545dfebb298b1f55026d866146938d75e48a0
2025-10-08 12:29:14.336 [main] INFO  file.pruebas_iniciales.primera_prueba - b2fc36a70984f0a14d0944389c204fcc914c73
2025-10-08 12:29:14.336 [main] INFO  file.pruebas_iniciales.primera_prueba - f21a52a3d8b74b7e17021ee15cfb966f96abec
2025-10-08 12:29:14.336 [main] INFO  file.pruebas_iniciales.primera_prueba - 027275b2094d90e4dcb2df51b10dcdfe136fc7
2025-10-08 12:29:14.336 [main] INFO  file.pruebas_iniciales.primera_prueba - 3c05f97afc4110cea11d2edd45ff799af0f4ba
2025-10-08 12:29:14.337 [main] INFO  file.pruebas_iniciales.primera_prueba - 7baab6739ec6a21739be91af3f2337d64b9d4b
2025-10-08 12:29:14.337 [main] INFO  file.pruebas_iniciales.primera_prueba - 3d22266ac8aa2f8df2edef68082c789727841d
2025-10-08 12:29:14.337 [main] INFO  file.pruebas_iniciales.primera_prueba - 49511e03b6f891fe9474ddfec55c4137cf7ef4
2025-10-08 12:29:14.337 [main] INFO  file.pruebas_iniciales.primera_prueba - 5d233630db3f173a36e4b36ea06abf88748d07
2025-10-08 12:29:14.337 [main] INFO  file.pruebas_iniciales.primera_prueba - b68107943c1b5eb6ee96f9fa63dbe6cec68dc8
2025-10-08 12:29:14.337 [main] INFO  file.pruebas_iniciales.primera_prueba - ebe0dba8ec86565b8babb03ac0b96de92ace2f
2025-10-08 12:29:14.337 [main] INFO  file.pruebas_iniciales.primera_prueba - 199e0ed8edb48db1b21b57ab9078ee79b4383f
2025-10-08 12:29:14.337 [main] INFO  file.pruebas_iniciales.primera_prueba - 3ad5f3144ee80a6f178a326cac47a82e14cf1c
2025-10-08 12:29:14.337 [main] INFO  file.pruebas_iniciales.primera_prueba - b095d9627f1209b6e6bd9b791d48b690ce655b
2025-10-08 12:29:14.337 [main] INFO  file.pruebas_iniciales.primera_prueba - 5c091124f665b89407f4e8c83b5017e12c7bd1
2025-10-08 12:29:14.337 [main] INFO  file.pruebas_iniciales.primera_prueba - 8fa3517a1ff29d84a940c59984a53fceba3c8c
2025-10-08 12:29:14.337 [main] INFO  file.pruebas_iniciales.primera_prueba - a0dea34004b9b8dd40d190a915f58e527f3bc0
2025-10-08 12:29:14.338 [main] INFO  file.pruebas_iniciales.primera_prueba - bfffe9be3ea3ceb5cd91cb928d6159033ced7c
2025-10-08 12:29:14.338 [main] INFO  file.pruebas_iniciales.primera_prueba - efe5a00814ab29f955bfc24c65fd962da43270
2025-10-08 12:29:14.338 [main] INFO  file.pruebas_iniciales.primera_prueba - f6776506d54aa9f5679093118b79880e60a19d
2025-10-08 12:29:14.338 [main] INFO  file.pruebas_iniciales.primera_prueba - ffb0659d1060a127c0850bf02e704c1efa0073
2025-10-08 12:29:14.338 [main] INFO  file.pruebas_iniciales.primera_prueba - 73b717b10473d387f75af583eead8bc23f2ec8
2025-10-08 12:29:14.338 [main] INFO  file.pruebas_iniciales.primera_prueba - 9c8a2415d36525fcf75cf99e3eb158554a6128
2025-10-08 12:29:14.338 [main] INFO  file.pruebas_iniciales.primera_prueba - c4543094feee50a51081ea4317107f7c12ea9a
2025-10-08 12:29:14.338 [main] INFO  file.pruebas_iniciales.primera_prueba - d1ef717c91abbabbdf153a5c8e358edf53b4a2
2025-10-08 12:29:14.338 [main] INFO  file.pruebas_iniciales.primera_prueba - 0009a4558794f522345b21f16e8ab4e0be28d0
2025-10-08 12:29:14.338 [main] INFO  file.pruebas_iniciales.primera_prueba - 305b60e102dd64cda9682c1efa08720da9d703
2025-10-08 12:29:14.338 [main] INFO  file.pruebas_iniciales.primera_prueba - 3df98efcfe4976423f973a8ea2b7cf820d2579
2025-10-08 12:29:14.338 [main] INFO  file.pruebas_iniciales.primera_prueba - 4aaa7a5c9dbd35b979728668932f25eb25b403
2025-10-08 12:29:14.338 [main] INFO  file.pruebas_iniciales.primera_prueba - 5dfb8f58856d3a309e4c637f4f69a92cccc645
2025-10-08 12:29:14.338 [main] INFO  file.pruebas_iniciales.primera_prueba - bd7c67a1261e69067afd0529e96c27c1c47ff7
2025-10-08 12:29:14.339 [main] INFO  file.pruebas_iniciales.primera_prueba - f33e36a4d9ad90e082460702da0ed582dfd786
2025-10-08 12:29:14.339 [main] INFO  file.pruebas_iniciales.primera_prueba - 7a7fe72a33a8db7f0e33d9d6ce91a8cf14ea98
2025-10-08 12:29:14.339 [main] INFO  file.pruebas_iniciales.primera_prueba - badfb8eafdd0b192c8cf72c0d0db434b72aaaa
2025-10-08 12:29:14.339 [main] INFO  file.pruebas_iniciales.primera_prueba - bc0e0ca955b3d5c89a9f56f8046393bc726bba
2025-10-08 12:29:14.339 [main] INFO  file.pruebas_iniciales.primera_prueba - d05396b3e5bf2b6f668d8b23a97a7f8eb9d000
2025-10-08 12:29:14.339 [main] INFO  file.pruebas_iniciales.primera_prueba - 33bbe78a8e5ea61fa1b3d11d21057e7edb74bd
2025-10-08 12:29:14.339 [main] INFO  file.pruebas_iniciales.primera_prueba - 48ebb51704501c1213f7861af0985e05af507f
2025-10-08 12:29:14.339 [main] INFO  file.pruebas_iniciales.primera_prueba - 5a3614e256496631aabf4d6500660d61b9ee85
2025-10-08 12:29:14.339 [main] INFO  file.pruebas_iniciales.primera_prueba - 6a80e860301bafeacc67b2efd60f6fbbf01fee
2025-10-08 12:29:14.339 [main] INFO  file.pruebas_iniciales.primera_prueba - 7a32dd6432ca4ef4b37f9fd3c43acf9e874e91
2025-10-08 12:29:14.339 [main] INFO  file.pruebas_iniciales.primera_prueba - 97322ab0edf257158dce8cc887713d25feb083
2025-10-08 12:29:14.339 [main] INFO  file.pruebas_iniciales.primera_prueba - a4554e5a376af5b98c8788747bcea17afd4d21
2025-10-08 12:29:14.339 [main] INFO  file.pruebas_iniciales.primera_prueba - da06d64a64df1fd78d8195b1c9e8890384b0f3
2025-10-08 12:29:14.340 [main] INFO  file.pruebas_iniciales.primera_prueba - 3841bd757ad7b37356b0569630438a5207c31f
2025-10-08 12:29:14.340 [main] INFO  file.pruebas_iniciales.primera_prueba - 5d4cdbc94114dd4ba32990831a27adfd837135
2025-10-08 12:29:14.340 [main] INFO  file.pruebas_iniciales.primera_prueba - 91841e3a4b83575fd6d01d592d0b311779fffa
2025-10-08 12:29:14.340 [main] INFO  file.pruebas_iniciales.primera_prueba - d917126300d53f9681c7816f134b9f91b8807f
2025-10-08 12:29:14.340 [main] INFO  file.pruebas_iniciales.primera_prueba - f47b7389868e224894fd1e56cd3f42f70e8063
2025-10-08 12:29:14.340 [main] INFO  file.pruebas_iniciales.primera_prueba - 2e10583bcfdf01aaf7e8626763010dc06025a5
2025-10-08 12:29:14.340 [main] INFO  file.pruebas_iniciales.primera_prueba - 90737681d5dd745c651eb2e6caf536c8c3e7e6
2025-10-08 12:29:14.340 [main] INFO  file.pruebas_iniciales.primera_prueba - f7fef8e973a10f45e0638cdecec9c5e0ae7c42
2025-10-08 12:29:14.341 [main] INFO  file.pruebas_iniciales.primera_prueba - fc8a5f3c24aad6cf739877966568eea8e1d2d5
2025-10-08 12:29:14.341 [main] INFO  file.pruebas_iniciales.primera_prueba - 183bd4edbc67f2dfbd323dc583e5da6047fd6f
2025-10-08 12:29:14.341 [main] INFO  file.pruebas_iniciales.primera_prueba - 3d505feee16fb529ee15735a8b964d5e4ab1d5
2025-10-08 12:29:14.341 [main] INFO  file.pruebas_iniciales.primera_prueba - 6bafa1efee0514dde766fc0d519c6a5e560b63
2025-10-08 12:29:14.341 [main] INFO  file.pruebas_iniciales.primera_prueba - 750fd08c1577e23ae2d6abebf9d98346ae9ef3
2025-10-08 12:29:14.341 [main] INFO  file.pruebas_iniciales.primera_prueba - 7ea1643826f4a402dc286355809dc7fdd2a7d4
2025-10-08 12:29:14.341 [main] INFO  file.pruebas_iniciales.primera_prueba - 8194b175a0237f11c03b936b6816b2d50df6c0
2025-10-08 12:29:14.341 [main] INFO  file.pruebas_iniciales.primera_prueba - 92477eb7cf260944408e82a105f2a0e78b084d
2025-10-08 12:29:14.341 [main] INFO  file.pruebas_iniciales.primera_prueba - a60ab32acbee6fbe94c2dd67fe1ea299a052f9
2025-10-08 12:29:14.341 [main] INFO  file.pruebas_iniciales.primera_prueba - e1ade4d46943feee575100aa686cc899b3415e
2025-10-08 12:29:14.341 [main] INFO  file.pruebas_iniciales.primera_prueba - e3ec33b176f691ad7fec92fa37194afa3624c2
2025-10-08 12:29:14.342 [main] INFO  file.pruebas_iniciales.primera_prueba - 7e854cc19ead63741cd51624b6f0998c47edf2
2025-10-08 12:29:14.342 [main] INFO  file.pruebas_iniciales.primera_prueba - c9f02d51a3fedc82658409176674a0dcdf63a3
2025-10-08 12:29:14.342 [main] INFO  file.pruebas_iniciales.primera_prueba - e9487bd967335a1fe2b9bf241656c750f1c455
2025-10-08 12:29:14.342 [main] INFO  file.pruebas_iniciales.primera_prueba - f9ece8e1bfd196af8090d99c01bdaa31d07483
2025-10-08 12:29:14.342 [main] INFO  file.pruebas_iniciales.primera_prueba - 01d854ce94e07ff0055eee8a8091bc87fd6590
2025-10-08 12:29:14.343 [main] INFO  file.pruebas_iniciales.primera_prueba - 2a15143c78f6c3eb76a244d389caa7782aced3
2025-10-08 12:29:14.343 [main] INFO  file.pruebas_iniciales.primera_prueba - 763c08426db9af6323058451528c0b18109fa2
2025-10-08 12:29:14.343 [main] INFO  file.pruebas_iniciales.primera_prueba - 0a67064abf6e17372fc1e195a54fbbcf270724
2025-10-08 12:29:14.343 [main] INFO  file.pruebas_iniciales.primera_prueba - 0b9ca1fa2c7de7a7a8c86416959c882dc96d6c
2025-10-08 12:29:14.343 [main] INFO  file.pruebas_iniciales.primera_prueba - 9a3866524fb6776cdc7fead432da69bde84791
2025-10-08 12:29:14.343 [main] INFO  file.pruebas_iniciales.primera_prueba - 9ad4f45d094d78811eba6a19841bfb36851b80
2025-10-08 12:29:14.343 [main] INFO  file.pruebas_iniciales.primera_prueba - e087c00e8316e342a57e82b80f547c0b9a639c
2025-10-08 12:29:14.343 [main] INFO  file.pruebas_iniciales.primera_prueba - e1604f327893eaa30b8861081fc7e779bd9b51
2025-10-08 12:29:14.343 [main] INFO  file.pruebas_iniciales.primera_prueba - 18f0d3dbb5106a43eaa82d3c082216d942e0bd
2025-10-08 12:29:14.343 [main] INFO  file.pruebas_iniciales.primera_prueba - 33b8143de972a06db9d031e5bdad4d240c73f3
2025-10-08 12:29:14.343 [main] INFO  file.pruebas_iniciales.primera_prueba - 77d0a76a490523afe983d366cea1b40919518a
2025-10-08 12:29:14.343 [main] INFO  file.pruebas_iniciales.primera_prueba - e434a57284e18067eba267ba08d9660ad67e76
2025-10-08 12:29:14.343 [main] INFO  file.pruebas_iniciales.primera_prueba - 0b47c61168132d5f5c9a229597f808e2787199
2025-10-08 12:29:14.344 [main] INFO  file.pruebas_iniciales.primera_prueba - 0cec4f90ca031b0a86ff6b645aa9ad7af11f20
2025-10-08 12:29:14.344 [main] INFO  file.pruebas_iniciales.primera_prueba - e2413d1b8dd67663d54dfdddc94e5c0f1b6f91
2025-10-08 12:29:14.344 [main] INFO  file.pruebas_iniciales.primera_prueba - 37b687f11d8d20ac8bf1be554835ded27c62f3
2025-10-08 12:29:14.344 [main] INFO  file.pruebas_iniciales.primera_prueba - 02c85bb0bf23d446a87068684370592a572699
2025-10-08 12:29:14.344 [main] INFO  file.pruebas_iniciales.primera_prueba - 977c45e47a0a7e269ddc2ed2123c59fb89388b
2025-10-08 12:29:14.344 [main] INFO  file.pruebas_iniciales.primera_prueba - 806ad7c73d61018f0264d40ac6f6e13c9e822d
2025-10-08 12:29:14.344 [main] INFO  file.pruebas_iniciales.primera_prueba - 41713312c03baa320e5b44d217eca1759693d1
2025-10-08 12:29:14.344 [main] INFO  file.pruebas_iniciales.primera_prueba - d9d0748a33a57312cbfcefc10048f0f9e7cdbd
2025-10-08 12:29:14.344 [main] INFO  file.pruebas_iniciales.primera_prueba - 192a73a703d172d4b3fbede25e1466a6432770
2025-10-08 12:29:14.344 [main] INFO  file.pruebas_iniciales.primera_prueba - 23dc6f38df134b051ef82ec83da982c2bd037e
2025-10-08 12:29:14.345 [main] INFO  file.pruebas_iniciales.primera_prueba - 912b7ef6bc261d2224f0b9ccdcef861599b205
2025-10-08 12:29:14.345 [main] INFO  file.pruebas_iniciales.primera_prueba - 970e278bf5f358105117184b8b0d9485efbbaf
2025-10-08 12:29:14.345 [main] INFO  file.pruebas_iniciales.primera_prueba - 0475da79393c4a926168017f4d5c3c0e2c2ee8
2025-10-08 12:29:14.345 [main] INFO  file.pruebas_iniciales.primera_prueba - 58660fd6aa60b15c971c581bce7c2f3517d1f4
2025-10-08 12:29:14.345 [main] INFO  file.pruebas_iniciales.primera_prueba - 6cec6ab3595ddf7a098fd8a1098c87424d8301
2025-10-08 12:29:14.345 [main] INFO  file.pruebas_iniciales.primera_prueba - 8775f79d82985e9853f3f44a201c44759b76c7
2025-10-08 12:29:14.345 [main] INFO  file.pruebas_iniciales.primera_prueba - 961196ddd4c8c7d4001d489504d3e17bde05d3
2025-10-08 12:29:14.345 [main] INFO  file.pruebas_iniciales.primera_prueba - a6af33156cb7d2e00b1e98c5c02a0f7d07f03b
2025-10-08 12:29:14.345 [main] INFO  file.pruebas_iniciales.primera_prueba - 299d1f55cfbf95953f1352ebdc4e2edafde42d
2025-10-08 12:29:14.345 [main] INFO  file.pruebas_iniciales.primera_prueba - 71981722964800695cf3973410c4f2980513cc
2025-10-08 12:29:14.345 [main] INFO  file.pruebas_iniciales.primera_prueba - 722a035edb843c7ef71272bb8f09619699bbe8
2025-10-08 12:29:14.345 [main] INFO  file.pruebas_iniciales.primera_prueba - 9ae1db4a1080bd3c6d288299ea6d2d0bbd71aa
2025-10-08 12:29:14.345 [main] INFO  file.pruebas_iniciales.primera_prueba - bfd8dd1586ae42078440413274320a2a7d4ac0
2025-10-08 12:29:14.346 [main] INFO  file.pruebas_iniciales.primera_prueba - c2310d201c133e3a0e3e0699e93ea9ef8a4514
2025-10-08 12:29:14.346 [main] INFO  file.pruebas_iniciales.primera_prueba - c357cb7818642d025c17dfbd2143323c348c2f
2025-10-08 12:29:14.346 [main] INFO  file.pruebas_iniciales.primera_prueba - d9a81156beea33496d263c43596d3cdb64d76f
2025-10-08 12:29:14.346 [main] INFO  file.pruebas_iniciales.primera_prueba - 32940bd85a379e8fa0a59b84976b81401a3845
2025-10-08 12:29:14.346 [main] INFO  file.pruebas_iniciales.primera_prueba - 50dd9d2557c282a9823af8f4df6b95222ac77e
2025-10-08 12:29:14.346 [main] INFO  file.pruebas_iniciales.primera_prueba - 76617f439528298cffd7d41db74a03b822d6ab
2025-10-08 12:29:14.346 [main] INFO  file.pruebas_iniciales.primera_prueba - 99258b0ae04cc7e769843538d6a343d57f0f60
2025-10-08 12:29:14.346 [main] INFO  file.pruebas_iniciales.primera_prueba - a595b2ef2347a6712f4eed23871d7c05d6de12
2025-10-08 12:29:14.346 [main] INFO  file.pruebas_iniciales.primera_prueba - ed60372e1ffd2baeae479b4df2d61c7c9f3a62
2025-10-08 12:29:14.346 [main] INFO  file.pruebas_iniciales.primera_prueba - f1d1d96395cb54650b12a26b445fad3f06429a
2025-10-08 12:29:14.346 [main] INFO  file.pruebas_iniciales.primera_prueba - 0446657eb4715c3baa08c07c06d0ec4dca8352
2025-10-08 12:29:14.346 [main] INFO  file.pruebas_iniciales.primera_prueba - 1d456d75699eb984ab2d5d0ac362e46afec28d
2025-10-08 12:29:14.347 [main] INFO  file.pruebas_iniciales.primera_prueba - 25d4cd0757b2c176c12ba8c618699b522837a7
2025-10-08 12:29:14.347 [main] INFO  file.pruebas_iniciales.primera_prueba - 9f0bfa72cc5465800668acd66f26425b42d42e
2025-10-08 12:29:14.347 [main] INFO  file.pruebas_iniciales.primera_prueba - e0b592dc18c7003cecf2573408cf7cdf0ec3e3
2025-10-08 12:29:14.347 [main] INFO  file.pruebas_iniciales.primera_prueba - f2322ce887ef5ae2eb1b6465ccc0e1f5293cc9
2025-10-08 12:29:14.347 [main] INFO  file.pruebas_iniciales.primera_prueba - f42d94d113ec6a012d12067d85c21119be2301
2025-10-08 12:29:14.347 [main] INFO  file.pruebas_iniciales.primera_prueba - 0df6a52f499ef9f3c62de6269c4d28e8001bdc
2025-10-08 12:29:14.347 [main] INFO  file.pruebas_iniciales.primera_prueba - 0f9d6f1c460cae28dbbb0ec9698438ec8d98b2
2025-10-08 12:29:14.347 [main] INFO  file.pruebas_iniciales.primera_prueba - 68b3183a70056cfd6219cb996c4df5f9136899
2025-10-08 12:29:14.347 [main] INFO  file.pruebas_iniciales.primera_prueba - 933a6b75fbb76f248f7cae75e43693c70d6a7a
2025-10-08 12:29:14.347 [main] INFO  file.pruebas_iniciales.primera_prueba - 30cec70d382777e54b705a60e49563619a7064
2025-10-08 12:29:14.347 [main] INFO  file.pruebas_iniciales.primera_prueba - 3ec0cc7329cc02ccd4ba29aee1178ab75eb7ad
2025-10-08 12:29:14.347 [main] INFO  file.pruebas_iniciales.primera_prueba - 6c53f151bf27a16afdcdce18f4154bdfe705c7
2025-10-08 12:29:14.347 [main] INFO  file.pruebas_iniciales.primera_prueba - 8638a02849b94550e87d91989c78ceb0a778ad
2025-10-08 12:29:14.347 [main] INFO  file.pruebas_iniciales.primera_prueba - 8791c116ece67f3c305572cdd5fb9f3c30639e
2025-10-08 12:29:14.347 [main] INFO  file.pruebas_iniciales.primera_prueba - 8e638f4c6fd3c945e8a54c4ac484de0b35d68c
2025-10-08 12:29:14.348 [main] INFO  file.pruebas_iniciales.primera_prueba - bd5ce2209b7095cd8f00269fafb5a45018469d
2025-10-08 12:29:14.348 [main] INFO  file.pruebas_iniciales.primera_prueba - c2ca4c59ace26de7e2c524109590f965691111
2025-10-08 12:29:14.348 [main] INFO  file.pruebas_iniciales.primera_prueba - 1f94ea78facbe303d7ebf845d5762f08164bec
2025-10-08 12:29:14.348 [main] INFO  file.pruebas_iniciales.primera_prueba - 2931ae54db50a8d3665ecf61cf2724bb2f61ff
2025-10-08 12:29:14.348 [main] INFO  file.pruebas_iniciales.primera_prueba - 3d43db81642e851412c7132dbe129c496cd16b
2025-10-08 12:29:14.348 [main] INFO  file.pruebas_iniciales.primera_prueba - 77ad5d907016b8dfbe98e82d8f0a49fbbe0e59
2025-10-08 12:29:14.348 [main] INFO  file.pruebas_iniciales.primera_prueba - c725abc10cc90448f71d9fce11b0efb8901e4e
2025-10-08 12:29:14.348 [main] INFO  file.pruebas_iniciales.primera_prueba - 58151b0ad6d392f2491a0e6d758de06e505150
2025-10-08 12:29:14.348 [main] INFO  file.pruebas_iniciales.primera_prueba - 58e9e195da5f59b4961e2a2a374d474812c74f
2025-10-08 12:29:14.348 [main] INFO  file.pruebas_iniciales.primera_prueba - 59cd0bef846a95e3167fe58d40cca6e71108fe
2025-10-08 12:29:14.348 [main] INFO  file.pruebas_iniciales.primera_prueba - eab6e309c80e4984ae05f5340bd7d04a37b0b2
2025-10-08 12:29:14.348 [main] INFO  file.pruebas_iniciales.primera_prueba - eb1f13e448944a3a99c52a6e2466fa5fcbf3a8
2025-10-08 12:29:14.349 [main] INFO  file.pruebas_iniciales.primera_prueba - 36e5331e69c1fe049b385ebdd5e35a40255be6
2025-10-08 12:29:14.349 [main] INFO  file.pruebas_iniciales.primera_prueba - 9429a209cc04a88806e7c5d67df2cba84d57a8
2025-10-08 12:29:14.349 [main] INFO  file.pruebas_iniciales.primera_prueba - ccb67745db2da6ceaa148a85a73e21044ba29b
2025-10-08 12:29:14.349 [main] INFO  file.pruebas_iniciales.primera_prueba - d116e0329948898830bbbe95c8ef7216543ee0
2025-10-08 12:29:14.349 [main] INFO  file.pruebas_iniciales.primera_prueba - 1207cb5edbf1e078bf8262d9fe28fe690fccd7
2025-10-08 12:29:14.349 [main] INFO  file.pruebas_iniciales.primera_prueba - 1ddbda8d4e026a329866c4a59b3a7b5607ff09
2025-10-08 12:29:14.349 [main] INFO  file.pruebas_iniciales.primera_prueba - 5a524404e417f15899998c52d1599910a7844e
2025-10-08 12:29:14.349 [main] INFO  file.pruebas_iniciales.primera_prueba - d79d85d1bc4f8c916f46e172d91809e93e533f
2025-10-08 12:29:14.349 [main] INFO  file.pruebas_iniciales.primera_prueba - 7b1c0158f99bca96b15e504933a2a6168a891f
2025-10-08 12:29:14.349 [main] INFO  file.pruebas_iniciales.primera_prueba - 84c2026fd8051eaddc5280dde9832acbe8be18
2025-10-08 12:29:14.349 [main] INFO  file.pruebas_iniciales.primera_prueba - 889eff2a0a4d41168bad5f5c01b11e3a197daf
2025-10-08 12:29:14.349 [main] INFO  file.pruebas_iniciales.primera_prueba - b7372bb3ba0572a2773edef9a76a1d734aad07
2025-10-08 12:29:14.349 [main] INFO  file.pruebas_iniciales.primera_prueba - ece505d5ee7103743632c71f8e74d9cc8c8725
2025-10-08 12:29:14.350 [main] INFO  file.pruebas_iniciales.primera_prueba - 34629dc04bf3f8f5933ce26b14d4d2577dd9f7
2025-10-08 12:29:14.350 [main] INFO  file.pruebas_iniciales.primera_prueba - 75e967f94bd0e21dab65e0018e4108ff5b253e
2025-10-08 12:29:14.350 [main] INFO  file.pruebas_iniciales.primera_prueba - 99a010b9f78f2bd644bca9868fe3d10d3f1e63
2025-10-08 12:29:14.350 [main] INFO  file.pruebas_iniciales.primera_prueba - bc81c8da17d7f3e4860faeae106bcbf2fe9493
2025-10-08 12:29:14.350 [main] INFO  file.pruebas_iniciales.primera_prueba - 14038c8667b21e177495bfb850ab549fd9e70e
2025-10-08 12:29:14.350 [main] INFO  file.pruebas_iniciales.primera_prueba - 2251010e98d1a336c86c78288e6d4db77a7765
2025-10-08 12:29:14.350 [main] INFO  file.pruebas_iniciales.primera_prueba - 55cdcb938069b6d877d761053db5fd635a7789
2025-10-08 12:29:14.350 [main] INFO  file.pruebas_iniciales.primera_prueba - 98d83b3e1d4291b8a85a4138a9fb7bda10f538
2025-10-08 12:29:14.350 [main] INFO  file.pruebas_iniciales.primera_prueba - bed4e552e61d0dadaa848e3c53cf55518b37c8
2025-10-08 12:29:14.350 [main] INFO  file.pruebas_iniciales.primera_prueba - 357788196fc78b1c7fb412e64f8becf22e44c8
2025-10-08 12:29:14.350 [main] INFO  file.pruebas_iniciales.primera_prueba - 53dab91ca11029416ca758ddf6a4677db6eb32
2025-10-08 12:29:14.350 [main] INFO  file.pruebas_iniciales.primera_prueba - bccea5f48dca7bb9e8873f6a81ed49263a177e
2025-10-08 12:29:14.350 [main] INFO  file.pruebas_iniciales.primera_prueba - ef35e66ab0028d6f6a3fad0be5d839df170008
2025-10-08 12:29:14.351 [main] INFO  file.pruebas_iniciales.primera_prueba - f0239111517c69cf31bbda6e6e750e67906176
2025-10-08 12:29:14.351 [main] INFO  file.pruebas_iniciales.primera_prueba - 0d47179a2c7df03efa061727c72fbc96092403
2025-10-08 12:29:14.351 [main] INFO  file.pruebas_iniciales.primera_prueba - 1a548e43e86f5c230265d109f268eb57a6b8aa
2025-10-08 12:29:14.351 [main] INFO  file.pruebas_iniciales.primera_prueba - 93851380f8b154613059ac803a46bfe369f104
2025-10-08 12:29:14.351 [main] INFO  file.pruebas_iniciales.primera_prueba - 9e80a25a12a63af88b81f9071d7240fc51e866
2025-10-08 12:29:14.351 [main] INFO  file.pruebas_iniciales.primera_prueba - a83fef1597023e12cd68262193add419f74ec9
2025-10-08 12:29:14.351 [main] INFO  file.pruebas_iniciales.primera_prueba - d709f917a51ed8115d4e544a160aa7097b7107
2025-10-08 12:29:14.351 [main] INFO  file.pruebas_iniciales.primera_prueba - de05c80c710c187fc0e504b7e6df404b6bf74b
2025-10-08 12:29:14.351 [main] INFO  file.pruebas_iniciales.primera_prueba - 0d529fb69ac7625d12a12f9d8bbad836a9d0a8
2025-10-08 12:29:14.351 [main] INFO  file.pruebas_iniciales.primera_prueba - 5719a973f0d228483ee8aa9c3eb02e9ecd71c6
2025-10-08 12:29:14.351 [main] INFO  file.pruebas_iniciales.primera_prueba - 6acb2491a85736c2599e3fe0a71ef264b05459
2025-10-08 12:29:14.351 [main] INFO  file.pruebas_iniciales.primera_prueba - 6d40180db735f0ad72ac1ac7a931e8463937f2
2025-10-08 12:29:14.351 [main] INFO  file.pruebas_iniciales.primera_prueba - 9a24fa74b72803ef93ce62a41ceb9b18c8fe27
2025-10-08 12:29:14.351 [main] INFO  file.pruebas_iniciales.primera_prueba - 0566c240c6e2e33c76e2f9b8623a48a43ac8ee
2025-10-08 12:29:14.351 [main] INFO  file.pruebas_iniciales.primera_prueba - 1685aafa3ee61d57a666768f8b5faeb4eb3498
2025-10-08 12:29:14.351 [main] INFO  file.pruebas_iniciales.primera_prueba - 30b3650358d471c4229ca426f576be60d9aaee
2025-10-08 12:29:14.351 [main] INFO  file.pruebas_iniciales.primera_prueba - 4adbe8eb6703de96b2c3a6a1ea5a9edb55f503
2025-10-08 12:29:14.351 [main] INFO  file.pruebas_iniciales.primera_prueba - 703ef5283c18367cec9425dd8d807c712e58e8
2025-10-08 12:29:14.351 [main] INFO  file.pruebas_iniciales.primera_prueba - 9a9dcc183bbe84334fcaf074698cbbbe75f26d
2025-10-08 12:29:14.351 [main] INFO  file.pruebas_iniciales.primera_prueba - a03ffce29d138527104a2ff916fa7def31ffe1
2025-10-08 12:29:14.351 [main] INFO  file.pruebas_iniciales.primera_prueba - b43962fb99d980e61edca37b3562491040dea3
2025-10-08 12:29:14.353 [main] INFO  file.pruebas_iniciales.primera_prueba - c63e39a4880148675d503f89b8ac9c89571736
2025-10-08 12:29:14.353 [main] INFO  file.pruebas_iniciales.primera_prueba - e4d8cc867902a70eb2250e5af832025324a35e
2025-10-08 12:29:14.353 [main] INFO  file.pruebas_iniciales.primera_prueba - 27c701f8a08d286c4fecac5460e60c65645f4e
2025-10-08 12:29:14.353 [main] INFO  file.pruebas_iniciales.primera_prueba - 8f09ffdf63ea7564d13b586c2c085cba52c4c4
2025-10-08 12:29:14.353 [main] INFO  file.pruebas_iniciales.primera_prueba - c4d4bb92c6b1ec1b66f5730492fbf48e0a8c0a
2025-10-08 12:29:14.353 [main] INFO  file.pruebas_iniciales.primera_prueba - 62ad354930b883e1f3097e8026a2391b784e9c
2025-10-08 12:29:14.353 [main] INFO  file.pruebas_iniciales.primera_prueba - 9518fcbcf782294b2f537f066ff32d5fa8ea33
2025-10-08 12:29:14.353 [main] INFO  file.pruebas_iniciales.primera_prueba - 545be44ba9c6e8e5f9dc80a1f066f72e8ae4d3
2025-10-08 12:29:14.353 [main] INFO  file.pruebas_iniciales.primera_prueba - 9de29bb2d1d6434b8b29ae775ad8c2e48c5391
2025-10-08 12:29:14.353 [main] INFO  file.pruebas_iniciales.primera_prueba - a9d0463b5a88c4b7ce81149bed5d6ffdc25809
2025-10-08 12:29:14.354 [main] INFO  file.pruebas_iniciales.primera_prueba - 0a9675d8cb9112d75bc14c6b95a37ae910cc35
2025-10-08 12:29:14.354 [main] INFO  file.pruebas_iniciales.primera_prueba - 17a5521e515ec00278e5d5aa85323f0d9b86e0
2025-10-08 12:29:14.354 [main] INFO  file.pruebas_iniciales.primera_prueba - 89dd59783d4309c12f74694678aac00704b45f
2025-10-08 12:29:14.354 [main] INFO  file.pruebas_iniciales.primera_prueba - 9058cbbf3fa983714bab21f1758bcef1024925
2025-10-08 12:29:14.354 [main] INFO  file.pruebas_iniciales.primera_prueba - c45c172781b99e168cebdbaf2eb88aa9d03432
2025-10-08 12:29:14.354 [main] INFO  file.pruebas_iniciales.primera_prueba - e678ce4b5185b6f47f03cb4a6d244ef6e13780
2025-10-08 12:29:14.354 [main] INFO  file.pruebas_iniciales.primera_prueba - f46decf7f2866397e08e0fbbe06bf11fa096bd
2025-10-08 12:29:14.354 [main] INFO  file.pruebas_iniciales.primera_prueba - 05e47a2725c5dc04cc6cb0d8e1701a71b9182b
2025-10-08 12:29:14.354 [main] INFO  file.pruebas_iniciales.primera_prueba - 3d55752a2b1d987b0ef049a208a4c44c13c236
2025-10-08 12:29:14.354 [main] INFO  file.pruebas_iniciales.primera_prueba - 5a6290747c131e31cbe6681585772bb0546f7f
2025-10-08 12:29:14.354 [main] INFO  file.pruebas_iniciales.primera_prueba - 5e06ede9e35de4f1a1d6774ac45cb8911c6b73
2025-10-08 12:29:14.354 [main] INFO  file.pruebas_iniciales.primera_prueba - b05ca07f2cc0fade8d3a20a4ef2f27ed897575
2025-10-08 12:29:14.354 [main] INFO  file.pruebas_iniciales.primera_prueba - b6f79e8f18bb60754a8e4eb1d2a99969769d83
2025-10-08 12:29:14.355 [main] INFO  file.pruebas_iniciales.primera_prueba - 3adf86fa274cb44bc1ece390487ed8b45fcf27
2025-10-08 12:29:14.355 [main] INFO  file.pruebas_iniciales.primera_prueba - 562045793458236a0bafc970afb47780e18da5
2025-10-08 12:29:14.355 [main] INFO  file.pruebas_iniciales.primera_prueba - 592ca38f2e1e80a11b69a5358994a1e2290816
2025-10-08 12:29:14.355 [main] INFO  file.pruebas_iniciales.primera_prueba - 8e3f247f6ff96b3c645e3c01779fdd351e6f03
2025-10-08 12:29:14.355 [main] INFO  file.pruebas_iniciales.primera_prueba - fa7070441b22b18198f215787e1267e3f97661
2025-10-08 12:29:14.355 [main] INFO  file.pruebas_iniciales.primera_prueba - 2a138775b215145824647f5d5f1ef0592c8c0c
2025-10-08 12:29:14.355 [main] INFO  file.pruebas_iniciales.primera_prueba - 87eda6ed1f56039abed817097af7421baeb143
2025-10-08 12:29:14.355 [main] INFO  file.pruebas_iniciales.primera_prueba - 929aa29ee46d336f1d902dd29d464b6a0dbfc8
2025-10-08 12:29:14.355 [main] INFO  file.pruebas_iniciales.primera_prueba - ae36b201b10832f385952f083f773ca8569054
2025-10-08 12:29:14.355 [main] INFO  file.pruebas_iniciales.primera_prueba - cda8adad0198c18d7b2788fae330c89005bf30
2025-10-08 12:29:14.355 [main] INFO  file.pruebas_iniciales.primera_prueba - cee7a9b31d7821f34fc98652ab58e767bb187d
2025-10-08 12:29:14.355 [main] INFO  file.pruebas_iniciales.primera_prueba - f5f64356fe9b77cb62b383c02f67fd38b0d8eb
2025-10-08 12:29:14.355 [main] INFO  file.pruebas_iniciales.primera_prueba - fbd6f29689b0a90f81b5d924881786b25a0ba1
2025-10-08 12:29:14.355 [main] INFO  file.pruebas_iniciales.primera_prueba - 2b5f9aabadcb89b24474b87dd71c50885a83b1
2025-10-08 12:29:14.356 [main] INFO  file.pruebas_iniciales.primera_prueba - 3775de38a423513725b9c35be7dfccf3b47a65
2025-10-08 12:29:14.356 [main] INFO  file.pruebas_iniciales.primera_prueba - 4bc534639ee5667ea0589ce2337632d0da80bb
2025-10-08 12:29:14.356 [main] INFO  file.pruebas_iniciales.primera_prueba - cba17342a319932457863e86b6b8e02a3beded
2025-10-08 12:29:14.356 [main] INFO  file.pruebas_iniciales.primera_prueba - 1d7196f64ad073f19312ee642fb32fad22f713
2025-10-08 12:29:14.356 [main] INFO  file.pruebas_iniciales.primera_prueba - 235d559c56a02b01364b050d2859125f6867fb
2025-10-08 12:29:14.356 [main] INFO  file.pruebas_iniciales.primera_prueba - 99aa504f8fd0f7c326957a499e5a99ce9308dc
2025-10-08 12:29:14.356 [main] INFO  file.pruebas_iniciales.primera_prueba - 9ba48c60378ddb257e81f40862b24718fce5e5
2025-10-08 12:29:14.356 [main] INFO  file.pruebas_iniciales.primera_prueba - 8e48482f7b9e3ef13927cf47a705e92e8825de
2025-10-08 12:29:14.356 [main] INFO  file.pruebas_iniciales.primera_prueba - 8e6a5dbcd74d4ac3c4cb9305528fb24d2a8252
2025-10-08 12:29:14.357 [main] INFO  file.pruebas_iniciales.primera_prueba - 2a5d260ebee8d2bda0b1020c960e1f4c1469b9
2025-10-08 12:29:14.357 [main] INFO  file.pruebas_iniciales.primera_prueba - 404bdb886d246a447e3bd5eeffb665be1eb140
2025-10-08 12:29:14.357 [main] INFO  file.pruebas_iniciales.primera_prueba - 47ef7c4ae369da0648f1c05617f44d5920badc
2025-10-08 12:29:14.357 [main] INFO  file.pruebas_iniciales.primera_prueba - 5198147fc31ceb44ed312a3961cf69da0bde0c
2025-10-08 12:29:14.357 [main] INFO  file.pruebas_iniciales.primera_prueba - ed2408f824e6271e03c1bd8ad3139cd706651e
2025-10-08 12:29:14.357 [main] INFO  file.pruebas_iniciales.primera_prueba - 585531cb59b9485ae5048c56efb2aaccb42a85
2025-10-08 12:29:14.357 [main] INFO  file.pruebas_iniciales.primera_prueba - 8ce6eb22bd2ed2b822417db5cc0fb2f24ee8b2
2025-10-08 12:29:14.357 [main] INFO  file.pruebas_iniciales.primera_prueba - 9d35512289793b519dd83355b21e5179378e7a
2025-10-08 12:29:14.357 [main] INFO  file.pruebas_iniciales.primera_prueba - 545f432476b29b7060d1889916240450ce7b55
2025-10-08 12:29:14.357 [main] INFO  file.pruebas_iniciales.primera_prueba - ce0c0a30a01f48f3209f73dcbcef1a97d4c35b
2025-10-08 12:29:14.357 [main] INFO  file.pruebas_iniciales.primera_prueba - 27f3736a11ba9e25744c57ce150b993ae187b0
2025-10-08 12:29:14.357 [main] INFO  file.pruebas_iniciales.primera_prueba - 2c6da2271d3b3e3e8feb119cf1abaeb8108f7d
2025-10-08 12:29:14.357 [main] INFO  file.pruebas_iniciales.primera_prueba - 5b46f3d41cf47f90cb04ab2322f10710d69db4
2025-10-08 12:29:14.358 [main] INFO  file.pruebas_iniciales.primera_prueba - aff0e894ffa8ede69a2471b622437bfde7e44e
2025-10-08 12:29:14.358 [main] INFO  file.pruebas_iniciales.primera_prueba - f44882128f00446e5385eecd597c91a659b31c
2025-10-08 12:29:14.358 [main] INFO  file.pruebas_iniciales.primera_prueba - 7b1ee6784c5be54b2c0265f2c04140a5c28b0a
2025-10-08 12:29:14.358 [main] INFO  file.pruebas_iniciales.primera_prueba - 95b7dc32c4b340f18645e948401250d09ce201
2025-10-08 12:29:14.358 [main] INFO  file.pruebas_iniciales.primera_prueba - b9a80b2f938b971e88cbb211c141691cddcd2b
2025-10-08 12:29:14.358 [main] INFO  file.pruebas_iniciales.primera_prueba - d2e8edeb20fc6dea71f0a3358bba37d44ff55c
2025-10-08 12:29:14.358 [main] INFO  file.pruebas_iniciales.primera_prueba - 330092de88746437185263594179a1afb23899
2025-10-08 12:29:14.358 [main] INFO  file.pruebas_iniciales.primera_prueba - 6e27af9634e1c6018cd6d0393fec0735fcc3e8
2025-10-08 12:29:14.358 [main] INFO  file.pruebas_iniciales.primera_prueba - 70b5d61db576853ab74af7d5e20f9d4adb236b
2025-10-08 12:29:14.358 [main] INFO  file.pruebas_iniciales.primera_prueba - a4faac7005b262372b38039fd2912056116b79
2025-10-08 12:29:14.358 [main] INFO  file.pruebas_iniciales.primera_prueba - 386ac36a17deba1f829978b11edbd023e57ffe
2025-10-08 12:29:14.359 [main] INFO  file.pruebas_iniciales.primera_prueba - b582e27db7888f5057c3ac6f2925e305282e8e
2025-10-08 12:29:14.359 [main] INFO  file.pruebas_iniciales.primera_prueba - 4f874b76d1faad438b7b2d77e41537acd3511b
2025-10-08 12:29:14.359 [main] INFO  file.pruebas_iniciales.primera_prueba - 6c00d1e1f7fdcaf50f8bfbe4b209c8e2d81342
2025-10-08 12:29:14.359 [main] INFO  file.pruebas_iniciales.primera_prueba - cbd55ea2fe5fd6ad2d3d9f7accb0d946342f68
2025-10-08 12:29:14.359 [main] INFO  file.pruebas_iniciales.primera_prueba - cf2e4f6f0f021c5594914875f44c87043cfddb
2025-10-08 12:29:14.359 [main] INFO  file.pruebas_iniciales.primera_prueba - 1489f86ccd8ffe0ade265232fc64f06caf74aa
2025-10-08 12:29:14.360 [main] INFO  file.pruebas_iniciales.primera_prueba - 5525d63391d3b85029c25f1a7c3ecb239789e0
2025-10-08 12:29:14.360 [main] INFO  file.pruebas_iniciales.primera_prueba - 5a7e390c3edbe103cd8712128bf93a7609b017
2025-10-08 12:29:14.360 [main] INFO  file.pruebas_iniciales.primera_prueba - e4a1dd50effb44b0d03d6b4363973a6b4c9b14
2025-10-08 12:29:14.360 [main] INFO  file.pruebas_iniciales.primera_prueba - f50055e4839d5cbb5cb6383eb2a72b772b521b
2025-10-08 12:29:14.360 [main] INFO  file.pruebas_iniciales.primera_prueba - 97a7f1cb2389f85fe6381425d29f0a9866fb65
2025-10-08 12:29:14.360 [main] INFO  file.pruebas_iniciales.primera_prueba - 43504a233b8b66ea3f78fc16aae195671abf51
2025-10-08 12:29:14.360 [main] INFO  file.pruebas_iniciales.primera_prueba - 4f2202b029db4f665f49d22a7ff3f073c42559
2025-10-08 12:29:14.360 [main] INFO  file.pruebas_iniciales.primera_prueba - 9c13e87521c3d7a64f19151099625c58e603db
2025-10-08 12:29:14.360 [main] INFO  file.pruebas_iniciales.primera_prueba - c7fb8363fcda9863fb117be272a41852a58f37
2025-10-08 12:29:14.360 [main] INFO  file.pruebas_iniciales.primera_prueba - c262bc39872c3a4458db62901177b7b55dd063
2025-10-08 12:29:14.360 [main] INFO  file.pruebas_iniciales.primera_prueba - e556df54003cece8f96a1b444470d1b5ccdea9
2025-10-08 12:29:14.360 [main] INFO  file.pruebas_iniciales.primera_prueba - ef61e0f419b2ebf33525d315f87908f92de7f7
2025-10-08 12:29:14.361 [main] INFO  file.pruebas_iniciales.primera_prueba - fafe3b6024125d4bfeb77e88d061f8afbf9b03
2025-10-08 12:29:14.361 [main] INFO  file.pruebas_iniciales.primera_prueba - 1aff2166c641c19252d53e59ab6f60ae294b35
2025-10-08 12:29:14.361 [main] INFO  file.pruebas_iniciales.primera_prueba - 1ddd0835424b56111920d2b0de36bd1ffdacc6
2025-10-08 12:29:14.361 [main] INFO  file.pruebas_iniciales.primera_prueba - 95364a243e9c412d4ca9fbaa89e5b990636f28
2025-10-08 12:29:14.361 [main] INFO  file.pruebas_iniciales.primera_prueba - a4afc86fc54cb6829b0d42725d166302897b37
2025-10-08 12:29:14.361 [main] INFO  file.pruebas_iniciales.primera_prueba - 473e00898e67c55e112d005d11da1f5ee44e3d
2025-10-08 12:29:14.361 [main] INFO  file.pruebas_iniciales.primera_prueba - 54c91c71d6cb49f29a6c51ca6c6d93d5a8e983
2025-10-08 12:29:14.361 [main] INFO  file.pruebas_iniciales.primera_prueba - fa7ce3a5f35d602fa2192ba01f9e4e8d356468
2025-10-08 12:29:14.361 [main] INFO  file.pruebas_iniciales.primera_prueba - fe4361e92bf39c18c0a94d9c93b0222ec4fe51
2025-10-08 12:29:14.361 [main] INFO  file.pruebas_iniciales.primera_prueba - c38ed2aaea0c6b2fe28ceac74ccdfdd15560c9
2025-10-08 12:29:14.361 [main] INFO  file.pruebas_iniciales.primera_prueba - e8cedf91923aed524bd164867f7131e464234c
2025-10-08 12:29:14.362 [main] INFO  file.pruebas_iniciales.primera_prueba - 4d0df43a43b545be7e3fc80f868a2e2afd6503
2025-10-08 12:29:14.362 [main] INFO  file.pruebas_iniciales.primera_prueba - 926d80efafa3dcbe40f59b7f1b20d9777335a8
2025-10-08 12:29:14.362 [main] INFO  file.pruebas_iniciales.primera_prueba - b75717d4e5a3cb8485b882e7f9c4d69a18cddf
2025-10-08 12:29:14.362 [main] INFO  file.pruebas_iniciales.primera_prueba - 179abdc1cc8a5dcc09d0c9c91723a34380ba6b
2025-10-08 12:29:14.362 [main] INFO  file.pruebas_iniciales.primera_prueba - cebd67b57ef947027dd9c591deeb4196b1f5db
2025-10-08 12:29:14.362 [main] INFO  file.pruebas_iniciales.primera_prueba - main
2025-10-08 12:29:14.363 [main] INFO  file.pruebas_iniciales.primera_prueba - main
2025-10-08 12:29:14.363 [main] INFO  file.pruebas_iniciales.primera_prueba - EvaPerez-DocumentacionProyecto.pdf
2025-10-08 12:29:14.363 [main] INFO  file.pruebas_iniciales.primera_prueba - EvaPerez-FigmaProyecto.pdf
2025-10-08 12:29:14.363 [main] INFO  file.pruebas_iniciales.primera_prueba - EvaPerez-ProyectoTransversal.drawio.png
2025-10-08 12:29:14.364 [main] INFO  file.pruebas_iniciales.primera_prueba - .classpath
2025-10-08 12:29:14.364 [main] INFO  file.pruebas_iniciales.primera_prueba - .project
2025-10-08 12:29:14.364 [main] INFO  file.pruebas_iniciales.primera_prueba - org.eclipse.wst.common.project.facet.core.xml
2025-10-08 12:29:14.364 [main] INFO  file.pruebas_iniciales.primera_prueba - .classpath
2025-10-08 12:29:14.364 [main] INFO  file.pruebas_iniciales.primera_prueba - .gitignore
2025-10-08 12:29:14.364 [main] INFO  file.pruebas_iniciales.primera_prueba - .project
2025-10-08 12:29:14.365 [main] INFO  file.pruebas_iniciales.primera_prueba - .jsdtscope
2025-10-08 12:29:14.365 [main] INFO  file.pruebas_iniciales.primera_prueba - org.eclipse.core.resources.prefs
2025-10-08 12:29:14.365 [main] INFO  file.pruebas_iniciales.primera_prueba - org.eclipse.jdt.core.prefs
2025-10-08 12:29:14.365 [main] INFO  file.pruebas_iniciales.primera_prueba - org.eclipse.m2e.core.prefs
2025-10-08 12:29:14.365 [main] INFO  file.pruebas_iniciales.primera_prueba - org.eclipse.wst.common.component
2025-10-08 12:29:14.365 [main] INFO  file.pruebas_iniciales.primera_prueba - org.eclipse.wst.common.project.facet.core.xml
2025-10-08 12:29:14.365 [main] INFO  file.pruebas_iniciales.primera_prueba - org.eclipse.wst.jsdt.ui.superType.container
2025-10-08 12:29:14.365 [main] INFO  file.pruebas_iniciales.primera_prueba - org.eclipse.wst.jsdt.ui.superType.name
2025-10-08 12:29:14.366 [main] INFO  file.pruebas_iniciales.primera_prueba - org.eclipse.wst.validation.prefs
2025-10-08 12:29:14.366 [main] INFO  file.pruebas_iniciales.primera_prueba - pom.xml
2025-10-08 12:29:14.366 [main] INFO  file.pruebas_iniciales.primera_prueba - Pruebasql.java
2025-10-08 12:29:14.367 [main] INFO  file.pruebas_iniciales.primera_prueba - FasesporEquipo.java
2025-10-08 12:29:14.367 [main] INFO  file.pruebas_iniciales.primera_prueba - JdbcDao.java
2025-10-08 12:29:14.367 [main] INFO  file.pruebas_iniciales.primera_prueba - JDBCDaoCruce.java
2025-10-08 12:29:14.367 [main] INFO  file.pruebas_iniciales.primera_prueba - JDBCDaoDebate.java
2025-10-08 12:29:14.367 [main] INFO  file.pruebas_iniciales.primera_prueba - JDBCDaoEquipo.java
2025-10-08 12:29:14.367 [main] INFO  file.pruebas_iniciales.primera_prueba - JDBCDaoPuntuacion.java
2025-10-08 12:29:14.367 [main] INFO  file.pruebas_iniciales.primera_prueba - Cruce.java
2025-10-08 12:29:14.367 [main] INFO  file.pruebas_iniciales.primera_prueba - Debate.java
2025-10-08 12:29:14.367 [main] INFO  file.pruebas_iniciales.primera_prueba - Equipo.java
2025-10-08 12:29:14.367 [main] INFO  file.pruebas_iniciales.primera_prueba - Puntuacion.java
2025-10-08 12:29:14.367 [main] INFO  file.pruebas_iniciales.primera_prueba - Repositorioequipo.java
2025-10-08 12:29:14.368 [main] INFO  file.pruebas_iniciales.primera_prueba - repositorioPuntuacion.java
2025-10-08 12:29:14.368 [main] INFO  file.pruebas_iniciales.primera_prueba - ProyectoServlet.java
2025-10-08 12:29:14.368 [main] INFO  file.pruebas_iniciales.primera_prueba - GeneraHtmls.java
2025-10-08 12:29:14.368 [main] INFO  file.pruebas_iniciales.primera_prueba - db.properties
2025-10-08 12:29:14.368 [main] INFO  file.pruebas_iniciales.primera_prueba - proyectoPrimero.sql
2025-10-08 12:29:14.368 [main] INFO  file.pruebas_iniciales.primera_prueba - PaginaBase.css
2025-10-08 12:29:14.368 [main] INFO  file.pruebas_iniciales.primera_prueba - RegistroPuntuaciones.css
2025-10-08 12:29:14.369 [main] INFO  file.pruebas_iniciales.primera_prueba - instituto.jpg
2025-10-08 12:29:14.369 [main] INFO  file.pruebas_iniciales.primera_prueba - logo.svg
2025-10-08 12:29:14.369 [main] INFO  file.pruebas_iniciales.primera_prueba - MANIFEST.MF
2025-10-08 12:29:14.369 [main] INFO  file.pruebas_iniciales.primera_prueba - ActualizarCruce.html
2025-10-08 12:29:14.370 [main] INFO  file.pruebas_iniciales.primera_prueba - ConsultaCruce.html
2025-10-08 12:29:14.370 [main] INFO  file.pruebas_iniciales.primera_prueba - indexE.html
2025-10-08 12:29:14.370 [main] INFO  file.pruebas_iniciales.primera_prueba - MostrarCruce.html
2025-10-08 12:29:14.370 [main] INFO  file.pruebas_iniciales.primera_prueba - PaginaBase.html
2025-10-08 12:29:14.370 [main] INFO  file.pruebas_iniciales.primera_prueba - RegistroPuntuaciones.html
2025-10-08 12:29:14.370 [main] INFO  file.pruebas_iniciales.primera_prueba - ResultadoPorFase.html
2025-10-08 12:29:14.370 [main] INFO  file.pruebas_iniciales.primera_prueba - SeleccionarFase.html
2025-10-08 12:29:14.370 [main] INFO  file.pruebas_iniciales.primera_prueba - web.xml
2025-10-08 12:29:14.370 [main] INFO  file.pruebas_iniciales.primera_prueba - PaginaBase.css
2025-10-08 12:29:14.371 [main] INFO  file.pruebas_iniciales.primera_prueba - RegistroPuntuaciones.css
2025-10-08 12:29:14.371 [main] INFO  file.pruebas_iniciales.primera_prueba - INSTITUTO IMAGEN1.jpg
2025-10-08 12:29:14.371 [main] INFO  file.pruebas_iniciales.primera_prueba - logo.svg
2025-10-08 12:29:14.371 [main] INFO  file.pruebas_iniciales.primera_prueba - ActualizarCruce.html
2025-10-08 12:29:14.371 [main] INFO  file.pruebas_iniciales.primera_prueba - ConsultaCruce.html
2025-10-08 12:29:14.371 [main] INFO  file.pruebas_iniciales.primera_prueba - indexE.html
2025-10-08 12:29:14.371 [main] INFO  file.pruebas_iniciales.primera_prueba - MostrarCruce.html
2025-10-08 12:29:14.371 [main] INFO  file.pruebas_iniciales.primera_prueba - PaginaBase.html
2025-10-08 12:29:14.371 [main] INFO  file.pruebas_iniciales.primera_prueba - RegistroPuntuaciones.html
2025-10-08 12:29:14.371 [main] INFO  file.pruebas_iniciales.primera_prueba - ResultadoPorFase.html
2025-10-08 12:29:14.372 [main] INFO  file.pruebas_iniciales.primera_prueba - SeleccionarFase.html
2025-10-08 12:29:14.372 [main] INFO  file.pruebas_iniciales.primera_prueba - proyecto0.sql
2025-10-08 12:29:14.372 [main] INFO  file.pruebas_iniciales.primera_prueba - Pérez-Carmona-Eva Proyecto Transversal.mkv
2025-10-08 12:29:14.372 [main] INFO  file.pruebas_iniciales.primera_prueba - .classpath
2025-10-08 12:29:14.373 [main] INFO  file.pruebas_iniciales.primera_prueba - .gitignore
2025-10-08 12:29:14.373 [main] INFO  file.pruebas_iniciales.primera_prueba - .project
2025-10-08 12:29:14.373 [main] INFO  file.pruebas_iniciales.primera_prueba - org.eclipse.jdt.core.prefs
2025-10-08 12:29:14.373 [main] INFO  file.pruebas_iniciales.primera_prueba - org.eclipse.m2e.core.prefs
2025-10-08 12:29:14.373 [main] INFO  file.pruebas_iniciales.primera_prueba - desktop.ini
2025-10-08 12:29:14.373 [main] INFO  file.pruebas_iniciales.primera_prueba - allclasses-index.html
2025-10-08 12:29:14.373 [main] INFO  file.pruebas_iniciales.primera_prueba - allpackages-index.html
2025-10-08 12:29:14.373 [main] INFO  file.pruebas_iniciales.primera_prueba - copy.svg
2025-10-08 12:29:14.373 [main] INFO  file.pruebas_iniciales.primera_prueba - element-list
2025-10-08 12:29:14.373 [main] INFO  file.pruebas_iniciales.primera_prueba - help-doc.html
2025-10-08 12:29:14.374 [main] INFO  file.pruebas_iniciales.primera_prueba - index-1.html
2025-10-08 12:29:14.374 [main] INFO  file.pruebas_iniciales.primera_prueba - index-2.html
2025-10-08 12:29:14.374 [main] INFO  file.pruebas_iniciales.primera_prueba - index-3.html
2025-10-08 12:29:14.374 [main] INFO  file.pruebas_iniciales.primera_prueba - index.html
2025-10-08 12:29:14.374 [main] INFO  file.pruebas_iniciales.primera_prueba - ADDITIONAL_LICENSE_INFO
2025-10-08 12:29:14.374 [main] INFO  file.pruebas_iniciales.primera_prueba - ASSEMBLY_EXCEPTION
2025-10-08 12:29:14.374 [main] INFO  file.pruebas_iniciales.primera_prueba - jquery.md
2025-10-08 12:29:14.375 [main] INFO  file.pruebas_iniciales.primera_prueba - jqueryUI.md
2025-10-08 12:29:14.375 [main] INFO  file.pruebas_iniciales.primera_prueba - LICENSE
2025-10-08 12:29:14.375 [main] INFO  file.pruebas_iniciales.primera_prueba - link.svg
2025-10-08 12:29:14.375 [main] INFO  file.pruebas_iniciales.primera_prueba - member-search-index.js
2025-10-08 12:29:14.375 [main] INFO  file.pruebas_iniciales.primera_prueba - module-search-index.js
2025-10-08 12:29:14.375 [main] INFO  file.pruebas_iniciales.primera_prueba - overview-tree.html
2025-10-08 12:29:14.375 [main] INFO  file.pruebas_iniciales.primera_prueba - package-search-index.js
2025-10-08 12:29:14.375 [main] INFO  file.pruebas_iniciales.primera_prueba - glass.png
2025-10-08 12:29:14.375 [main] INFO  file.pruebas_iniciales.primera_prueba - x.png
2025-10-08 12:29:14.375 [main] INFO  file.pruebas_iniciales.primera_prueba - jquery-3.6.1.min.js
2025-10-08 12:29:14.376 [main] INFO  file.pruebas_iniciales.primera_prueba - jquery-ui.min.css
2025-10-08 12:29:14.376 [main] INFO  file.pruebas_iniciales.primera_prueba - jquery-ui.min.js
2025-10-08 12:29:14.376 [main] INFO  file.pruebas_iniciales.primera_prueba - script.js
2025-10-08 12:29:14.377 [main] INFO  file.pruebas_iniciales.primera_prueba - search-page.js
2025-10-08 12:29:14.377 [main] INFO  file.pruebas_iniciales.primera_prueba - search.html
2025-10-08 12:29:14.377 [main] INFO  file.pruebas_iniciales.primera_prueba - search.js
2025-10-08 12:29:14.377 [main] INFO  file.pruebas_iniciales.primera_prueba - stylesheet.css
2025-10-08 12:29:14.377 [main] INFO  file.pruebas_iniciales.primera_prueba - tag-search-index.js
2025-10-08 12:29:14.377 [main] INFO  file.pruebas_iniciales.primera_prueba - type-search-index.js
2025-10-08 12:29:14.377 [main] INFO  file.pruebas_iniciales.primera_prueba - FiltraFichero.html
2025-10-08 12:29:14.377 [main] INFO  file.pruebas_iniciales.primera_prueba - FiltraFichero.html
2025-10-08 12:29:14.378 [main] INFO  file.pruebas_iniciales.primera_prueba - package-summary.html
2025-10-08 12:29:14.378 [main] INFO  file.pruebas_iniciales.primera_prueba - package-tree.html
2025-10-08 12:29:14.378 [main] INFO  file.pruebas_iniciales.primera_prueba - package-use.html
2025-10-08 12:29:14.378 [main] INFO  file.pruebas_iniciales.primera_prueba - pom.xml
2025-10-08 12:29:14.378 [main] INFO  file.pruebas_iniciales.primera_prueba - desktop.ini
2025-10-08 12:29:14.378 [main] INFO  file.pruebas_iniciales.primera_prueba - desktop.ini
2025-10-08 12:29:14.378 [main] INFO  file.pruebas_iniciales.primera_prueba - FiltraRecursos2.java
2025-10-08 12:29:14.378 [main] INFO  file.pruebas_iniciales.primera_prueba - FiltraFichero.java
2025-10-08 12:29:14.378 [main] INFO  file.pruebas_iniciales.primera_prueba - FiltraFicheroIdiomas.java
2025-10-08 12:29:14.379 [main] INFO  file.pruebas_iniciales.primera_prueba - FiltraFicheroOrigen.java
2025-10-08 12:29:14.379 [main] INFO  file.pruebas_iniciales.primera_prueba - FiltraIdioma.java
2025-10-08 12:29:14.379 [main] INFO  file.pruebas_iniciales.primera_prueba - step1Main.java
2025-10-08 12:29:14.379 [main] INFO  file.pruebas_iniciales.primera_prueba - FiltraFicheroIdiomasporNombre.java
2025-10-08 12:29:14.379 [main] INFO  file.pruebas_iniciales.primera_prueba - FiltraIdiomaporNombre.java
2025-10-08 12:29:14.379 [main] INFO  file.pruebas_iniciales.primera_prueba - FiltraNombreFichero.java
2025-10-08 12:29:14.380 [main] INFO  file.pruebas_iniciales.primera_prueba - FiltraporNombre.java
2025-10-08 12:29:14.380 [main] INFO  file.pruebas_iniciales.primera_prueba - FiltraRecursos.java
2025-10-08 12:29:14.380 [main] INFO  file.pruebas_iniciales.primera_prueba - Recurso.java
2025-10-08 12:29:14.380 [main] INFO  file.pruebas_iniciales.primera_prueba - step2Main.java
2025-10-08 12:29:14.380 [main] INFO  file.pruebas_iniciales.primera_prueba - FiltraNombreFicheroDos.java
2025-10-08 12:29:14.380 [main] INFO  file.pruebas_iniciales.primera_prueba - FiltraPorIdiomaDos.java
2025-10-08 12:29:14.380 [main] INFO  file.pruebas_iniciales.primera_prueba - FiltraPorIdiomasDos.java
2025-10-08 12:29:14.380 [main] INFO  file.pruebas_iniciales.primera_prueba - LeerRecurso.java
2025-10-08 12:29:14.380 [main] INFO  file.pruebas_iniciales.primera_prueba - Recurso.java
2025-10-08 12:29:14.380 [main] INFO  file.pruebas_iniciales.primera_prueba - step2seguundaparteMain.java
2025-10-08 12:29:14.381 [main] INFO  file.pruebas_iniciales.primera_prueba - GetTraducciones.java
2025-10-08 12:29:14.381 [main] INFO  file.pruebas_iniciales.primera_prueba - PutTraduccion.java
2025-10-08 12:29:14.381 [main] INFO  file.pruebas_iniciales.primera_prueba - Step3Main.java
2025-10-08 12:29:14.381 [main] INFO  file.pruebas_iniciales.primera_prueba - TraduccionesNoRealizadas.java
2025-10-08 12:29:14.382 [main] INFO  file.pruebas_iniciales.primera_prueba - TraduccionesRealizadas.java
2025-10-08 12:29:14.382 [main] INFO  file.pruebas_iniciales.primera_prueba - CreaNuevoIdioma.java
2025-10-08 12:29:14.382 [main] INFO  file.pruebas_iniciales.primera_prueba - CreaNuevoIdioma2.java
2025-10-08 12:29:14.382 [main] INFO  file.pruebas_iniciales.primera_prueba - GoogleTranslate.java
2025-10-08 12:29:14.382 [main] INFO  file.pruebas_iniciales.primera_prueba - HttpConnectionHelper.java
2025-10-08 12:29:14.382 [main] INFO  file.pruebas_iniciales.primera_prueba - MainTraductor.java
2025-10-08 12:29:14.382 [main] INFO  file.pruebas_iniciales.primera_prueba - Step4Main.java
2025-10-08 12:29:14.382 [main] INFO  file.pruebas_iniciales.primera_prueba - nacexShop.properties
2025-10-08 12:29:14.382 [main] INFO  file.pruebas_iniciales.primera_prueba - nacexShop_ca.properties
2025-10-08 12:29:14.383 [main] INFO  file.pruebas_iniciales.primera_prueba - nacexShop_de.properties
2025-10-08 12:29:14.383 [main] INFO  file.pruebas_iniciales.primera_prueba - nacexShop_pt.properties
2025-10-08 12:29:14.383 [main] INFO  file.pruebas_iniciales.primera_prueba - web2017.properties
2025-10-08 12:29:14.383 [main] INFO  file.pruebas_iniciales.primera_prueba - web2017_ca.properties
2025-10-08 12:29:14.383 [main] INFO  file.pruebas_iniciales.primera_prueba - web2017_de.properties
2025-10-08 12:29:14.383 [main] INFO  file.pruebas_iniciales.primera_prueba - web2017_en.properties
2025-10-08 12:29:14.383 [main] INFO  file.pruebas_iniciales.primera_prueba - web2017_ev.properties
2025-10-08 12:29:14.383 [main] INFO  file.pruebas_iniciales.primera_prueba - web2017_fr.properties
2025-10-08 12:29:14.383 [main] INFO  file.pruebas_iniciales.primera_prueba - web2017_it.properties
2025-10-08 12:29:14.383 [main] INFO  file.pruebas_iniciales.primera_prueba - web2017_pt.properties
2025-10-08 12:29:14.384 [main] INFO  file.pruebas_iniciales.primera_prueba - .classpath
2025-10-08 12:29:14.384 [main] INFO  file.pruebas_iniciales.primera_prueba - .lock
2025-10-08 12:29:14.384 [main] INFO  file.pruebas_iniciales.primera_prueba - .log
2025-10-08 12:29:14.384 [main] INFO  file.pruebas_iniciales.primera_prueba - segments_1
2025-10-08 12:29:14.384 [main] INFO  file.pruebas_iniciales.primera_prueba - write.lock
2025-10-08 12:29:14.384 [main] INFO  file.pruebas_iniciales.primera_prueba - .tasks.xml.zip
2025-10-08 12:29:14.384 [main] INFO  file.pruebas_iniciales.primera_prueba - repositories.xml.zip
2025-10-08 12:29:14.384 [main] INFO  file.pruebas_iniciales.primera_prueba - tasks.xml.zip
2025-10-08 12:29:14.385 [main] INFO  file.pruebas_iniciales.primera_prueba - 8080dff02300001011b3c4d13ee0bee7
2025-10-08 12:29:14.385 [main] INFO  file.pruebas_iniciales.primera_prueba - 9059be512300001011b3c4d13ee0bee7
2025-10-08 12:29:14.385 [main] INFO  file.pruebas_iniciales.primera_prueba - b09d1d6e2500001011b3c4d13ee0bee7
2025-10-08 12:29:14.385 [main] INFO  file.pruebas_iniciales.primera_prueba - d04358bf2800001011b3c4d13ee0bee7
2025-10-08 12:29:14.386 [main] INFO  file.pruebas_iniciales.primera_prueba - 70e8f1902800001011b3c4d13ee0bee7
2025-10-08 12:29:14.386 [main] INFO  file.pruebas_iniciales.primera_prueba - 00b87fe02200001011b3c4d13ee0bee7
2025-10-08 12:29:14.386 [main] INFO  file.pruebas_iniciales.primera_prueba - 101d2c622a00001011b3c4d13ee0bee7
2025-10-08 12:29:14.386 [main] INFO  file.pruebas_iniciales.primera_prueba - d073dd042400001011b3c4d13ee0bee7
2025-10-08 12:29:14.386 [main] INFO  file.pruebas_iniciales.primera_prueba - 409644032200001011b3c4d13ee0bee7
2025-10-08 12:29:14.386 [main] INFO  file.pruebas_iniciales.primera_prueba - 5017f7392500001011b3c4d13ee0bee7
2025-10-08 12:29:14.387 [main] INFO  file.pruebas_iniciales.primera_prueba - 005d4c94680300101f1af72272d2d0ca
2025-10-08 12:29:14.387 [main] INFO  file.pruebas_iniciales.primera_prueba - 201bf2a42700001011b3c4d13ee0bee7
2025-10-08 12:29:14.387 [main] INFO  file.pruebas_iniciales.primera_prueba - b0f557bf2800001011b3c4d13ee0bee7
2025-10-08 12:29:14.387 [main] INFO  file.pruebas_iniciales.primera_prueba - 805ad97c2300001011b3c4d13ee0bee7
2025-10-08 12:29:14.387 [main] INFO  file.pruebas_iniciales.primera_prueba - c0ef99312400001011b3c4d13ee0bee7
2025-10-08 12:29:14.387 [main] INFO  file.pruebas_iniciales.primera_prueba - e06183842800001011b3c4d13ee0bee7
2025-10-08 12:29:14.387 [main] INFO  file.pruebas_iniciales.primera_prueba - 50cea3f92400001011b3c4d13ee0bee7
2025-10-08 12:29:14.388 [main] INFO  file.pruebas_iniciales.primera_prueba - 405fb02f4ced001f1222c1e329c609ca
2025-10-08 12:29:14.388 [main] INFO  file.pruebas_iniciales.primera_prueba - c0696a642900001011b3c4d13ee0bee7
2025-10-08 12:29:14.388 [main] INFO  file.pruebas_iniciales.primera_prueba - 905c288b230400101028d29b20063823
2025-10-08 12:29:14.388 [main] INFO  file.pruebas_iniciales.primera_prueba - c06fe59d2300001011b3c4d13ee0bee7
2025-10-08 12:29:14.388 [main] INFO  file.pruebas_iniciales.primera_prueba - 70e549902400001011b3c4d13ee0bee7
2025-10-08 12:29:14.388 [main] INFO  file.pruebas_iniciales.primera_prueba - 70021f852400001011b3c4d13ee0bee7
2025-10-08 12:29:14.388 [main] INFO  file.pruebas_iniciales.primera_prueba - 00dc844c2900001011b3c4d13ee0bee7
2025-10-08 12:29:14.389 [main] INFO  file.pruebas_iniciales.primera_prueba - 1024d503200400101028d29b20063823
2025-10-08 12:29:14.389 [main] INFO  file.pruebas_iniciales.primera_prueba - e0d252cb2800001011b3c4d13ee0bee7
2025-10-08 12:29:14.389 [main] INFO  file.pruebas_iniciales.primera_prueba - f080a5b649ed001f1222c1e329c609ca
2025-10-08 12:29:14.389 [main] INFO  file.pruebas_iniciales.primera_prueba - 00c67b981f00001011b3c4d13ee0bee7
2025-10-08 12:29:14.389 [main] INFO  file.pruebas_iniciales.primera_prueba - 80a6ea02f0040010102baaf72cfa8333
2025-10-08 12:29:14.389 [main] INFO  file.pruebas_iniciales.primera_prueba - 7049d3362200001011b3c4d13ee0bee7
2025-10-08 12:29:14.389 [main] INFO  file.pruebas_iniciales.primera_prueba - 00abe4562200001011b3c4d13ee0bee7
2025-10-08 12:29:14.390 [main] INFO  file.pruebas_iniciales.primera_prueba - 4080687d4ded001f1222c1e329c609ca
2025-10-08 12:29:14.390 [main] INFO  file.pruebas_iniciales.primera_prueba - 407579bb2300001011b3c4d13ee0bee7
2025-10-08 12:29:14.390 [main] INFO  file.pruebas_iniciales.primera_prueba - 4036369368ed001f1222c1e329c609ca
2025-10-08 12:29:14.390 [main] INFO  file.pruebas_iniciales.primera_prueba - f033229a2800001011b3c4d13ee0bee7
2025-10-08 12:29:14.390 [main] INFO  file.pruebas_iniciales.primera_prueba - 5042ffb62400001011b3c4d13ee0bee7
2025-10-08 12:29:14.390 [main] INFO  file.pruebas_iniciales.primera_prueba - 60c0f15b2700001011b3c4d13ee0bee7
2025-10-08 12:29:14.390 [main] INFO  file.pruebas_iniciales.primera_prueba - 80ea60362000001011b3c4d13ee0bee7
2025-10-08 12:29:14.390 [main] INFO  file.pruebas_iniciales.primera_prueba - 805113961f00001011b3c4d13ee0bee7
2025-10-08 12:29:14.391 [main] INFO  file.pruebas_iniciales.primera_prueba - e04941782500001011b3c4d13ee0bee7
2025-10-08 12:29:14.391 [main] INFO  file.pruebas_iniciales.primera_prueba - 309ad55c680300101f1af72272d2d0ca
2025-10-08 12:29:14.391 [main] INFO  file.pruebas_iniciales.primera_prueba - d00c7a0df0040010102baaf72cfa8333
2025-10-08 12:29:14.391 [main] INFO  file.pruebas_iniciales.primera_prueba - 9029390c2800001011b3c4d13ee0bee7
2025-10-08 12:29:14.391 [main] INFO  file.pruebas_iniciales.primera_prueba - c0c33b77e6040010102baaf72cfa8333
2025-10-08 12:29:14.391 [main] INFO  file.pruebas_iniciales.primera_prueba - 50526dd3ee040010102baaf72cfa8333
2025-10-08 12:29:14.391 [main] INFO  file.pruebas_iniciales.primera_prueba - 0038877b2300001011b3c4d13ee0bee7
2025-10-08 12:29:14.391 [main] INFO  file.pruebas_iniciales.primera_prueba - 900dd0f0cbd9001f110c801cfe2e7ad9
2025-10-08 12:29:14.391 [main] INFO  file.pruebas_iniciales.primera_prueba - e02931286b0300101f1af72272d2d0ca
2025-10-08 12:29:14.391 [main] INFO  file.pruebas_iniciales.primera_prueba - e0a0afcd2300001011b3c4d13ee0bee7
2025-10-08 12:29:14.393 [main] INFO  file.pruebas_iniciales.primera_prueba - a04cc5d32800001011b3c4d13ee0bee7
2025-10-08 12:29:14.393 [main] INFO  file.pruebas_iniciales.primera_prueba - 70ab56af2800001011b3c4d13ee0bee7
2025-10-08 12:29:14.393 [main] INFO  file.pruebas_iniciales.primera_prueba - 500a7ee02200001011b3c4d13ee0bee7
2025-10-08 12:29:14.393 [main] INFO  file.pruebas_iniciales.primera_prueba - b0e28a07680300101f1af72272d2d0ca
2025-10-08 12:29:14.393 [main] INFO  file.pruebas_iniciales.primera_prueba - 8068c0c92700001011b3c4d13ee0bee7
2025-10-08 12:29:14.393 [main] INFO  file.pruebas_iniciales.primera_prueba - 209fed11e6040010102baaf72cfa8333
2025-10-08 12:29:14.394 [main] INFO  file.pruebas_iniciales.primera_prueba - 302b140b2000001011b3c4d13ee0bee7
2025-10-08 12:29:14.394 [main] INFO  file.pruebas_iniciales.primera_prueba - f02b310a2500001011b3c4d13ee0bee7
2025-10-08 12:29:14.394 [main] INFO  file.pruebas_iniciales.primera_prueba - 904805ef67ed001f1222c1e329c609ca
2025-10-08 12:29:14.394 [main] INFO  file.pruebas_iniciales.primera_prueba - e0c35312fa040010102baaf72cfa8333
2025-10-08 12:29:14.394 [main] INFO  file.pruebas_iniciales.primera_prueba - f0ac52a02800001011b3c4d13ee0bee7
2025-10-08 12:29:14.394 [main] INFO  file.pruebas_iniciales.primera_prueba - 0080361e2a00001011b3c4d13ee0bee7
2025-10-08 12:29:14.395 [main] INFO  file.pruebas_iniciales.primera_prueba - 3095caf2e5040010102baaf72cfa8333
2025-10-08 12:29:14.395 [main] INFO  file.pruebas_iniciales.primera_prueba - 805a31544ded001f1222c1e329c609ca
2025-10-08 12:29:14.395 [main] INFO  file.pruebas_iniciales.primera_prueba - 10e664d82000001011b3c4d13ee0bee7
2025-10-08 12:29:14.395 [main] INFO  file.pruebas_iniciales.primera_prueba - a0ae92e8ee040010102baaf72cfa8333
2025-10-08 12:29:14.395 [main] INFO  file.pruebas_iniciales.primera_prueba - a0c8efd0cfd8001f1489b890a3bc20ec
2025-10-08 12:29:14.395 [main] INFO  file.pruebas_iniciales.primera_prueba - 5078ab012500001011b3c4d13ee0bee7
2025-10-08 12:29:14.395 [main] INFO  file.pruebas_iniciales.primera_prueba - 308d1fb52100001011b3c4d13ee0bee7
2025-10-08 12:29:14.396 [main] INFO  file.pruebas_iniciales.primera_prueba - e05d567f2200001011b3c4d13ee0bee7
2025-10-08 12:29:14.396 [main] INFO  file.pruebas_iniciales.primera_prueba - c049f63a2300001011b3c4d13ee0bee7
2025-10-08 12:29:14.396 [main] INFO  file.pruebas_iniciales.primera_prueba - 80bd9a13230400101028d29b20063823
2025-10-08 12:29:14.396 [main] INFO  file.pruebas_iniciales.primera_prueba - 90460a792200001011b3c4d13ee0bee7
2025-10-08 12:29:14.396 [main] INFO  file.pruebas_iniciales.primera_prueba - 301374fde5040010102baaf72cfa8333
2025-10-08 12:29:14.397 [main] INFO  file.pruebas_iniciales.primera_prueba - 00e782292500001011b3c4d13ee0bee7
2025-10-08 12:29:14.397 [main] INFO  file.pruebas_iniciales.primera_prueba - 50a5ab644ded001f1222c1e329c609ca
2025-10-08 12:29:14.397 [main] INFO  file.pruebas_iniciales.primera_prueba - 805de722d0d8001f1489b890a3bc20ec
2025-10-08 12:29:14.397 [main] INFO  file.pruebas_iniciales.primera_prueba - 70913f504eed001f1222c1e329c609ca
2025-10-08 12:29:14.397 [main] INFO  file.pruebas_iniciales.primera_prueba - 00b6bf941d0400101028d29b20063823
2025-10-08 12:29:14.397 [main] INFO  file.pruebas_iniciales.primera_prueba - a0bc8c1b230400101028d29b20063823
2025-10-08 12:29:14.397 [main] INFO  file.pruebas_iniciales.primera_prueba - b0539e3a1e0400101028d29b20063823
2025-10-08 12:29:14.397 [main] INFO  file.pruebas_iniciales.primera_prueba - f06590db68ed001f1222c1e329c609ca
2025-10-08 12:29:14.398 [main] INFO  file.pruebas_iniciales.primera_prueba - 50a9af2a690300101f1af72272d2d0ca
2025-10-08 12:29:14.398 [main] INFO  file.pruebas_iniciales.primera_prueba - f0db5386e5040010102baaf72cfa8333
2025-10-08 12:29:14.398 [main] INFO  file.pruebas_iniciales.primera_prueba - 40ab5c652400001011b3c4d13ee0bee7
2025-10-08 12:29:14.398 [main] INFO  file.pruebas_iniciales.primera_prueba - 500ea5434ded001f1222c1e329c609ca
2025-10-08 12:29:14.398 [main] INFO  file.pruebas_iniciales.primera_prueba - 5012b3984aed001f1222c1e329c609ca
2025-10-08 12:29:14.398 [main] INFO  file.pruebas_iniciales.primera_prueba - 703146c22700001011b3c4d13ee0bee7
2025-10-08 12:29:14.398 [main] INFO  file.pruebas_iniciales.primera_prueba - e09359b04ded001f1222c1e329c609ca
2025-10-08 12:29:14.398 [main] INFO  file.pruebas_iniciales.primera_prueba - 90add9e9ee040010102baaf72cfa8333
2025-10-08 12:29:14.398 [main] INFO  file.pruebas_iniciales.primera_prueba - 3086d9e8ef040010102baaf72cfa8333
2025-10-08 12:29:14.398 [main] INFO  file.pruebas_iniciales.primera_prueba - f02be988680300101f1af72272d2d0ca
2025-10-08 12:29:14.398 [main] INFO  file.pruebas_iniciales.primera_prueba - 7012c55b2400001011b3c4d13ee0bee7
2025-10-08 12:29:14.399 [main] INFO  file.pruebas_iniciales.primera_prueba - e0fe39fc1c0400101028d29b20063823
2025-10-08 12:29:14.399 [main] INFO  file.pruebas_iniciales.primera_prueba - 90c7f263f1040010102baaf72cfa8333
2025-10-08 12:29:14.399 [main] INFO  file.pruebas_iniciales.primera_prueba - 5048cdd92300001011b3c4d13ee0bee7
2025-10-08 12:29:14.399 [main] INFO  file.pruebas_iniciales.primera_prueba - d0e0eb222100001011b3c4d13ee0bee7
2025-10-08 12:29:14.399 [main] INFO  file.pruebas_iniciales.primera_prueba - d094786deb040010102baaf72cfa8333
2025-10-08 12:29:14.399 [main] INFO  file.pruebas_iniciales.primera_prueba - 5070af2a6b0300101f1af72272d2d0ca
2025-10-08 12:29:14.399 [main] INFO  file.pruebas_iniciales.primera_prueba - 4082eac82400001011b3c4d13ee0bee7
2025-10-08 12:29:14.400 [main] INFO  file.pruebas_iniciales.primera_prueba - 10ee127b230400101028d29b20063823
2025-10-08 12:29:14.400 [main] INFO  file.pruebas_iniciales.primera_prueba - 404a46602300001011b3c4d13ee0bee7
2025-10-08 12:29:14.400 [main] INFO  file.pruebas_iniciales.primera_prueba - f05488b74bed001f1222c1e329c609ca
2025-10-08 12:29:14.400 [main] INFO  file.pruebas_iniciales.primera_prueba - 7051cdb01e00001011b3c4d13ee0bee7
2025-10-08 12:29:14.400 [main] INFO  file.pruebas_iniciales.primera_prueba - c0b0dba62900001011b3c4d13ee0bee7
2025-10-08 12:29:14.400 [main] INFO  file.pruebas_iniciales.primera_prueba - 903e0ce82200001011b3c4d13ee0bee7
2025-10-08 12:29:14.400 [main] INFO  file.pruebas_iniciales.primera_prueba - e0c2f0eaee040010102baaf72cfa8333
2025-10-08 12:29:14.401 [main] INFO  file.pruebas_iniciales.primera_prueba - 10b2a3a0680300101f1af72272d2d0ca
2025-10-08 12:29:14.401 [main] INFO  file.pruebas_iniciales.primera_prueba - b0fc03762800001011b3c4d13ee0bee7
2025-10-08 12:29:14.401 [main] INFO  file.pruebas_iniciales.primera_prueba - 3029354ecbd9001f110c801cfe2e7ad9
2025-10-08 12:29:14.401 [main] INFO  file.pruebas_iniciales.primera_prueba - 506d6ca1390400101028d29b20063823
2025-10-08 12:29:14.401 [main] INFO  file.pruebas_iniciales.primera_prueba - d0635bc567ed001f1222c1e329c609ca
2025-10-08 12:29:14.401 [main] INFO  file.pruebas_iniciales.primera_prueba - f0af7be82700001011b3c4d13ee0bee7
2025-10-08 12:29:14.401 [main] INFO  file.pruebas_iniciales.primera_prueba - c06225b11f0400101028d29b20063823
2025-10-08 12:29:14.401 [main] INFO  file.pruebas_iniciales.primera_prueba - f060bbc1e5040010102baaf72cfa8333
2025-10-08 12:29:14.401 [main] INFO  file.pruebas_iniciales.primera_prueba - d069372a1e0400101028d29b20063823
2025-10-08 12:29:14.401 [main] INFO  file.pruebas_iniciales.primera_prueba - e0f91d94f0040010102baaf72cfa8333
2025-10-08 12:29:14.401 [main] INFO  file.pruebas_iniciales.primera_prueba - b0727ce32100001011b3c4d13ee0bee7
2025-10-08 12:29:14.401 [main] INFO  file.pruebas_iniciales.primera_prueba - 808324a94aed001f1222c1e329c609ca
2025-10-08 12:29:14.403 [main] INFO  file.pruebas_iniciales.primera_prueba - 10465cbc2100001011b3c4d13ee0bee7
2025-10-08 12:29:14.403 [main] INFO  file.pruebas_iniciales.primera_prueba - a0b3cc12690300101f1af72272d2d0ca
2025-10-08 12:29:14.403 [main] INFO  file.pruebas_iniciales.primera_prueba - 106b0e562900001011b3c4d13ee0bee7
2025-10-08 12:29:14.403 [main] INFO  file.pruebas_iniciales.primera_prueba - 70b813fff0040010102baaf72cfa8333
2025-10-08 12:29:14.403 [main] INFO  file.pruebas_iniciales.primera_prueba - 408c45172100001011b3c4d13ee0bee7
2025-10-08 12:29:14.403 [main] INFO  file.pruebas_iniciales.primera_prueba - f0c305272300001011b3c4d13ee0bee7
2025-10-08 12:29:14.404 [main] INFO  file.pruebas_iniciales.primera_prueba - 402b7f462300001011b3c4d13ee0bee7
2025-10-08 12:29:14.404 [main] INFO  file.pruebas_iniciales.primera_prueba - 300860db2100001011b3c4d13ee0bee7
2025-10-08 12:29:14.404 [main] INFO  file.pruebas_iniciales.primera_prueba - b0c5bfea1b0400101028d29b20063823
2025-10-08 12:29:14.404 [main] INFO  file.pruebas_iniciales.primera_prueba - b0680736690300101f1af72272d2d0ca
2025-10-08 12:29:14.404 [main] INFO  file.pruebas_iniciales.primera_prueba - 80c6fd141e00001011b3c4d13ee0bee7
2025-10-08 12:29:14.404 [main] INFO  file.pruebas_iniciales.primera_prueba - 304496e82400001011b3c4d13ee0bee7
2025-10-08 12:29:14.405 [main] INFO  file.pruebas_iniciales.primera_prueba - 10647ac6ef040010102baaf72cfa8333
2025-10-08 12:29:14.405 [main] INFO  file.pruebas_iniciales.primera_prueba - 5044ebc42800001011b3c4d13ee0bee7
2025-10-08 12:29:14.405 [main] INFO  file.pruebas_iniciales.primera_prueba - 60bea6a72800001011b3c4d13ee0bee7
2025-10-08 12:29:14.405 [main] INFO  file.pruebas_iniciales.primera_prueba - d05b449e2700001011b3c4d13ee0bee7
2025-10-08 12:29:14.405 [main] INFO  file.pruebas_iniciales.primera_prueba - e0e306582200001011b3c4d13ee0bee7
2025-10-08 12:29:14.405 [main] INFO  file.pruebas_iniciales.primera_prueba - 90b5db80680300101f1af72272d2d0ca
2025-10-08 12:29:14.405 [main] INFO  file.pruebas_iniciales.primera_prueba - f0e167fb2300001011b3c4d13ee0bee7
2025-10-08 12:29:14.406 [main] INFO  file.pruebas_iniciales.primera_prueba - 80984a352000001011b3c4d13ee0bee7
2025-10-08 12:29:14.406 [main] INFO  file.pruebas_iniciales.primera_prueba - 70636dcd230400101028d29b20063823
2025-10-08 12:29:14.406 [main] INFO  file.pruebas_iniciales.primera_prueba - 0027361d2a00001011b3c4d13ee0bee7
2025-10-08 12:29:14.406 [main] INFO  file.pruebas_iniciales.primera_prueba - b09619b91d0400101028d29b20063823
2025-10-08 12:29:14.406 [main] INFO  file.pruebas_iniciales.primera_prueba - 20ada3b52800001011b3c4d13ee0bee7
2025-10-08 12:29:14.406 [main] INFO  file.pruebas_iniciales.primera_prueba - d0dfea7e1d0400101028d29b20063823
2025-10-08 12:29:14.406 [main] INFO  file.pruebas_iniciales.primera_prueba - 10f8a0d86a0300101f1af72272d2d0ca
2025-10-08 12:29:14.407 [main] INFO  file.pruebas_iniciales.primera_prueba - 20359484e6040010102baaf72cfa8333
2025-10-08 12:29:14.407 [main] INFO  file.pruebas_iniciales.primera_prueba - f06fb5c24ded001f1222c1e329c609ca
2025-10-08 12:29:14.407 [main] INFO  file.pruebas_iniciales.primera_prueba - 900010ce690300101f1af72272d2d0ca
2025-10-08 12:29:14.407 [main] INFO  file.pruebas_iniciales.primera_prueba - 30f3e0c9e5040010102baaf72cfa8333
2025-10-08 12:29:14.407 [main] INFO  file.pruebas_iniciales.primera_prueba - c0fc75104ced001f1222c1e329c609ca
2025-10-08 12:29:14.407 [main] INFO  file.pruebas_iniciales.primera_prueba - f08955a1390400101028d29b20063823
2025-10-08 12:29:14.407 [main] INFO  file.pruebas_iniciales.primera_prueba - 6013238ceb040010102baaf72cfa8333
2025-10-08 12:29:14.408 [main] INFO  file.pruebas_iniciales.primera_prueba - .location
2025-10-08 12:29:14.408 [main] INFO  file.pruebas_iniciales.primera_prueba - .markers.snap
2025-10-08 12:29:14.408 [main] INFO  file.pruebas_iniciales.primera_prueba - .syncinfo.snap
2025-10-08 12:29:14.408 [main] INFO  file.pruebas_iniciales.primera_prueba - .markers.snap
2025-10-08 12:29:14.408 [main] INFO  file.pruebas_iniciales.primera_prueba - .syncinfo.snap
2025-10-08 12:29:14.408 [main] INFO  file.pruebas_iniciales.primera_prueba - state.dat
2025-10-08 12:29:14.409 [main] INFO  file.pruebas_iniciales.primera_prueba - history.index
2025-10-08 12:29:14.409 [main] INFO  file.pruebas_iniciales.primera_prueba - history.index
2025-10-08 12:29:14.409 [main] INFO  file.pruebas_iniciales.primera_prueba - .markers
2025-10-08 12:29:14.409 [main] INFO  file.pruebas_iniciales.primera_prueba - .markers.snap
2025-10-08 12:29:14.409 [main] INFO  file.pruebas_iniciales.primera_prueba - .syncinfo.snap
2025-10-08 12:29:14.409 [main] INFO  file.pruebas_iniciales.primera_prueba - history.version
2025-10-08 12:29:14.410 [main] INFO  file.pruebas_iniciales.primera_prueba - properties.index
2025-10-08 12:29:14.410 [main] INFO  file.pruebas_iniciales.primera_prueba - properties.version
2025-10-08 12:29:14.410 [main] INFO  file.pruebas_iniciales.primera_prueba - .markers.snap
2025-10-08 12:29:14.410 [main] INFO  file.pruebas_iniciales.primera_prueba - 14.tree
2025-10-08 12:29:14.410 [main] INFO  file.pruebas_iniciales.primera_prueba - org.eclipse.core.resources
2025-10-08 12:29:14.410 [main] INFO  file.pruebas_iniciales.primera_prueba - 14.snap
2025-10-08 12:29:14.410 [main] INFO  file.pruebas_iniciales.primera_prueba - org.eclipse.core.resources.prefs
2025-10-08 12:29:14.410 [main] INFO  file.pruebas_iniciales.primera_prueba - org.eclipse.debug.ui.prefs
2025-10-08 12:29:14.411 [main] INFO  file.pruebas_iniciales.primera_prueba - org.eclipse.jdt.core.prefs
2025-10-08 12:29:14.411 [main] INFO  file.pruebas_iniciales.primera_prueba - org.eclipse.jdt.junit.prefs
2025-10-08 12:29:14.411 [main] INFO  file.pruebas_iniciales.primera_prueba - org.eclipse.jdt.launching.prefs
2025-10-08 12:29:14.411 [main] INFO  file.pruebas_iniciales.primera_prueba - org.eclipse.jdt.ui.prefs
2025-10-08 12:29:14.411 [main] INFO  file.pruebas_iniciales.primera_prueba - org.eclipse.jsch.core.prefs
2025-10-08 12:29:14.411 [main] INFO  file.pruebas_iniciales.primera_prueba - org.eclipse.jst.j2ee.webservice.ui.prefs
2025-10-08 12:29:14.411 [main] INFO  file.pruebas_iniciales.primera_prueba - org.eclipse.jst.jsp.core.prefs
2025-10-08 12:29:14.411 [main] INFO  file.pruebas_iniciales.primera_prueba - org.eclipse.m2e.discovery.prefs
2025-10-08 12:29:14.412 [main] INFO  file.pruebas_iniciales.primera_prueba - org.eclipse.mylyn.context.core.prefs
2025-10-08 12:29:14.412 [main] INFO  file.pruebas_iniciales.primera_prueba - org.eclipse.mylyn.java.ui.prefs
2025-10-08 12:29:14.412 [main] INFO  file.pruebas_iniciales.primera_prueba - org.eclipse.mylyn.monitor.ui.prefs
2025-10-08 12:29:14.412 [main] INFO  file.pruebas_iniciales.primera_prueba - org.eclipse.mylyn.tasks.ui.prefs
2025-10-08 12:29:14.412 [main] INFO  file.pruebas_iniciales.primera_prueba - org.eclipse.pde.api.tools.prefs
2025-10-08 12:29:14.412 [main] INFO  file.pruebas_iniciales.primera_prueba - org.eclipse.ui.browser.prefs
2025-10-08 12:29:14.412 [main] INFO  file.pruebas_iniciales.primera_prueba - org.eclipse.ui.ide.prefs
2025-10-08 12:29:14.412 [main] INFO  file.pruebas_iniciales.primera_prueba - org.eclipse.ui.navigator.prefs
2025-10-08 12:29:14.413 [main] INFO  file.pruebas_iniciales.primera_prueba - org.eclipse.ui.prefs
2025-10-08 12:29:14.413 [main] INFO  file.pruebas_iniciales.primera_prueba - org.eclipse.ui.workbench.prefs
2025-10-08 12:29:14.413 [main] INFO  file.pruebas_iniciales.primera_prueba - org.eclipse.wst.jsdt.ui.prefs
2025-10-08 12:29:14.413 [main] INFO  file.pruebas_iniciales.primera_prueba - org.eclipse.wst.ws.service.policy.prefs
2025-10-08 12:29:14.413 [main] INFO  file.pruebas_iniciales.primera_prueba - Ejercicio1 (1).launch
2025-10-08 12:29:14.413 [main] INFO  file.pruebas_iniciales.primera_prueba - Ejercicio1.launch
2025-10-08 12:29:14.413 [main] INFO  file.pruebas_iniciales.primera_prueba - Ejercicio10.launch
2025-10-08 12:29:14.413 [main] INFO  file.pruebas_iniciales.primera_prueba - Ejercicio11.launch
2025-10-08 12:29:14.413 [main] INFO  file.pruebas_iniciales.primera_prueba - Ejercicio12.launch
2025-10-08 12:29:14.413 [main] INFO  file.pruebas_iniciales.primera_prueba - Ejercicio2 (1).launch
2025-10-08 12:29:14.414 [main] INFO  file.pruebas_iniciales.primera_prueba - Ejercicio2.launch
2025-10-08 12:29:14.414 [main] INFO  file.pruebas_iniciales.primera_prueba - Ejercicio3 (1).launch
2025-10-08 12:29:14.414 [main] INFO  file.pruebas_iniciales.primera_prueba - Ejercicio3.launch
2025-10-08 12:29:14.414 [main] INFO  file.pruebas_iniciales.primera_prueba - Ejercicio4.launch
2025-10-08 12:29:14.414 [main] INFO  file.pruebas_iniciales.primera_prueba - Ejercicio5.launch
2025-10-08 12:29:14.414 [main] INFO  file.pruebas_iniciales.primera_prueba - Ejercicio6.launch
2025-10-08 12:29:14.414 [main] INFO  file.pruebas_iniciales.primera_prueba - Ejercicio7.launch
2025-10-08 12:29:14.414 [main] INFO  file.pruebas_iniciales.primera_prueba - Ejercicio8.launch
2025-10-08 12:29:14.415 [main] INFO  file.pruebas_iniciales.primera_prueba - Ejercicio9.launch
2025-10-08 12:29:14.415 [main] INFO  file.pruebas_iniciales.primera_prueba - Ejerciciojava.launch
2025-10-08 12:29:14.415 [main] INFO  file.pruebas_iniciales.primera_prueba - GestionaBiblioteca.launch
2025-10-08 12:29:14.415 [main] INFO  file.pruebas_iniciales.primera_prueba - GestionaCubos.launch
2025-10-08 12:29:14.415 [main] INFO  file.pruebas_iniciales.primera_prueba - GestionaFactoria.launch
2025-10-08 12:29:14.415 [main] INFO  file.pruebas_iniciales.primera_prueba - Simulacro_Ejercicio1.launch
2025-10-08 12:29:14.415 [main] INFO  file.pruebas_iniciales.primera_prueba - Simulacro_Ejercicio2.launch
2025-10-08 12:29:14.415 [main] INFO  file.pruebas_iniciales.primera_prueba - dialog_settings.xml
2025-10-08 12:29:14.415 [main] INFO  file.pruebas_iniciales.primera_prueba - launchConfigurationHistory.xml
2025-10-08 12:29:14.415 [main] INFO  file.pruebas_iniciales.primera_prueba - workbench.xmi
2025-10-08 12:29:14.415 [main] INFO  file.pruebas_iniciales.primera_prueba - .project
2025-10-08 12:29:14.416 [main] INFO  file.pruebas_iniciales.primera_prueba - org.eclipse.core.resources.prefs
2025-10-08 12:29:14.416 [main] INFO  file.pruebas_iniciales.primera_prueba - 1261470490.index
2025-10-08 12:29:14.416 [main] INFO  file.pruebas_iniciales.primera_prueba - 1512908108.index
2025-10-08 12:29:14.416 [main] INFO  file.pruebas_iniciales.primera_prueba - 186486054.index
2025-10-08 12:29:14.416 [main] INFO  file.pruebas_iniciales.primera_prueba - 1865797976.index
2025-10-08 12:29:14.416 [main] INFO  file.pruebas_iniciales.primera_prueba - assumedExternalFilesCache
2025-10-08 12:29:14.417 [main] INFO  file.pruebas_iniciales.primera_prueba - externalFilesCache
2025-10-08 12:29:14.417 [main] INFO  file.pruebas_iniciales.primera_prueba - externalLibsTimeStamps
2025-10-08 12:29:14.417 [main] INFO  file.pruebas_iniciales.primera_prueba - javaLikeNames.txt
2025-10-08 12:29:14.417 [main] INFO  file.pruebas_iniciales.primera_prueba - nonChainingJarsCache
2025-10-08 12:29:14.417 [main] INFO  file.pruebas_iniciales.primera_prueba - savedIndexNames.txt
2025-10-08 12:29:14.417 [main] INFO  file.pruebas_iniciales.primera_prueba - variablesAndContainers.dat
2025-10-08 12:29:14.417 [main] INFO  file.pruebas_iniciales.primera_prueba - .install.xml
2025-10-08 12:29:14.417 [main] INFO  file.pruebas_iniciales.primera_prueba - libraryInfos.xml
2025-10-08 12:29:14.417 [main] INFO  file.pruebas_iniciales.primera_prueba - dialog_settings.xml
2025-10-08 12:29:14.417 [main] INFO  file.pruebas_iniciales.primera_prueba - 0.png
2025-10-08 12:29:14.417 [main] INFO  file.pruebas_iniciales.primera_prueba - 1.png
2025-10-08 12:29:14.418 [main] INFO  file.pruebas_iniciales.primera_prueba - 2.png
2025-10-08 12:29:14.418 [main] INFO  file.pruebas_iniciales.primera_prueba - 3.png
2025-10-08 12:29:14.418 [main] INFO  file.pruebas_iniciales.primera_prueba - 4.png
2025-10-08 12:29:14.418 [main] INFO  file.pruebas_iniciales.primera_prueba - OpenTypeHistory.xml
2025-10-08 12:29:14.418 [main] INFO  file.pruebas_iniciales.primera_prueba - QualifiedTypeNameHistory.xml
2025-10-08 12:29:14.418 [main] INFO  file.pruebas_iniciales.primera_prueba - earLibrariesCache.index
2025-10-08 12:29:14.418 [main] INFO  file.pruebas_iniciales.primera_prueba - dialog_settings.xml
2025-10-08 12:29:14.418 [main] INFO  file.pruebas_iniciales.primera_prueba - webLibrariesCache.index
2025-10-08 12:29:14.419 [main] INFO  file.pruebas_iniciales.primera_prueba - refactorings.history
2025-10-08 12:29:14.419 [main] INFO  file.pruebas_iniciales.primera_prueba - refactorings.index
2025-10-08 12:29:14.420 [main] INFO  file.pruebas_iniciales.primera_prueba - refactorings.history
2025-10-08 12:29:14.420 [main] INFO  file.pruebas_iniciales.primera_prueba - refactorings.index
2025-10-08 12:29:14.420 [main] INFO  file.pruebas_iniciales.primera_prueba - refactorings.history
2025-10-08 12:29:14.420 [main] INFO  file.pruebas_iniciales.primera_prueba - refactorings.index
2025-10-08 12:29:14.420 [main] INFO  file.pruebas_iniciales.primera_prueba - refactorings.history
2025-10-08 12:29:14.420 [main] INFO  file.pruebas_iniciales.primera_prueba - refactorings.index
2025-10-08 12:29:14.420 [main] INFO  file.pruebas_iniciales.primera_prueba - dialog_settings.xml
2025-10-08 12:29:14.421 [main] INFO  file.pruebas_iniciales.primera_prueba - workspaceState.ser
2025-10-08 12:29:14.421 [main] INFO  file.pruebas_iniciales.primera_prueba - 0.log
2025-10-08 12:29:14.421 [main] INFO  file.pruebas_iniciales.primera_prueba - logback.2.6.1.20240411-1122.xml
2025-10-08 12:29:14.421 [main] INFO  file.pruebas_iniciales.primera_prueba - avatars.ser
2025-10-08 12:29:14.421 [main] INFO  file.pruebas_iniciales.primera_prueba - workspace.setup
2025-10-08 12:29:14.421 [main] INFO  file.pruebas_iniciales.primera_prueba - clean-cache.properties
2025-10-08 12:29:14.421 [main] INFO  file.pruebas_iniciales.primera_prueba - dialog_settings.xml
2025-10-08 12:29:14.421 [main] INFO  file.pruebas_iniciales.primera_prueba - data.properties
2025-10-08 12:29:14.421 [main] INFO  file.pruebas_iniciales.primera_prueba - dialog_settings.xml
2025-10-08 12:29:14.423 [main] INFO  file.pruebas_iniciales.primera_prueba - dialog_settings.xml
2025-10-08 12:29:14.423 [main] INFO  file.pruebas_iniciales.primera_prueba - introstate
2025-10-08 12:29:14.423 [main] INFO  file.pruebas_iniciales.primera_prueba - dialog_settings.xml
2025-10-08 12:29:14.423 [main] INFO  file.pruebas_iniciales.primera_prueba - workingsets.xml
2025-10-08 12:29:14.423 [main] INFO  file.pruebas_iniciales.primera_prueba - externalLibsTimeStamps
2025-10-08 12:29:14.423 [main] INFO  file.pruebas_iniciales.primera_prueba - 1261470490.index
2025-10-08 12:29:14.423 [main] INFO  file.pruebas_iniciales.primera_prueba - 1583424979.index
2025-10-08 12:29:14.424 [main] INFO  file.pruebas_iniciales.primera_prueba - 2747100985.index
2025-10-08 12:29:14.424 [main] INFO  file.pruebas_iniciales.primera_prueba - 3451200381.index
2025-10-08 12:29:14.424 [main] INFO  file.pruebas_iniciales.primera_prueba - 3942643794.index
2025-10-08 12:29:14.424 [main] INFO  file.pruebas_iniciales.primera_prueba - 818591627.index
2025-10-08 12:29:14.424 [main] INFO  file.pruebas_iniciales.primera_prueba - savedIndexNames.txt
2025-10-08 12:29:14.424 [main] INFO  file.pruebas_iniciales.primera_prueba - baseBrowserLibrary.js
2025-10-08 12:29:14.424 [main] INFO  file.pruebas_iniciales.primera_prueba - browserWindow.js
2025-10-08 12:29:14.424 [main] INFO  file.pruebas_iniciales.primera_prueba - dom5.js
2025-10-08 12:29:14.425 [main] INFO  file.pruebas_iniciales.primera_prueba - system.js
2025-10-08 12:29:14.425 [main] INFO  file.pruebas_iniciales.primera_prueba - xhr.js
2025-10-08 12:29:14.425 [main] INFO  file.pruebas_iniciales.primera_prueba - variablesAndContainers.dat
2025-10-08 12:29:14.425 [main] INFO  file.pruebas_iniciales.primera_prueba - OpenTypeHistory.xml
2025-10-08 12:29:14.425 [main] INFO  file.pruebas_iniciales.primera_prueba - QualifiedTypeNameHistory.xml
2025-10-08 12:29:14.425 [main] INFO  file.pruebas_iniciales.primera_prueba - task-tags.properties
2025-10-08 12:29:14.425 [main] INFO  file.pruebas_iniciales.primera_prueba - version.ini
2025-10-08 12:29:14.425 [main] INFO  file.pruebas_iniciales.primera_prueba - .project
2025-10-08 12:29:14.425 [main] INFO  file.pruebas_iniciales.primera_prueba - org.eclipse.core.resources.prefs
2025-10-08 12:29:14.425 [main] INFO  file.pruebas_iniciales.primera_prueba - org.eclipse.jdt.core.prefs
2025-10-08 12:29:14.426 [main] INFO  file.pruebas_iniciales.primera_prueba - .gitignore
2025-10-08 12:29:14.426 [main] INFO  file.pruebas_iniciales.primera_prueba - Biblioteca.class
2025-10-08 12:29:14.426 [main] INFO  file.pruebas_iniciales.primera_prueba - BibliotecaExcepcion.class
2025-10-08 12:29:14.426 [main] INFO  file.pruebas_iniciales.primera_prueba - EstadoLibro.class
2025-10-08 12:29:14.426 [main] INFO  file.pruebas_iniciales.primera_prueba - Libro.class
2025-10-08 12:29:14.427 [main] INFO  file.pruebas_iniciales.primera_prueba - Boletintabla.class
2025-10-08 12:29:14.427 [main] INFO  file.pruebas_iniciales.primera_prueba - boletintablas.class
2025-10-08 12:29:14.427 [main] INFO  file.pruebas_iniciales.primera_prueba - BOLETINTABLASS.class
2025-10-08 12:29:14.427 [main] INFO  file.pruebas_iniciales.primera_prueba - Cargatabla.class
2025-10-08 12:29:14.427 [main] INFO  file.pruebas_iniciales.primera_prueba - ejemplo.class
2025-10-08 12:29:14.427 [main] INFO  file.pruebas_iniciales.primera_prueba - Ejemplocade.class
2025-10-08 12:29:14.428 [main] INFO  file.pruebas_iniciales.primera_prueba - Ejemplocadena.class
2025-10-08 12:29:14.428 [main] INFO  file.pruebas_iniciales.primera_prueba - Ejercicio1.class
2025-10-08 12:29:14.428 [main] INFO  file.pruebas_iniciales.primera_prueba - Ejercicio1_repaso.class
2025-10-08 12:29:14.428 [main] INFO  file.pruebas_iniciales.primera_prueba - Ejercicio2.class
2025-10-08 12:29:14.428 [main] INFO  file.pruebas_iniciales.primera_prueba - Ejercicio2_repaso.class
2025-10-08 12:29:14.428 [main] INFO  file.pruebas_iniciales.primera_prueba - Ejercicio3_repaso.class
2025-10-08 12:29:14.428 [main] INFO  file.pruebas_iniciales.primera_prueba - Examen_Ejercicio1_EvaPerez.class
2025-10-08 12:29:14.428 [main] INFO  file.pruebas_iniciales.primera_prueba - Examen_Ejercicio2_EvaPerez.class
2025-10-08 12:29:14.429 [main] INFO  file.pruebas_iniciales.primera_prueba - Funciones.class
2025-10-08 12:29:14.429 [main] INFO  file.pruebas_iniciales.primera_prueba - Repasos.class
2025-10-08 12:29:14.429 [main] INFO  file.pruebas_iniciales.primera_prueba - reto.class
2025-10-08 12:29:14.429 [main] INFO  file.pruebas_iniciales.primera_prueba - retoGrinch.class
2025-10-08 12:29:14.429 [main] INFO  file.pruebas_iniciales.primera_prueba - Simulacro.class
2025-10-08 12:29:14.429 [main] INFO  file.pruebas_iniciales.primera_prueba - Simulacro1.class
2025-10-08 12:29:14.429 [main] INFO  file.pruebas_iniciales.primera_prueba - Simulacro2.class
2025-10-08 12:29:14.429 [main] INFO  file.pruebas_iniciales.primera_prueba - RETORENOS.class
2025-10-08 12:29:14.430 [main] INFO  file.pruebas_iniciales.primera_prueba - GestionaListas.class
2025-10-08 12:29:14.430 [main] INFO  file.pruebas_iniciales.primera_prueba - GestionaMiembros.class
2025-10-08 12:29:14.430 [main] INFO  file.pruebas_iniciales.primera_prueba - Listas.class
2025-10-08 12:29:14.430 [main] INFO  file.pruebas_iniciales.primera_prueba - MiembroBase2.class
2025-10-08 12:29:14.430 [main] INFO  file.pruebas_iniciales.primera_prueba - generaIOExcepcion.class
2025-10-08 12:29:14.430 [main] INFO  file.pruebas_iniciales.primera_prueba - GestionaAnimal.class
2025-10-08 12:29:14.430 [main] INFO  file.pruebas_iniciales.primera_prueba - GestionaAutoincremento.class
2025-10-08 12:29:14.430 [main] INFO  file.pruebas_iniciales.primera_prueba - GestionaBiblioteca.class
2025-10-08 12:29:14.430 [main] INFO  file.pruebas_iniciales.primera_prueba - GestionaCadenaAlimenticia.class
2025-10-08 12:29:14.431 [main] INFO  file.pruebas_iniciales.primera_prueba - GestionaCambios.class
2025-10-08 12:29:14.431 [main] INFO  file.pruebas_iniciales.primera_prueba - GestionaCirculo.class
2025-10-08 12:29:14.431 [main] INFO  file.pruebas_iniciales.primera_prueba - GestionaCuentas.class
2025-10-08 12:29:14.431 [main] INFO  file.pruebas_iniciales.primera_prueba - gestionaExcepcion.class
2025-10-08 12:29:14.431 [main] INFO  file.pruebas_iniciales.primera_prueba - GestionaFactoria.class
2025-10-08 12:29:14.431 [main] INFO  file.pruebas_iniciales.primera_prueba - GestionaFigura.class
2025-10-08 12:29:14.431 [main] INFO  file.pruebas_iniciales.primera_prueba - GestionaPagos.class
2025-10-08 12:29:14.431 [main] INFO  file.pruebas_iniciales.primera_prueba - GestionaTiendadeAnimales.class
2025-10-08 12:29:14.431 [main] INFO  file.pruebas_iniciales.primera_prueba - GestionaTiendadeAves.class
2025-10-08 12:29:14.432 [main] INFO  file.pruebas_iniciales.primera_prueba - Amarillo.class
2025-10-08 12:29:14.432 [main] INFO  file.pruebas_iniciales.primera_prueba - Ejercicio3.class
2025-10-08 12:29:14.432 [main] INFO  file.pruebas_iniciales.primera_prueba - Ejercicio4.class
2025-10-08 12:29:14.432 [main] INFO  file.pruebas_iniciales.primera_prueba - Ejercicio5.class
2025-10-08 12:29:14.432 [main] INFO  file.pruebas_iniciales.primera_prueba - Ejercicio6.class
2025-10-08 12:29:14.432 [main] INFO  file.pruebas_iniciales.primera_prueba - Ejercicio7.class
2025-10-08 12:29:14.432 [main] INFO  file.pruebas_iniciales.primera_prueba - ProgramacionEjercicio1.class
2025-10-08 12:29:14.432 [main] INFO  file.pruebas_iniciales.primera_prueba - Verde.class
2025-10-08 12:29:14.432 [main] INFO  file.pruebas_iniciales.primera_prueba - GestionaMiembros.class
2025-10-08 12:29:14.433 [main] INFO  file.pruebas_iniciales.primera_prueba - GuzmanitosExcepcion.class
2025-10-08 12:29:14.433 [main] INFO  file.pruebas_iniciales.primera_prueba - MiembroBase.class
2025-10-08 12:29:14.433 [main] INFO  file.pruebas_iniciales.primera_prueba - MiembroEstandar.class
2025-10-08 12:29:14.433 [main] INFO  file.pruebas_iniciales.primera_prueba - MiembroPremium.class
2025-10-08 12:29:14.433 [main] INFO  file.pruebas_iniciales.primera_prueba - TipoPremium.class
2025-10-08 12:29:14.433 [main] INFO  file.pruebas_iniciales.primera_prueba - Ciudad.class
2025-10-08 12:29:14.433 [main] INFO  file.pruebas_iniciales.primera_prueba - Examen_Ejercicio2_uml.png
2025-10-08 12:29:14.433 [main] INFO  file.pruebas_iniciales.primera_prueba - GestionaRutas.class
2025-10-08 12:29:14.433 [main] INFO  file.pruebas_iniciales.primera_prueba - IRuta.class
2025-10-08 12:29:14.434 [main] INFO  file.pruebas_iniciales.primera_prueba - RutaAerea.class
2025-10-08 12:29:14.434 [main] INFO  file.pruebas_iniciales.primera_prueba - RutaBase.class
2025-10-08 12:29:14.434 [main] INFO  file.pruebas_iniciales.primera_prueba - RutaTerrestre.class
2025-10-08 12:29:14.434 [main] INFO  file.pruebas_iniciales.primera_prueba - TipoVuelo.class
2025-10-08 12:29:14.434 [main] INFO  file.pruebas_iniciales.primera_prueba - EvaExcepcion.class
2025-10-08 12:29:14.434 [main] INFO  file.pruebas_iniciales.primera_prueba - GestionaExcepcion.class
2025-10-08 12:29:14.435 [main] INFO  file.pruebas_iniciales.primera_prueba - ValidaNum.class
2025-10-08 12:29:14.435 [main] INFO  file.pruebas_iniciales.primera_prueba - Administrativo.class
2025-10-08 12:29:14.436 [main] INFO  file.pruebas_iniciales.primera_prueba - Administrativoo.class
2025-10-08 12:29:14.436 [main] INFO  file.pruebas_iniciales.primera_prueba - Arquero.class
2025-10-08 12:29:14.436 [main] INFO  file.pruebas_iniciales.primera_prueba - Caballero.class
2025-10-08 12:29:14.436 [main] INFO  file.pruebas_iniciales.primera_prueba - Coche$estado.class
2025-10-08 12:29:14.436 [main] INFO  file.pruebas_iniciales.primera_prueba - Coche.class
2025-10-08 12:29:14.436 [main] INFO  file.pruebas_iniciales.primera_prueba - Conductor.class
2025-10-08 12:29:14.436 [main] INFO  file.pruebas_iniciales.primera_prueba - Criticidad.class
2025-10-08 12:29:14.436 [main] INFO  file.pruebas_iniciales.primera_prueba - DiaDeLaSemana.class
2025-10-08 12:29:14.436 [main] INFO  file.pruebas_iniciales.primera_prueba - Directivo.class
2025-10-08 12:29:14.437 [main] INFO  file.pruebas_iniciales.primera_prueba - Directivoo.class
2025-10-08 12:29:14.437 [main] INFO  file.pruebas_iniciales.primera_prueba - Empleado.class
2025-10-08 12:29:14.437 [main] INFO  file.pruebas_iniciales.primera_prueba - Empleadoo.class
2025-10-08 12:29:14.437 [main] INFO  file.pruebas_iniciales.primera_prueba - Entrenador.class
2025-10-08 12:29:14.437 [main] INFO  file.pruebas_iniciales.primera_prueba - Equipo.class
2025-10-08 12:29:14.437 [main] INFO  file.pruebas_iniciales.primera_prueba - Estado.class
2025-10-08 12:29:14.438 [main] INFO  file.pruebas_iniciales.primera_prueba - Gestionaempleados.class
2025-10-08 12:29:14.438 [main] INFO  file.pruebas_iniciales.primera_prueba - GestionaF1.class
2025-10-08 12:29:14.438 [main] INFO  file.pruebas_iniciales.primera_prueba - GestionaIncidenciasEquipo.class
2025-10-08 12:29:14.438 [main] INFO  file.pruebas_iniciales.primera_prueba - GestionaJuego.class
2025-10-08 12:29:14.438 [main] INFO  file.pruebas_iniciales.primera_prueba - GestionaPersona.class
2025-10-08 12:29:14.438 [main] INFO  file.pruebas_iniciales.primera_prueba - Incidencia.class
2025-10-08 12:29:14.438 [main] INFO  file.pruebas_iniciales.primera_prueba - Mago.class
2025-10-08 12:29:14.438 [main] INFO  file.pruebas_iniciales.primera_prueba - Persona.class
2025-10-08 12:29:14.439 [main] INFO  file.pruebas_iniciales.primera_prueba - Personaje.class
2025-10-08 12:29:14.439 [main] INFO  file.pruebas_iniciales.primera_prueba - Principal.class
2025-10-08 12:29:14.439 [main] INFO  file.pruebas_iniciales.primera_prueba - Reserva$mes.class
2025-10-08 12:29:14.439 [main] INFO  file.pruebas_iniciales.primera_prueba - Reserva.class
2025-10-08 12:29:14.439 [main] INFO  file.pruebas_iniciales.primera_prueba - Sensores.class
2025-10-08 12:29:14.439 [main] INFO  file.pruebas_iniciales.primera_prueba - Villano.class
2025-10-08 12:29:14.439 [main] INFO  file.pruebas_iniciales.primera_prueba - AEmpleado.class
2025-10-08 12:29:14.439 [main] INFO  file.pruebas_iniciales.primera_prueba - Alquiler.class
2025-10-08 12:29:14.439 [main] INFO  file.pruebas_iniciales.primera_prueba - Animal.class
2025-10-08 12:29:14.439 [main] INFO  file.pruebas_iniciales.primera_prueba - Animal2.class
2025-10-08 12:29:14.440 [main] INFO  file.pruebas_iniciales.primera_prueba - Animaltres.class
2025-10-08 12:29:14.440 [main] INFO  file.pruebas_iniciales.primera_prueba - Audios.class
2025-10-08 12:29:14.440 [main] INFO  file.pruebas_iniciales.primera_prueba - Autoincremento.class
2025-10-08 12:29:14.440 [main] INFO  file.pruebas_iniciales.primera_prueba - Aves.class
2025-10-08 12:29:14.441 [main] INFO  file.pruebas_iniciales.primera_prueba - AvesRapaces.class
2025-10-08 12:29:14.441 [main] INFO  file.pruebas_iniciales.primera_prueba - CamaraSeguridad.class
2025-10-08 12:29:14.441 [main] INFO  file.pruebas_iniciales.primera_prueba - Canario.class
2025-10-08 12:29:14.441 [main] INFO  file.pruebas_iniciales.primera_prueba - Categoria.class
2025-10-08 12:29:14.441 [main] INFO  file.pruebas_iniciales.primera_prueba - Circulo.class
2025-10-08 12:29:14.441 [main] INFO  file.pruebas_iniciales.primera_prueba - Circulodos.class
2025-10-08 12:29:14.441 [main] INFO  file.pruebas_iniciales.primera_prueba - Clase.class
2025-10-08 12:29:14.441 [main] INFO  file.pruebas_iniciales.primera_prueba - Cliente.class
2025-10-08 12:29:14.442 [main] INFO  file.pruebas_iniciales.primera_prueba - Coche.class
2025-10-08 12:29:14.442 [main] INFO  file.pruebas_iniciales.primera_prueba - Combustible.class
2025-10-08 12:29:14.442 [main] INFO  file.pruebas_iniciales.primera_prueba - ConversionInversa.class
2025-10-08 12:29:14.442 [main] INFO  file.pruebas_iniciales.primera_prueba - Conversor.class
2025-10-08 12:29:14.442 [main] INFO  file.pruebas_iniciales.primera_prueba - CorreoElectrónico.class
2025-10-08 12:29:14.442 [main] INFO  file.pruebas_iniciales.primera_prueba - CuentaBancaria.class
2025-10-08 12:29:14.442 [main] INFO  file.pruebas_iniciales.primera_prueba - Desarrollador.class
2025-10-08 12:29:14.442 [main] INFO  file.pruebas_iniciales.primera_prueba - Detergente.class
2025-10-08 12:29:14.442 [main] INFO  file.pruebas_iniciales.primera_prueba - DispositivosWIFI.class
2025-10-08 12:29:14.442 [main] INFO  file.pruebas_iniciales.primera_prueba - Divisa.class
2025-10-08 12:29:14.442 [main] INFO  file.pruebas_iniciales.primera_prueba - Division.class
2025-10-08 12:29:14.442 [main] INFO  file.pruebas_iniciales.primera_prueba - ElementosMultimedia.class
2025-10-08 12:29:14.443 [main] INFO  file.pruebas_iniciales.primera_prueba - Ensamblador.class
2025-10-08 12:29:14.443 [main] INFO  file.pruebas_iniciales.primera_prueba - Estado.class
2025-10-08 12:29:14.443 [main] INFO  file.pruebas_iniciales.primera_prueba - Estado2.class
2025-10-08 12:29:14.443 [main] INFO  file.pruebas_iniciales.primera_prueba - EstadoCoche.class
2025-10-08 12:29:14.443 [main] INFO  file.pruebas_iniciales.primera_prueba - EstadoPago.class
2025-10-08 12:29:14.443 [main] INFO  file.pruebas_iniciales.primera_prueba - Figura.class
2025-10-08 12:29:14.443 [main] INFO  file.pruebas_iniciales.primera_prueba - Furgoneta.class
2025-10-08 12:29:14.443 [main] INFO  file.pruebas_iniciales.primera_prueba - Gato.class
2025-10-08 12:29:14.443 [main] INFO  file.pruebas_iniciales.primera_prueba - Gatodos.class
2025-10-08 12:29:14.443 [main] INFO  file.pruebas_iniciales.primera_prueba - IAlimentos.class
2025-10-08 12:29:14.443 [main] INFO  file.pruebas_iniciales.primera_prueba - IAlquilable.class
2025-10-08 12:29:14.443 [main] INFO  file.pruebas_iniciales.primera_prueba - ICanino.class
2025-10-08 12:29:14.443 [main] INFO  file.pruebas_iniciales.primera_prueba - IDescuentos.class
2025-10-08 12:29:14.443 [main] INFO  file.pruebas_iniciales.primera_prueba - ILiquido.class
2025-10-08 12:29:14.444 [main] INFO  file.pruebas_iniciales.primera_prueba - INomina.class
2025-10-08 12:29:14.444 [main] INFO  file.pruebas_iniciales.primera_prueba - Interfaz.class
2025-10-08 12:29:14.444 [main] INFO  file.pruebas_iniciales.primera_prueba - IPago.class
2025-10-08 12:29:14.444 [main] INFO  file.pruebas_iniciales.primera_prueba - IPrestable.class
2025-10-08 12:29:14.444 [main] INFO  file.pruebas_iniciales.primera_prueba - JefeProyecto.class
2025-10-08 12:29:14.444 [main] INFO  file.pruebas_iniciales.primera_prueba - Juegos.class
2025-10-08 12:29:14.444 [main] INFO  file.pruebas_iniciales.primera_prueba - Leon.class
2025-10-08 12:29:14.444 [main] INFO  file.pruebas_iniciales.primera_prueba - Libros.class
2025-10-08 12:29:14.444 [main] INFO  file.pruebas_iniciales.primera_prueba - Loro.class
2025-10-08 12:29:14.444 [main] INFO  file.pruebas_iniciales.primera_prueba - Mascota.class
2025-10-08 12:29:14.444 [main] INFO  file.pruebas_iniciales.primera_prueba - Mascotas.class
2025-10-08 12:29:14.444 [main] INFO  file.pruebas_iniciales.primera_prueba - Mueble.class
2025-10-08 12:29:14.444 [main] INFO  file.pruebas_iniciales.primera_prueba - Pago.class
2025-10-08 12:29:14.444 [main] INFO  file.pruebas_iniciales.primera_prueba - Patinete.class
2025-10-08 12:29:14.445 [main] INFO  file.pruebas_iniciales.primera_prueba - Peliculas.class
2025-10-08 12:29:14.445 [main] INFO  file.pruebas_iniciales.primera_prueba - Perro.class
2025-10-08 12:29:14.445 [main] INFO  file.pruebas_iniciales.primera_prueba - Perrodos.class
2025-10-08 12:29:14.445 [main] INFO  file.pruebas_iniciales.primera_prueba - Perrotres.class
2025-10-08 12:29:14.445 [main] INFO  file.pruebas_iniciales.primera_prueba - Pez.class
2025-10-08 12:29:14.445 [main] INFO  file.pruebas_iniciales.primera_prueba - Pintor.class
2025-10-08 12:29:14.445 [main] INFO  file.pruebas_iniciales.primera_prueba - Producto.class
2025-10-08 12:29:14.445 [main] INFO  file.pruebas_iniciales.primera_prueba - PuertaAutomatica.class
2025-10-08 12:29:14.445 [main] INFO  file.pruebas_iniciales.primera_prueba - PuertaAutomática.class
2025-10-08 12:29:14.445 [main] INFO  file.pruebas_iniciales.primera_prueba - Recurso.class
2025-10-08 12:29:14.445 [main] INFO  file.pruebas_iniciales.primera_prueba - Robot.class
2025-10-08 12:29:14.445 [main] INFO  file.pruebas_iniciales.primera_prueba - Roedores.class
2025-10-08 12:29:14.445 [main] INFO  file.pruebas_iniciales.primera_prueba - Sensores.class
2025-10-08 12:29:14.445 [main] INFO  file.pruebas_iniciales.primera_prueba - Serpiente.class
2025-10-08 12:29:14.445 [main] INFO  file.pruebas_iniciales.primera_prueba - SerVivo.class
2025-10-08 12:29:14.446 [main] INFO  file.pruebas_iniciales.primera_prueba - Soldador.class
2025-10-08 12:29:14.446 [main] INFO  file.pruebas_iniciales.primera_prueba - Tienda.class
2025-10-08 12:29:14.446 [main] INFO  file.pruebas_iniciales.primera_prueba - TipoDetergente.class
2025-10-08 12:29:14.446 [main] INFO  file.pruebas_iniciales.primera_prueba - TipoFamilia.class
2025-10-08 12:29:14.446 [main] INFO  file.pruebas_iniciales.primera_prueba - TipoPescado.class
2025-10-08 12:29:14.446 [main] INFO  file.pruebas_iniciales.primera_prueba - TipoRopa.class
2025-10-08 12:29:14.446 [main] INFO  file.pruebas_iniciales.primera_prueba - TipoVino.class
2025-10-08 12:29:14.446 [main] INFO  file.pruebas_iniciales.primera_prueba - Transportable.class
2025-10-08 12:29:14.446 [main] INFO  file.pruebas_iniciales.primera_prueba - Triangulo.class
2025-10-08 12:29:14.446 [main] INFO  file.pruebas_iniciales.primera_prueba - VehiculoCombustible.class
2025-10-08 12:29:14.446 [main] INFO  file.pruebas_iniciales.primera_prueba - VehiculoGeneral.class
2025-10-08 12:29:14.447 [main] INFO  file.pruebas_iniciales.primera_prueba - Alumno.class
2025-10-08 12:29:14.447 [main] INFO  file.pruebas_iniciales.primera_prueba - Alumno2.class
2025-10-08 12:29:14.447 [main] INFO  file.pruebas_iniciales.primera_prueba - Animal.class
2025-10-08 12:29:14.447 [main] INFO  file.pruebas_iniciales.primera_prueba - Automovil$CalificacionEcologica.class
2025-10-08 12:29:14.447 [main] INFO  file.pruebas_iniciales.primera_prueba - Automovil.class
2025-10-08 12:29:14.447 [main] INFO  file.pruebas_iniciales.primera_prueba - Camion.class
2025-10-08 12:29:14.447 [main] INFO  file.pruebas_iniciales.primera_prueba - Coches.class
2025-10-08 12:29:14.447 [main] INFO  file.pruebas_iniciales.primera_prueba - Cubo.class
2025-10-08 12:29:14.448 [main] INFO  file.pruebas_iniciales.primera_prueba - CuentaBanco.class
2025-10-08 12:29:14.448 [main] INFO  file.pruebas_iniciales.primera_prueba - Ejemplo.class
2025-10-08 12:29:14.448 [main] INFO  file.pruebas_iniciales.primera_prueba - Equipo.class
2025-10-08 12:29:14.448 [main] INFO  file.pruebas_iniciales.primera_prueba - Gato.class
2025-10-08 12:29:14.448 [main] INFO  file.pruebas_iniciales.primera_prueba - GestionaAlumno.class
2025-10-08 12:29:14.449 [main] INFO  file.pruebas_iniciales.primera_prueba - GestionaAnimales.class
2025-10-08 12:29:14.449 [main] INFO  file.pruebas_iniciales.primera_prueba - GestionaBanco.class
2025-10-08 12:29:14.449 [main] INFO  file.pruebas_iniciales.primera_prueba - GestionaCoches.class
2025-10-08 12:29:14.449 [main] INFO  file.pruebas_iniciales.primera_prueba - GestionaCubos.class
2025-10-08 12:29:14.449 [main] INFO  file.pruebas_iniciales.primera_prueba - GestionaEquipo.class
2025-10-08 12:29:14.449 [main] INFO  file.pruebas_iniciales.primera_prueba - GestionaGatito.class
2025-10-08 12:29:14.449 [main] INFO  file.pruebas_iniciales.primera_prueba - GestionaNotas.class
2025-10-08 12:29:14.449 [main] INFO  file.pruebas_iniciales.primera_prueba - GestionaPartida.class
2025-10-08 12:29:14.449 [main] INFO  file.pruebas_iniciales.primera_prueba - GestionaPokemon.class
2025-10-08 12:29:14.449 [main] INFO  file.pruebas_iniciales.primera_prueba - Gestionaproducto.class
2025-10-08 12:29:14.449 [main] INFO  file.pruebas_iniciales.primera_prueba - GestionaProfesores.class
2025-10-08 12:29:14.450 [main] INFO  file.pruebas_iniciales.primera_prueba - GestionaVehiculo.class
2025-10-08 12:29:14.450 [main] INFO  file.pruebas_iniciales.primera_prueba - Jugador.class
2025-10-08 12:29:14.450 [main] INFO  file.pruebas_iniciales.primera_prueba - Notas.class
2025-10-08 12:29:14.450 [main] INFO  file.pruebas_iniciales.primera_prueba - Partida.class
2025-10-08 12:29:14.450 [main] INFO  file.pruebas_iniciales.primera_prueba - Persona.class
2025-10-08 12:29:14.450 [main] INFO  file.pruebas_iniciales.primera_prueba - Persona2.class
2025-10-08 12:29:14.450 [main] INFO  file.pruebas_iniciales.primera_prueba - Persona3.class
2025-10-08 12:29:14.450 [main] INFO  file.pruebas_iniciales.primera_prueba - Pokemon.class
2025-10-08 12:29:14.450 [main] INFO  file.pruebas_iniciales.primera_prueba - Producto.class
2025-10-08 12:29:14.450 [main] INFO  file.pruebas_iniciales.primera_prueba - Profesor.class
2025-10-08 12:29:14.450 [main] INFO  file.pruebas_iniciales.primera_prueba - ProfesorInterino.class
2025-10-08 12:29:14.450 [main] INFO  file.pruebas_iniciales.primera_prueba - ProfesorTitular.class
2025-10-08 12:29:14.450 [main] INFO  file.pruebas_iniciales.primera_prueba - Vehículo.class
2025-10-08 12:29:14.451 [main] INFO  file.pruebas_iniciales.primera_prueba - Cubo.class
2025-10-08 12:29:14.451 [main] INFO  file.pruebas_iniciales.primera_prueba - GestionaCubos.class
2025-10-08 12:29:14.451 [main] INFO  file.pruebas_iniciales.primera_prueba - Alquiler.class
2025-10-08 12:29:14.451 [main] INFO  file.pruebas_iniciales.primera_prueba - Coche.class
2025-10-08 12:29:14.451 [main] INFO  file.pruebas_iniciales.primera_prueba - EstadoCoche.class
2025-10-08 12:29:14.451 [main] INFO  file.pruebas_iniciales.primera_prueba - Furgoneta.class
2025-10-08 12:29:14.452 [main] INFO  file.pruebas_iniciales.primera_prueba - IAlquilable.class
2025-10-08 12:29:14.452 [main] INFO  file.pruebas_iniciales.primera_prueba - Patinete.class
2025-10-08 12:29:14.452 [main] INFO  file.pruebas_iniciales.primera_prueba - VehiculoCombustible.class
2025-10-08 12:29:14.452 [main] INFO  file.pruebas_iniciales.primera_prueba - VehiculoGeneral.class
2025-10-08 12:29:14.452 [main] INFO  file.pruebas_iniciales.primera_prueba - Corredor.class
2025-10-08 12:29:14.452 [main] INFO  file.pruebas_iniciales.primera_prueba - Deportista.class
2025-10-08 12:29:14.453 [main] INFO  file.pruebas_iniciales.primera_prueba - EstadoPrueba.class
2025-10-08 12:29:14.453 [main] INFO  file.pruebas_iniciales.primera_prueba - Excepcion.class
2025-10-08 12:29:14.453 [main] INFO  file.pruebas_iniciales.primera_prueba - GestionaDeportistas.class
2025-10-08 12:29:14.453 [main] INFO  file.pruebas_iniciales.primera_prueba - ICompeticion.class
2025-10-08 12:29:14.453 [main] INFO  file.pruebas_iniciales.primera_prueba - Nadador.class
2025-10-08 12:29:14.453 [main] INFO  file.pruebas_iniciales.primera_prueba - Prueba.class
2025-10-08 12:29:14.453 [main] INFO  file.pruebas_iniciales.primera_prueba - EstadoVuelo.class
2025-10-08 12:29:14.454 [main] INFO  file.pruebas_iniciales.primera_prueba - IVuelo.class
2025-10-08 12:29:14.454 [main] INFO  file.pruebas_iniciales.primera_prueba - Piloto.class
2025-10-08 12:29:14.454 [main] INFO  file.pruebas_iniciales.primera_prueba - PilotoComercial.class
2025-10-08 12:29:14.454 [main] INFO  file.pruebas_iniciales.primera_prueba - PilotoInternacional.class
2025-10-08 12:29:14.454 [main] INFO  file.pruebas_iniciales.primera_prueba - Vuelo.class
2025-10-08 12:29:14.454 [main] INFO  file.pruebas_iniciales.primera_prueba - VueloExcepcion.class
2025-10-08 12:29:14.454 [main] INFO  file.pruebas_iniciales.primera_prueba - VuelosExcepcion.class
2025-10-08 12:29:14.454 [main] INFO  file.pruebas_iniciales.primera_prueba - Ejercicio1.class
2025-10-08 12:29:14.455 [main] INFO  file.pruebas_iniciales.primera_prueba - Ejercicio10.class
2025-10-08 12:29:14.455 [main] INFO  file.pruebas_iniciales.primera_prueba - Ejercicio11.class
2025-10-08 12:29:14.455 [main] INFO  file.pruebas_iniciales.primera_prueba - Ejercicio12.class
2025-10-08 12:29:14.455 [main] INFO  file.pruebas_iniciales.primera_prueba - Ejercicio13.class
2025-10-08 12:29:14.455 [main] INFO  file.pruebas_iniciales.primera_prueba - Ejercicio2.class
2025-10-08 12:29:14.455 [main] INFO  file.pruebas_iniciales.primera_prueba - Ejercicio3.class
2025-10-08 12:29:14.455 [main] INFO  file.pruebas_iniciales.primera_prueba - Ejercicio4.class
2025-10-08 12:29:14.455 [main] INFO  file.pruebas_iniciales.primera_prueba - Ejercicio5.class
2025-10-08 12:29:14.455 [main] INFO  file.pruebas_iniciales.primera_prueba - Ejercicio6.class
2025-10-08 12:29:14.456 [main] INFO  file.pruebas_iniciales.primera_prueba - Ejercicio7.class
2025-10-08 12:29:14.456 [main] INFO  file.pruebas_iniciales.primera_prueba - Ejercicio8.class
2025-10-08 12:29:14.456 [main] INFO  file.pruebas_iniciales.primera_prueba - Ejercicio9.class
2025-10-08 12:29:14.456 [main] INFO  file.pruebas_iniciales.primera_prueba - Ejerciciojava.class
2025-10-08 12:29:14.456 [main] INFO  file.pruebas_iniciales.primera_prueba - HolaMundo.class
2025-10-08 12:29:14.456 [main] INFO  file.pruebas_iniciales.primera_prueba - Simulacro2.class
2025-10-08 12:29:14.456 [main] INFO  file.pruebas_iniciales.primera_prueba - Simulacro_Ejercicio1.class
2025-10-08 12:29:14.456 [main] INFO  file.pruebas_iniciales.primera_prueba - Unidaad2.class
2025-10-08 12:29:14.456 [main] INFO  file.pruebas_iniciales.primera_prueba - module-info.java
2025-10-08 12:29:14.457 [main] INFO  file.pruebas_iniciales.primera_prueba - desktop.ini
2025-10-08 12:29:14.457 [main] INFO  file.pruebas_iniciales.primera_prueba - Examen_Ejercicio1.zip
2025-10-08 12:29:14.457 [main] INFO  file.pruebas_iniciales.primera_prueba - Examen_Ejercicio2.zip
2025-10-08 12:29:14.457 [main] INFO  file.pruebas_iniciales.primera_prueba - Pérez-Carmona-Eva.zip
2025-10-08 12:29:14.457 [main] INFO  file.pruebas_iniciales.primera_prueba - GestionaSimulacion.java
2025-10-08 12:29:14.457 [main] INFO  file.pruebas_iniciales.primera_prueba - Remetriculación.java
2025-10-08 12:29:14.457 [main] INFO  file.pruebas_iniciales.primera_prueba - Vehiculo.java
2025-10-08 12:29:14.457 [main] INFO  file.pruebas_iniciales.primera_prueba - .classpath
2025-10-08 12:29:14.457 [main] INFO  file.pruebas_iniciales.primera_prueba - .gitignore
2025-10-08 12:29:14.458 [main] INFO  file.pruebas_iniciales.primera_prueba - .project
2025-10-08 12:29:14.458 [main] INFO  file.pruebas_iniciales.primera_prueba - Agenda.java
2025-10-08 12:29:14.458 [main] INFO  file.pruebas_iniciales.primera_prueba - AgendaMapa.java
2025-10-08 12:29:14.458 [main] INFO  file.pruebas_iniciales.primera_prueba - Contacto.java
2025-10-08 12:29:14.458 [main] INFO  file.pruebas_iniciales.primera_prueba - GestionaAgendaConMapa.java
2025-10-08 12:29:14.459 [main] INFO  file.pruebas_iniciales.primera_prueba - Biblioteca.java
2025-10-08 12:29:14.459 [main] INFO  file.pruebas_iniciales.primera_prueba - BibliotecaExcepcion.java
2025-10-08 12:29:14.459 [main] INFO  file.pruebas_iniciales.primera_prueba - EstadoLibro.java
2025-10-08 12:29:14.459 [main] INFO  file.pruebas_iniciales.primera_prueba - Libro.java
2025-10-08 12:29:14.459 [main] INFO  file.pruebas_iniciales.primera_prueba - Boletintabla.java
2025-10-08 12:29:14.460 [main] INFO  file.pruebas_iniciales.primera_prueba - boletintablas.java
2025-10-08 12:29:14.460 [main] INFO  file.pruebas_iniciales.primera_prueba - BOLETINTABLASS.java
2025-10-08 12:29:14.460 [main] INFO  file.pruebas_iniciales.primera_prueba - Cargatabla.java
2025-10-08 12:29:14.460 [main] INFO  file.pruebas_iniciales.primera_prueba - ejemplo.java
2025-10-08 12:29:14.460 [main] INFO  file.pruebas_iniciales.primera_prueba - Ejemplocade.java
2025-10-08 12:29:14.460 [main] INFO  file.pruebas_iniciales.primera_prueba - Ejemplocadena.java
2025-10-08 12:29:14.460 [main] INFO  file.pruebas_iniciales.primera_prueba - Ejercicio15.java
2025-10-08 12:29:14.460 [main] INFO  file.pruebas_iniciales.primera_prueba - Ejercicio1_repaso.java
2025-10-08 12:29:14.460 [main] INFO  file.pruebas_iniciales.primera_prueba - Ejercicio2.java
2025-10-08 12:29:14.461 [main] INFO  file.pruebas_iniciales.primera_prueba - Ejercicio2_repaso.java
2025-10-08 12:29:14.461 [main] INFO  file.pruebas_iniciales.primera_prueba - Ejercicio3_repaso.java
2025-10-08 12:29:14.461 [main] INFO  file.pruebas_iniciales.primera_prueba - Examen_Ejercicio1_EvaPerez.java
2025-10-08 12:29:14.461 [main] INFO  file.pruebas_iniciales.primera_prueba - Examen_Ejercicio2_EvaPerez.java
2025-10-08 12:29:14.461 [main] INFO  file.pruebas_iniciales.primera_prueba - Funciones.java
2025-10-08 12:29:14.461 [main] INFO  file.pruebas_iniciales.primera_prueba - Repasos.java
2025-10-08 12:29:14.461 [main] INFO  file.pruebas_iniciales.primera_prueba - reto.java
2025-10-08 12:29:14.461 [main] INFO  file.pruebas_iniciales.primera_prueba - retoGrinch.java
2025-10-08 12:29:14.461 [main] INFO  file.pruebas_iniciales.primera_prueba - Simulacro.java
2025-10-08 12:29:14.461 [main] INFO  file.pruebas_iniciales.primera_prueba - Simulacro1.java
2025-10-08 12:29:14.461 [main] INFO  file.pruebas_iniciales.primera_prueba - Simulacro2.java
2025-10-08 12:29:14.461 [main] INFO  file.pruebas_iniciales.primera_prueba - RETORENOS.java
2025-10-08 12:29:14.463 [main] INFO  file.pruebas_iniciales.primera_prueba - GestionaListas.java
2025-10-08 12:29:14.463 [main] INFO  file.pruebas_iniciales.primera_prueba - GestionaMiembros.java
2025-10-08 12:29:14.463 [main] INFO  file.pruebas_iniciales.primera_prueba - Listas.java
2025-10-08 12:29:14.463 [main] INFO  file.pruebas_iniciales.primera_prueba - MiembroBase2.java
2025-10-08 12:29:14.463 [main] INFO  file.pruebas_iniciales.primera_prueba - generaIOExcepcion.java
2025-10-08 12:29:14.463 [main] INFO  file.pruebas_iniciales.primera_prueba - GestionaAnimal.java
2025-10-08 12:29:14.463 [main] INFO  file.pruebas_iniciales.primera_prueba - GestionaAutoincremento.java
2025-10-08 12:29:14.463 [main] INFO  file.pruebas_iniciales.primera_prueba - GestionaBiblioteca.java
2025-10-08 12:29:14.464 [main] INFO  file.pruebas_iniciales.primera_prueba - GestionaCadenaAlimenticia.java
2025-10-08 12:29:14.464 [main] INFO  file.pruebas_iniciales.primera_prueba - GestionaCambios.java
2025-10-08 12:29:14.464 [main] INFO  file.pruebas_iniciales.primera_prueba - GestionaCirculo.java
2025-10-08 12:29:14.464 [main] INFO  file.pruebas_iniciales.primera_prueba - GestionaCuentas.java
2025-10-08 12:29:14.464 [main] INFO  file.pruebas_iniciales.primera_prueba - gestionaExcepcion.java
2025-10-08 12:29:14.464 [main] INFO  file.pruebas_iniciales.primera_prueba - GestionaFactoria.java
2025-10-08 12:29:14.464 [main] INFO  file.pruebas_iniciales.primera_prueba - GestionaFigura.java
2025-10-08 12:29:14.464 [main] INFO  file.pruebas_iniciales.primera_prueba - GestionaPagos.java
2025-10-08 12:29:14.464 [main] INFO  file.pruebas_iniciales.primera_prueba - GestionaTiendadeAnimales.java
2025-10-08 12:29:14.465 [main] INFO  file.pruebas_iniciales.primera_prueba - GestionaTiendadeAves.java
2025-10-08 12:29:14.465 [main] INFO  file.pruebas_iniciales.primera_prueba - GestionaNotas.java
2025-10-08 12:29:14.465 [main] INFO  file.pruebas_iniciales.primera_prueba - Nota.java
2025-10-08 12:29:14.465 [main] INFO  file.pruebas_iniciales.primera_prueba - Persona.java
2025-10-08 12:29:14.465 [main] INFO  file.pruebas_iniciales.primera_prueba - Amarillo.java
2025-10-08 12:29:14.465 [main] INFO  file.pruebas_iniciales.primera_prueba - Ejercicio3.java
2025-10-08 12:29:14.466 [main] INFO  file.pruebas_iniciales.primera_prueba - Ejercicio4.java
2025-10-08 12:29:14.466 [main] INFO  file.pruebas_iniciales.primera_prueba - Ejercicio5.java
2025-10-08 12:29:14.466 [main] INFO  file.pruebas_iniciales.primera_prueba - Ejercicio6.java
2025-10-08 12:29:14.466 [main] INFO  file.pruebas_iniciales.primera_prueba - Ejercicio7.java
2025-10-08 12:29:14.466 [main] INFO  file.pruebas_iniciales.primera_prueba - ProgramacionEjercicio1.java
2025-10-08 12:29:14.466 [main] INFO  file.pruebas_iniciales.primera_prueba - Verde.java
2025-10-08 12:29:14.466 [main] INFO  file.pruebas_iniciales.primera_prueba - GestionaMiembros.java
2025-10-08 12:29:14.467 [main] INFO  file.pruebas_iniciales.primera_prueba - GuzmanitosExcepcion.java
2025-10-08 12:29:14.467 [main] INFO  file.pruebas_iniciales.primera_prueba - MiembroBase.java
2025-10-08 12:29:14.467 [main] INFO  file.pruebas_iniciales.primera_prueba - MiembroEstandar.java
2025-10-08 12:29:14.467 [main] INFO  file.pruebas_iniciales.primera_prueba - MiembroPremium.java
2025-10-08 12:29:14.467 [main] INFO  file.pruebas_iniciales.primera_prueba - TipoPremium.java
2025-10-08 12:29:14.467 [main] INFO  file.pruebas_iniciales.primera_prueba - Ciudad.java
2025-10-08 12:29:14.467 [main] INFO  file.pruebas_iniciales.primera_prueba - Examen_Ejercicio2_uml.png
2025-10-08 12:29:14.467 [main] INFO  file.pruebas_iniciales.primera_prueba - GestionaRutas.java
2025-10-08 12:29:14.467 [main] INFO  file.pruebas_iniciales.primera_prueba - IRuta.java
2025-10-08 12:29:14.468 [main] INFO  file.pruebas_iniciales.primera_prueba - RutaAerea.java
2025-10-08 12:29:14.468 [main] INFO  file.pruebas_iniciales.primera_prueba - RutaBase.java
2025-10-08 12:29:14.468 [main] INFO  file.pruebas_iniciales.primera_prueba - RutaTerrestre.java
2025-10-08 12:29:14.468 [main] INFO  file.pruebas_iniciales.primera_prueba - TipoVuelo.java
2025-10-08 12:29:14.468 [main] INFO  file.pruebas_iniciales.primera_prueba - EvaExcepcion.java
2025-10-08 12:29:14.468 [main] INFO  file.pruebas_iniciales.primera_prueba - GestionaExcepcion.java
2025-10-08 12:29:14.468 [main] INFO  file.pruebas_iniciales.primera_prueba - BoletinEjercicio3.java
2025-10-08 12:29:14.469 [main] INFO  file.pruebas_iniciales.primera_prueba - BoletinEjercicio4.java
2025-10-08 12:29:14.469 [main] INFO  file.pruebas_iniciales.primera_prueba - BoletinEjercicio5.java
2025-10-08 12:29:14.469 [main] INFO  file.pruebas_iniciales.primera_prueba - Main.java
2025-10-08 12:29:14.470 [main] INFO  file.pruebas_iniciales.primera_prueba - MiExcepcion.java
2025-10-08 12:29:14.470 [main] INFO  file.pruebas_iniciales.primera_prueba - ValidaNum.java
2025-10-08 12:29:14.470 [main] INFO  file.pruebas_iniciales.primera_prueba - entradaVIP.java
2025-10-08 12:29:14.470 [main] INFO  file.pruebas_iniciales.primera_prueba - EstadoEntrada.java
2025-10-08 12:29:14.470 [main] INFO  file.pruebas_iniciales.primera_prueba - Influencer.java
2025-10-08 12:29:14.470 [main] INFO  file.pruebas_iniciales.primera_prueba - RegistroEntrada.java
2025-10-08 12:29:14.471 [main] INFO  file.pruebas_iniciales.primera_prueba - TipoEntrada.java
2025-10-08 12:29:14.471 [main] INFO  file.pruebas_iniciales.primera_prueba - Administrativo-Adrian.java
2025-10-08 12:29:14.471 [main] INFO  file.pruebas_iniciales.primera_prueba - Administrativo.java
2025-10-08 12:29:14.471 [main] INFO  file.pruebas_iniciales.primera_prueba - Administrativoo.java
2025-10-08 12:29:14.471 [main] INFO  file.pruebas_iniciales.primera_prueba - Arquero.java
2025-10-08 12:29:14.471 [main] INFO  file.pruebas_iniciales.primera_prueba - Caballero.java
2025-10-08 12:29:14.472 [main] INFO  file.pruebas_iniciales.primera_prueba - Coche.java
2025-10-08 12:29:14.472 [main] INFO  file.pruebas_iniciales.primera_prueba - Conductor.java
2025-10-08 12:29:14.472 [main] INFO  file.pruebas_iniciales.primera_prueba - Criticidad.java
2025-10-08 12:29:14.472 [main] INFO  file.pruebas_iniciales.primera_prueba - DiaDeLaSemana.java
2025-10-08 12:29:14.472 [main] INFO  file.pruebas_iniciales.primera_prueba - Directivo-Adrian.java
2025-10-08 12:29:14.472 [main] INFO  file.pruebas_iniciales.primera_prueba - Directivo.java
2025-10-08 12:29:14.472 [main] INFO  file.pruebas_iniciales.primera_prueba - Directivoo.java
2025-10-08 12:29:14.472 [main] INFO  file.pruebas_iniciales.primera_prueba - Empleado-Adrian.java
2025-10-08 12:29:14.472 [main] INFO  file.pruebas_iniciales.primera_prueba - Empleado.java
2025-10-08 12:29:14.472 [main] INFO  file.pruebas_iniciales.primera_prueba - Empleadoo.java
2025-10-08 12:29:14.472 [main] INFO  file.pruebas_iniciales.primera_prueba - Entrenador.java
2025-10-08 12:29:14.473 [main] INFO  file.pruebas_iniciales.primera_prueba - Equipo.java
2025-10-08 12:29:14.473 [main] INFO  file.pruebas_iniciales.primera_prueba - Estado.java
2025-10-08 12:29:14.473 [main] INFO  file.pruebas_iniciales.primera_prueba - Gestionaempleados.java
2025-10-08 12:29:14.473 [main] INFO  file.pruebas_iniciales.primera_prueba - GestionaF1.java
2025-10-08 12:29:14.473 [main] INFO  file.pruebas_iniciales.primera_prueba - GestionaIncidenciasEquipo.java
2025-10-08 12:29:14.473 [main] INFO  file.pruebas_iniciales.primera_prueba - GestionaJuego.java
2025-10-08 12:29:14.473 [main] INFO  file.pruebas_iniciales.primera_prueba - GestionaPersona.java
2025-10-08 12:29:14.473 [main] INFO  file.pruebas_iniciales.primera_prueba - Incidencia.java
2025-10-08 12:29:14.473 [main] INFO  file.pruebas_iniciales.primera_prueba - Mago.java
2025-10-08 12:29:14.473 [main] INFO  file.pruebas_iniciales.primera_prueba - Persona.java
2025-10-08 12:29:14.473 [main] INFO  file.pruebas_iniciales.primera_prueba - Personaje.java
2025-10-08 12:29:14.473 [main] INFO  file.pruebas_iniciales.primera_prueba - Principal.java
2025-10-08 12:29:14.473 [main] INFO  file.pruebas_iniciales.primera_prueba - Reserva.java
2025-10-08 12:29:14.473 [main] INFO  file.pruebas_iniciales.primera_prueba - Sensores.java
2025-10-08 12:29:14.473 [main] INFO  file.pruebas_iniciales.primera_prueba - Villano.java
2025-10-08 12:29:14.474 [main] INFO  file.pruebas_iniciales.primera_prueba - AEmpleado.java
2025-10-08 12:29:14.474 [main] INFO  file.pruebas_iniciales.primera_prueba - Alquiler.java
2025-10-08 12:29:14.474 [main] INFO  file.pruebas_iniciales.primera_prueba - Animal.java
2025-10-08 12:29:14.474 [main] INFO  file.pruebas_iniciales.primera_prueba - Animal2.java
2025-10-08 12:29:14.475 [main] INFO  file.pruebas_iniciales.primera_prueba - Animaltres.java
2025-10-08 12:29:14.475 [main] INFO  file.pruebas_iniciales.primera_prueba - Audios.java
2025-10-08 12:29:14.475 [main] INFO  file.pruebas_iniciales.primera_prueba - Autoincremento.java
2025-10-08 12:29:14.475 [main] INFO  file.pruebas_iniciales.primera_prueba - Aves.java
2025-10-08 12:29:14.475 [main] INFO  file.pruebas_iniciales.primera_prueba - AvesRapaces.java
2025-10-08 12:29:14.475 [main] INFO  file.pruebas_iniciales.primera_prueba - CamaraSeguridad.java
2025-10-08 12:29:14.475 [main] INFO  file.pruebas_iniciales.primera_prueba - Canario.java
2025-10-08 12:29:14.476 [main] INFO  file.pruebas_iniciales.primera_prueba - Categoria.java
2025-10-08 12:29:14.476 [main] INFO  file.pruebas_iniciales.primera_prueba - Circulo.java
2025-10-08 12:29:14.476 [main] INFO  file.pruebas_iniciales.primera_prueba - Circulodos.java
2025-10-08 12:29:14.476 [main] INFO  file.pruebas_iniciales.primera_prueba - Clase.java
2025-10-08 12:29:14.476 [main] INFO  file.pruebas_iniciales.primera_prueba - Cliente.java
2025-10-08 12:29:14.476 [main] INFO  file.pruebas_iniciales.primera_prueba - Coche.java
2025-10-08 12:29:14.476 [main] INFO  file.pruebas_iniciales.primera_prueba - Combustible.java
2025-10-08 12:29:14.476 [main] INFO  file.pruebas_iniciales.primera_prueba - ConversionInversa.java
2025-10-08 12:29:14.476 [main] INFO  file.pruebas_iniciales.primera_prueba - Conversor.java
2025-10-08 12:29:14.476 [main] INFO  file.pruebas_iniciales.primera_prueba - CorreoElectrónico.java
2025-10-08 12:29:14.476 [main] INFO  file.pruebas_iniciales.primera_prueba - CuentaBancaria.java
2025-10-08 12:29:14.477 [main] INFO  file.pruebas_iniciales.primera_prueba - Desarrollador.java
2025-10-08 12:29:14.477 [main] INFO  file.pruebas_iniciales.primera_prueba - Detergente.java
2025-10-08 12:29:14.477 [main] INFO  file.pruebas_iniciales.primera_prueba - DispositivosWIFI.java
2025-10-08 12:29:14.477 [main] INFO  file.pruebas_iniciales.primera_prueba - Divisa.java
2025-10-08 12:29:14.477 [main] INFO  file.pruebas_iniciales.primera_prueba - Division.java
2025-10-08 12:29:14.477 [main] INFO  file.pruebas_iniciales.primera_prueba - ElementosMultimedia.java
2025-10-08 12:29:14.477 [main] INFO  file.pruebas_iniciales.primera_prueba - Ensamblador.java
2025-10-08 12:29:14.477 [main] INFO  file.pruebas_iniciales.primera_prueba - Estado.java
2025-10-08 12:29:14.477 [main] INFO  file.pruebas_iniciales.primera_prueba - Estado2.java
2025-10-08 12:29:14.478 [main] INFO  file.pruebas_iniciales.primera_prueba - EstadoCoche.java
2025-10-08 12:29:14.478 [main] INFO  file.pruebas_iniciales.primera_prueba - EstadoPago.java
2025-10-08 12:29:14.478 [main] INFO  file.pruebas_iniciales.primera_prueba - Figura.java
2025-10-08 12:29:14.478 [main] INFO  file.pruebas_iniciales.primera_prueba - Furgoneta.java
2025-10-08 12:29:14.478 [main] INFO  file.pruebas_iniciales.primera_prueba - Gato.java
2025-10-08 12:29:14.478 [main] INFO  file.pruebas_iniciales.primera_prueba - Gatodos.java
2025-10-08 12:29:14.478 [main] INFO  file.pruebas_iniciales.primera_prueba - IAlimentos.java
2025-10-08 12:29:14.478 [main] INFO  file.pruebas_iniciales.primera_prueba - IAlquilable.java
2025-10-08 12:29:14.478 [main] INFO  file.pruebas_iniciales.primera_prueba - ICanino.java
2025-10-08 12:29:14.478 [main] INFO  file.pruebas_iniciales.primera_prueba - IDescuentos.java
2025-10-08 12:29:14.478 [main] INFO  file.pruebas_iniciales.primera_prueba - ILiquido.java
2025-10-08 12:29:14.478 [main] INFO  file.pruebas_iniciales.primera_prueba - INomina.java
2025-10-08 12:29:14.479 [main] INFO  file.pruebas_iniciales.primera_prueba - Interfaz.java
2025-10-08 12:29:14.479 [main] INFO  file.pruebas_iniciales.primera_prueba - IPago.java
2025-10-08 12:29:14.479 [main] INFO  file.pruebas_iniciales.primera_prueba - IPrestable.java
2025-10-08 12:29:14.479 [main] INFO  file.pruebas_iniciales.primera_prueba - JefeProyecto.java
2025-10-08 12:29:14.479 [main] INFO  file.pruebas_iniciales.primera_prueba - Juegos.java
2025-10-08 12:29:14.479 [main] INFO  file.pruebas_iniciales.primera_prueba - Leon.java
2025-10-08 12:29:14.479 [main] INFO  file.pruebas_iniciales.primera_prueba - Libros.java
2025-10-08 12:29:14.479 [main] INFO  file.pruebas_iniciales.primera_prueba - Loro.java
2025-10-08 12:29:14.479 [main] INFO  file.pruebas_iniciales.primera_prueba - Mascota.java
2025-10-08 12:29:14.479 [main] INFO  file.pruebas_iniciales.primera_prueba - Mascotas.java
2025-10-08 12:29:14.479 [main] INFO  file.pruebas_iniciales.primera_prueba - Mueble.java
2025-10-08 12:29:14.479 [main] INFO  file.pruebas_iniciales.primera_prueba - Pago.java
2025-10-08 12:29:14.479 [main] INFO  file.pruebas_iniciales.primera_prueba - Patinete.java
2025-10-08 12:29:14.480 [main] INFO  file.pruebas_iniciales.primera_prueba - Peliculas.java
2025-10-08 12:29:14.480 [main] INFO  file.pruebas_iniciales.primera_prueba - Perro.java
2025-10-08 12:29:14.480 [main] INFO  file.pruebas_iniciales.primera_prueba - Perrodos.java
2025-10-08 12:29:14.480 [main] INFO  file.pruebas_iniciales.primera_prueba - Perrotres.java
2025-10-08 12:29:14.480 [main] INFO  file.pruebas_iniciales.primera_prueba - Pez.java
2025-10-08 12:29:14.480 [main] INFO  file.pruebas_iniciales.primera_prueba - Pintor.java
2025-10-08 12:29:14.480 [main] INFO  file.pruebas_iniciales.primera_prueba - Producto.java
2025-10-08 12:29:14.480 [main] INFO  file.pruebas_iniciales.primera_prueba - PuertaAutomatica.java
2025-10-08 12:29:14.480 [main] INFO  file.pruebas_iniciales.primera_prueba - PuertaAutomática.java
2025-10-08 12:29:14.480 [main] INFO  file.pruebas_iniciales.primera_prueba - Recurso.java
2025-10-08 12:29:14.480 [main] INFO  file.pruebas_iniciales.primera_prueba - Robot.java
2025-10-08 12:29:14.480 [main] INFO  file.pruebas_iniciales.primera_prueba - Roedores.java
2025-10-08 12:29:14.480 [main] INFO  file.pruebas_iniciales.primera_prueba - Sensores.java
2025-10-08 12:29:14.481 [main] INFO  file.pruebas_iniciales.primera_prueba - Serpiente.java
2025-10-08 12:29:14.481 [main] INFO  file.pruebas_iniciales.primera_prueba - SerVivo.java
2025-10-08 12:29:14.481 [main] INFO  file.pruebas_iniciales.primera_prueba - Soldador.java
2025-10-08 12:29:14.481 [main] INFO  file.pruebas_iniciales.primera_prueba - Tienda.java
2025-10-08 12:29:14.481 [main] INFO  file.pruebas_iniciales.primera_prueba - TipoDetergente.java
2025-10-08 12:29:14.481 [main] INFO  file.pruebas_iniciales.primera_prueba - TipoFamilia.java
2025-10-08 12:29:14.481 [main] INFO  file.pruebas_iniciales.primera_prueba - TipoPescado.java
2025-10-08 12:29:14.481 [main] INFO  file.pruebas_iniciales.primera_prueba - TipoRopa.java
2025-10-08 12:29:14.481 [main] INFO  file.pruebas_iniciales.primera_prueba - TipoVino.java
2025-10-08 12:29:14.481 [main] INFO  file.pruebas_iniciales.primera_prueba - Transportable.java
2025-10-08 12:29:14.481 [main] INFO  file.pruebas_iniciales.primera_prueba - Triangulo.java
2025-10-08 12:29:14.481 [main] INFO  file.pruebas_iniciales.primera_prueba - VehiculoCombustible.java
2025-10-08 12:29:14.481 [main] INFO  file.pruebas_iniciales.primera_prueba - VehiculoGeneral.java
2025-10-08 12:29:14.482 [main] INFO  file.pruebas_iniciales.primera_prueba - Alumno.java
2025-10-08 12:29:14.482 [main] INFO  file.pruebas_iniciales.primera_prueba - Alumno2.java
2025-10-08 12:29:14.482 [main] INFO  file.pruebas_iniciales.primera_prueba - Animal.java
2025-10-08 12:29:14.482 [main] INFO  file.pruebas_iniciales.primera_prueba - Automovil.java
2025-10-08 12:29:14.482 [main] INFO  file.pruebas_iniciales.primera_prueba - Camion.java
2025-10-08 12:29:14.483 [main] INFO  file.pruebas_iniciales.primera_prueba - Coches.java
2025-10-08 12:29:14.483 [main] INFO  file.pruebas_iniciales.primera_prueba - Cubo.java
2025-10-08 12:29:14.483 [main] INFO  file.pruebas_iniciales.primera_prueba - CuentaBanco.java
2025-10-08 12:29:14.483 [main] INFO  file.pruebas_iniciales.primera_prueba - Ejemplo.java
2025-10-08 12:29:14.484 [main] INFO  file.pruebas_iniciales.primera_prueba - Equipo.java
2025-10-08 12:29:14.484 [main] INFO  file.pruebas_iniciales.primera_prueba - Gato.java
2025-10-08 12:29:14.484 [main] INFO  file.pruebas_iniciales.primera_prueba - GestionaAlumno.java
2025-10-08 12:29:14.484 [main] INFO  file.pruebas_iniciales.primera_prueba - GestionaAnimales.java
2025-10-08 12:29:14.485 [main] INFO  file.pruebas_iniciales.primera_prueba - GestionaBanco.java
2025-10-08 12:29:14.485 [main] INFO  file.pruebas_iniciales.primera_prueba - GestionaCoches.java
2025-10-08 12:29:14.485 [main] INFO  file.pruebas_iniciales.primera_prueba - GestionaCubos.java
2025-10-08 12:29:14.485 [main] INFO  file.pruebas_iniciales.primera_prueba - GestionaEquipo.java
2025-10-08 12:29:14.485 [main] INFO  file.pruebas_iniciales.primera_prueba - GestionaGatito.java
2025-10-08 12:29:14.485 [main] INFO  file.pruebas_iniciales.primera_prueba - GestionaNotas.java
2025-10-08 12:29:14.485 [main] INFO  file.pruebas_iniciales.primera_prueba - GestionaPartida.java
2025-10-08 12:29:14.485 [main] INFO  file.pruebas_iniciales.primera_prueba - GestionaPokemon.java
2025-10-08 12:29:14.485 [main] INFO  file.pruebas_iniciales.primera_prueba - Gestionaproducto.java
2025-10-08 12:29:14.485 [main] INFO  file.pruebas_iniciales.primera_prueba - GestionaProfesores.java
2025-10-08 12:29:14.485 [main] INFO  file.pruebas_iniciales.primera_prueba - GestionaVehiculo.java
2025-10-08 12:29:14.486 [main] INFO  file.pruebas_iniciales.primera_prueba - Jugador.java
2025-10-08 12:29:14.486 [main] INFO  file.pruebas_iniciales.primera_prueba - Notas.java
2025-10-08 12:29:14.486 [main] INFO  file.pruebas_iniciales.primera_prueba - Partida.java
2025-10-08 12:29:14.486 [main] INFO  file.pruebas_iniciales.primera_prueba - Persona.java
2025-10-08 12:29:14.486 [main] INFO  file.pruebas_iniciales.primera_prueba - Persona2.java
2025-10-08 12:29:14.486 [main] INFO  file.pruebas_iniciales.primera_prueba - Persona3.java
2025-10-08 12:29:14.486 [main] INFO  file.pruebas_iniciales.primera_prueba - Pokemon.java
2025-10-08 12:29:14.486 [main] INFO  file.pruebas_iniciales.primera_prueba - Producto.java
2025-10-08 12:29:14.486 [main] INFO  file.pruebas_iniciales.primera_prueba - Profesor.java
2025-10-08 12:29:14.486 [main] INFO  file.pruebas_iniciales.primera_prueba - ProfesorInterino.java
2025-10-08 12:29:14.486 [main] INFO  file.pruebas_iniciales.primera_prueba - ProfesorTitular.java
2025-10-08 12:29:14.486 [main] INFO  file.pruebas_iniciales.primera_prueba - Vehículo.java
2025-10-08 12:29:14.486 [main] INFO  file.pruebas_iniciales.primera_prueba - Cubo.java
2025-10-08 12:29:14.487 [main] INFO  file.pruebas_iniciales.primera_prueba - GestionaCubos.java
2025-10-08 12:29:14.487 [main] INFO  file.pruebas_iniciales.primera_prueba - GestionaProvincias.java
2025-10-08 12:29:14.487 [main] INFO  file.pruebas_iniciales.primera_prueba - ListaProvincia.java
2025-10-08 12:29:14.487 [main] INFO  file.pruebas_iniciales.primera_prueba - ListaProvinciaDos.java
2025-10-08 12:29:14.487 [main] INFO  file.pruebas_iniciales.primera_prueba - Provincia.java
2025-10-08 12:29:14.487 [main] INFO  file.pruebas_iniciales.primera_prueba - ProvinciaExcepcion.java
2025-10-08 12:29:14.487 [main] INFO  file.pruebas_iniciales.primera_prueba - GestionaSimulacion.java
2025-10-08 12:29:14.487 [main] INFO  file.pruebas_iniciales.primera_prueba - GestionaTrafico.java
2025-10-08 12:29:14.487 [main] INFO  file.pruebas_iniciales.primera_prueba - RegistroTrafico2.java
2025-10-08 12:29:14.487 [main] INFO  file.pruebas_iniciales.primera_prueba - Remetriculación.java
2025-10-08 12:29:14.488 [main] INFO  file.pruebas_iniciales.primera_prueba - Vehiculo.java
2025-10-08 12:29:14.488 [main] INFO  file.pruebas_iniciales.primera_prueba - Alquiler.java
2025-10-08 12:29:14.488 [main] INFO  file.pruebas_iniciales.primera_prueba - Coche.java
2025-10-08 12:29:14.488 [main] INFO  file.pruebas_iniciales.primera_prueba - EstadoCoche.java
2025-10-08 12:29:14.488 [main] INFO  file.pruebas_iniciales.primera_prueba - Furgoneta.java
2025-10-08 12:29:14.489 [main] INFO  file.pruebas_iniciales.primera_prueba - IAlquilable.java
2025-10-08 12:29:14.489 [main] INFO  file.pruebas_iniciales.primera_prueba - Patinete.java
2025-10-08 12:29:14.489 [main] INFO  file.pruebas_iniciales.primera_prueba - VehiculoCombustible.java
2025-10-08 12:29:14.489 [main] INFO  file.pruebas_iniciales.primera_prueba - VehiculoGeneral.java
2025-10-08 12:29:14.489 [main] INFO  file.pruebas_iniciales.primera_prueba - Corredor.java
2025-10-08 12:29:14.489 [main] INFO  file.pruebas_iniciales.primera_prueba - Deportista.java
2025-10-08 12:29:14.489 [main] INFO  file.pruebas_iniciales.primera_prueba - EstadoPrueba.java
2025-10-08 12:29:14.489 [main] INFO  file.pruebas_iniciales.primera_prueba - Excepcion.java
2025-10-08 12:29:14.490 [main] INFO  file.pruebas_iniciales.primera_prueba - GestionaDeportistas.java
2025-10-08 12:29:14.490 [main] INFO  file.pruebas_iniciales.primera_prueba - ICompeticion.java
2025-10-08 12:29:14.490 [main] INFO  file.pruebas_iniciales.primera_prueba - Nadador.java
2025-10-08 12:29:14.490 [main] INFO  file.pruebas_iniciales.primera_prueba - Prueba.java
2025-10-08 12:29:14.490 [main] INFO  file.pruebas_iniciales.primera_prueba - EstadoVuelo.java
2025-10-08 12:29:14.490 [main] INFO  file.pruebas_iniciales.primera_prueba - IVuelo.java
2025-10-08 12:29:14.490 [main] INFO  file.pruebas_iniciales.primera_prueba - Piloto.java
2025-10-08 12:29:14.490 [main] INFO  file.pruebas_iniciales.primera_prueba - PilotoComercial.java
2025-10-08 12:29:14.490 [main] INFO  file.pruebas_iniciales.primera_prueba - PilotoInternacional.java
2025-10-08 12:29:14.490 [main] INFO  file.pruebas_iniciales.primera_prueba - Vuelo.java
2025-10-08 12:29:14.490 [main] INFO  file.pruebas_iniciales.primera_prueba - VueloExcepcion.java
2025-10-08 12:29:14.491 [main] INFO  file.pruebas_iniciales.primera_prueba - VuelosExcepcion.java
2025-10-08 12:29:14.491 [main] INFO  file.pruebas_iniciales.primera_prueba - Ejercicio1.java
2025-10-08 12:29:14.491 [main] INFO  file.pruebas_iniciales.primera_prueba - Ejercicio10.java
2025-10-08 12:29:14.491 [main] INFO  file.pruebas_iniciales.primera_prueba - Ejercicio11.java
2025-10-08 12:29:14.491 [main] INFO  file.pruebas_iniciales.primera_prueba - Ejercicio12.java
2025-10-08 12:29:14.491 [main] INFO  file.pruebas_iniciales.primera_prueba - Ejercicio13.java
2025-10-08 12:29:14.492 [main] INFO  file.pruebas_iniciales.primera_prueba - Ejercicio2.java
2025-10-08 12:29:14.492 [main] INFO  file.pruebas_iniciales.primera_prueba - Ejercicio3.java
2025-10-08 12:29:14.492 [main] INFO  file.pruebas_iniciales.primera_prueba - Ejercicio4.java
2025-10-08 12:29:14.492 [main] INFO  file.pruebas_iniciales.primera_prueba - Ejercicio5.java
2025-10-08 12:29:14.492 [main] INFO  file.pruebas_iniciales.primera_prueba - Ejercicio6.java
2025-10-08 12:29:14.492 [main] INFO  file.pruebas_iniciales.primera_prueba - Ejercicio7.java
2025-10-08 12:29:14.492 [main] INFO  file.pruebas_iniciales.primera_prueba - Ejercicio8.java
2025-10-08 12:29:14.493 [main] INFO  file.pruebas_iniciales.primera_prueba - Ejercicio9.java
2025-10-08 12:29:14.493 [main] INFO  file.pruebas_iniciales.primera_prueba - Ejerciciojava.java
2025-10-08 12:29:14.493 [main] INFO  file.pruebas_iniciales.primera_prueba - Simulacro2.java
2025-10-08 12:29:14.493 [main] INFO  file.pruebas_iniciales.primera_prueba - Simulacro_Ejercicio1.java
2025-10-08 12:29:14.493 [main] INFO  file.pruebas_iniciales.primera_prueba - Unidaad2.java
2025-10-08 12:29:14.493 [main] INFO  file.pruebas_iniciales.primera_prueba - Pérez-Carmona-Eva Unidad 1 Entorno.pdf
2025-10-08 12:29:14.493 [main] INFO  file.pruebas_iniciales.primera_prueba - Pérez_Carmona_Eva Unidad 1 Entorno.pdf
2025-10-08 12:29:14.493 [main] INFO  file.pruebas_iniciales.primera_prueba - Pérez-Carmona-Eva Unidad 2 Entorno (2).pdf
2025-10-08 12:29:14.493 [main] INFO  file.pruebas_iniciales.primera_prueba - Pérez-Carmona-Eva Unidad 2 Entorno.pdf
2025-10-08 12:29:14.493 [main] INFO  file.pruebas_iniciales.primera_prueba - Pérez-Carmona-Eva Práctica U3.docx.pdf
2025-10-08 12:29:14.493 [main] INFO  file.pruebas_iniciales.primera_prueba - Pérez-Carmona-Eva Unidad 3 Entorno.pdf
2025-10-08 12:29:14.493 [main] INFO  file.pruebas_iniciales.primera_prueba - Pérez-Carmona-Eva Unidad 4 (2).pdf
2025-10-08 12:29:14.493 [main] INFO  file.pruebas_iniciales.primera_prueba - Pérez-Carmona-Eva Unidad 4.pdf
2025-10-08 12:29:14.494 [main] INFO  file.pruebas_iniciales.primera_prueba - .classpath
2025-10-08 12:29:14.494 [main] INFO  file.pruebas_iniciales.primera_prueba - .project
2025-10-08 12:29:14.494 [main] INFO  file.pruebas_iniciales.primera_prueba - org.eclipse.wst.common.project.facet.core.xml
2025-10-08 12:29:14.494 [main] INFO  file.pruebas_iniciales.primera_prueba - .classpath
2025-10-08 12:29:14.494 [main] INFO  file.pruebas_iniciales.primera_prueba - .gitignore
2025-10-08 12:29:14.494 [main] INFO  file.pruebas_iniciales.primera_prueba - .project
2025-10-08 12:29:14.495 [main] INFO  file.pruebas_iniciales.primera_prueba - .jsdtscope
2025-10-08 12:29:14.495 [main] INFO  file.pruebas_iniciales.primera_prueba - org.eclipse.jdt.core.prefs
2025-10-08 12:29:14.495 [main] INFO  file.pruebas_iniciales.primera_prueba - org.eclipse.m2e.core.prefs
2025-10-08 12:29:14.495 [main] INFO  file.pruebas_iniciales.primera_prueba - org.eclipse.wst.common.component
2025-10-08 12:29:14.495 [main] INFO  file.pruebas_iniciales.primera_prueba - org.eclipse.wst.common.project.facet.core.xml
2025-10-08 12:29:14.495 [main] INFO  file.pruebas_iniciales.primera_prueba - org.eclipse.wst.jsdt.ui.superType.container
2025-10-08 12:29:14.495 [main] INFO  file.pruebas_iniciales.primera_prueba - org.eclipse.wst.jsdt.ui.superType.name
2025-10-08 12:29:14.495 [main] INFO  file.pruebas_iniciales.primera_prueba - org.eclipse.wst.validation.prefs
2025-10-08 12:29:14.495 [main] INFO  file.pruebas_iniciales.primera_prueba - pom.xml
2025-10-08 12:29:14.496 [main] INFO  file.pruebas_iniciales.primera_prueba - Pruebasql.java
2025-10-08 12:29:14.496 [main] INFO  file.pruebas_iniciales.primera_prueba - FasesporEquipo.java
2025-10-08 12:29:14.496 [main] INFO  file.pruebas_iniciales.primera_prueba - JdbcDao.java
2025-10-08 12:29:14.496 [main] INFO  file.pruebas_iniciales.primera_prueba - JDBCDaoCruce.java
2025-10-08 12:29:14.496 [main] INFO  file.pruebas_iniciales.primera_prueba - JDBCDaoDebate.java
2025-10-08 12:29:14.497 [main] INFO  file.pruebas_iniciales.primera_prueba - JDBCDaoEquipo.java
2025-10-08 12:29:14.497 [main] INFO  file.pruebas_iniciales.primera_prueba - JDBCDaoPuntuacion.java
2025-10-08 12:29:14.497 [main] INFO  file.pruebas_iniciales.primera_prueba - Cruce.java
2025-10-08 12:29:14.497 [main] INFO  file.pruebas_iniciales.primera_prueba - Debate.java
2025-10-08 12:29:14.497 [main] INFO  file.pruebas_iniciales.primera_prueba - Equipo.java
2025-10-08 12:29:14.497 [main] INFO  file.pruebas_iniciales.primera_prueba - Puntuacion.java
2025-10-08 12:29:14.498 [main] INFO  file.pruebas_iniciales.primera_prueba - Repositorioequipo.java
2025-10-08 12:29:14.498 [main] INFO  file.pruebas_iniciales.primera_prueba - repositorioPuntuacion.java
2025-10-08 12:29:14.498 [main] INFO  file.pruebas_iniciales.primera_prueba - ProyectoServlet.java
2025-10-08 12:29:14.498 [main] INFO  file.pruebas_iniciales.primera_prueba - GeneraHtmls.java
2025-10-08 12:29:14.498 [main] INFO  file.pruebas_iniciales.primera_prueba - db.properties
2025-10-08 12:29:14.498 [main] INFO  file.pruebas_iniciales.primera_prueba - proyectoPrimero.sql
2025-10-08 12:29:14.498 [main] INFO  file.pruebas_iniciales.primera_prueba - index.html
2025-10-08 12:29:14.499 [main] INFO  file.pruebas_iniciales.primera_prueba - login.html
2025-10-08 12:29:14.499 [main] INFO  file.pruebas_iniciales.primera_prueba - MANIFEST.MF
2025-10-08 12:29:14.499 [main] INFO  file.pruebas_iniciales.primera_prueba - web.xml
2025-10-08 12:29:14.500 [main] INFO  file.pruebas_iniciales.primera_prueba - Pruebasql.class
2025-10-08 12:29:14.500 [main] INFO  file.pruebas_iniciales.primera_prueba - JdbcDao.class
2025-10-08 12:29:14.500 [main] INFO  file.pruebas_iniciales.primera_prueba - JDBCDaoEquipo.class
2025-10-08 12:29:14.500 [main] INFO  file.pruebas_iniciales.primera_prueba - db.properties
2025-10-08 12:29:14.500 [main] INFO  file.pruebas_iniciales.primera_prueba - Equipo.class
2025-10-08 12:29:14.500 [main] INFO  file.pruebas_iniciales.primera_prueba - proyectoPrimero.sql
2025-10-08 12:29:14.500 [main] INFO  file.pruebas_iniciales.primera_prueba - Repositorioequipo.class
2025-10-08 12:29:14.501 [main] INFO  file.pruebas_iniciales.primera_prueba - ProyectoServlet.class
2025-10-08 12:29:14.501 [main] INFO  file.pruebas_iniciales.primera_prueba - GeneraHtmls.class
2025-10-08 12:29:14.501 [main] INFO  file.pruebas_iniciales.primera_prueba - index.html
2025-10-08 12:29:14.501 [main] INFO  file.pruebas_iniciales.primera_prueba - inicio.html
2025-10-08 12:29:14.501 [main] INFO  file.pruebas_iniciales.primera_prueba - login.html
2025-10-08 12:29:14.501 [main] INFO  file.pruebas_iniciales.primera_prueba - MANIFEST.MF
2025-10-08 12:29:14.502 [main] INFO  file.pruebas_iniciales.primera_prueba - JdbcDao.class
2025-10-08 12:29:14.502 [main] INFO  file.pruebas_iniciales.primera_prueba - db.properties
2025-10-08 12:29:14.502 [main] INFO  file.pruebas_iniciales.primera_prueba - ProyectoServlet.class
2025-10-08 12:29:14.502 [main] INFO  file.pruebas_iniciales.primera_prueba - GeneraHtmls.class
2025-10-08 12:29:14.502 [main] INFO  file.pruebas_iniciales.primera_prueba - mysql-connector-java-8.0.29.jar
2025-10-08 12:29:14.503 [main] INFO  file.pruebas_iniciales.primera_prueba - protobuf-java-3.19.4.jar
2025-10-08 12:29:14.503 [main] INFO  file.pruebas_iniciales.primera_prueba - web.xml
2025-10-08 12:29:14.503 [main] INFO  file.pruebas_iniciales.primera_prueba - ejemplo.war
2025-10-08 12:29:14.503 [main] INFO  file.pruebas_iniciales.primera_prueba - MANIFEST.MF
2025-10-08 12:29:14.503 [main] INFO  file.pruebas_iniciales.primera_prueba - pom.properties
2025-10-08 12:29:14.503 [main] INFO  file.pruebas_iniciales.primera_prueba - pom.xml
2025-10-08 12:29:14.503 [main] INFO  file.pruebas_iniciales.primera_prueba - pom.properties
2025-10-08 12:29:14.504 [main] INFO  file.pruebas_iniciales.primera_prueba - createdFiles.lst
2025-10-08 12:29:14.504 [main] INFO  file.pruebas_iniciales.primera_prueba - inputFiles.lst
2025-10-08 12:29:14.504 [main] INFO  file.pruebas_iniciales.primera_prueba - createdFiles.lst
2025-10-08 12:29:14.504 [main] INFO  file.pruebas_iniciales.primera_prueba - inputFiles.lst
2025-10-08 12:29:14.504 [main] INFO  file.pruebas_iniciales.primera_prueba - .classpath
2025-10-08 12:29:14.504 [main] INFO  file.pruebas_iniciales.primera_prueba - .gitignore
2025-10-08 12:29:14.504 [main] INFO  file.pruebas_iniciales.primera_prueba - .project
2025-10-08 12:29:14.505 [main] INFO  file.pruebas_iniciales.primera_prueba - .jsdtscope
2025-10-08 12:29:14.505 [main] INFO  file.pruebas_iniciales.primera_prueba - org.eclipse.core.resources.prefs
2025-10-08 12:29:14.505 [main] INFO  file.pruebas_iniciales.primera_prueba - org.eclipse.jdt.core.prefs
2025-10-08 12:29:14.505 [main] INFO  file.pruebas_iniciales.primera_prueba - org.eclipse.m2e.core.prefs
2025-10-08 12:29:14.505 [main] INFO  file.pruebas_iniciales.primera_prueba - org.eclipse.wst.common.component
2025-10-08 12:29:14.505 [main] INFO  file.pruebas_iniciales.primera_prueba - org.eclipse.wst.common.project.facet.core.xml
2025-10-08 12:29:14.505 [main] INFO  file.pruebas_iniciales.primera_prueba - org.eclipse.wst.jsdt.ui.superType.container
2025-10-08 12:29:14.505 [main] INFO  file.pruebas_iniciales.primera_prueba - org.eclipse.wst.jsdt.ui.superType.name
2025-10-08 12:29:14.506 [main] INFO  file.pruebas_iniciales.primera_prueba - org.eclipse.wst.validation.prefs
2025-10-08 12:29:14.506 [main] INFO  file.pruebas_iniciales.primera_prueba - pom.xml
2025-10-08 12:29:14.506 [main] INFO  file.pruebas_iniciales.primera_prueba - Pruebasql.java
2025-10-08 12:29:14.506 [main] INFO  file.pruebas_iniciales.primera_prueba - FasesporEquipo.java
2025-10-08 12:29:14.507 [main] INFO  file.pruebas_iniciales.primera_prueba - JdbcDao.java
2025-10-08 12:29:14.507 [main] INFO  file.pruebas_iniciales.primera_prueba - JDBCDaoCruce.java
2025-10-08 12:29:14.507 [main] INFO  file.pruebas_iniciales.primera_prueba - JDBCDaoDebate.java
2025-10-08 12:29:14.507 [main] INFO  file.pruebas_iniciales.primera_prueba - JDBCDaoEquipo.java
2025-10-08 12:29:14.507 [main] INFO  file.pruebas_iniciales.primera_prueba - JDBCDaoPuntuacion.java
2025-10-08 12:29:14.507 [main] INFO  file.pruebas_iniciales.primera_prueba - Cruce.java
2025-10-08 12:29:14.507 [main] INFO  file.pruebas_iniciales.primera_prueba - Debate.java
2025-10-08 12:29:14.507 [main] INFO  file.pruebas_iniciales.primera_prueba - Equipo.java
2025-10-08 12:29:14.507 [main] INFO  file.pruebas_iniciales.primera_prueba - Puntuacion.java
2025-10-08 12:29:14.508 [main] INFO  file.pruebas_iniciales.primera_prueba - Repositorioequipo.java
2025-10-08 12:29:14.508 [main] INFO  file.pruebas_iniciales.primera_prueba - repositorioPuntuacion.java
2025-10-08 12:29:14.508 [main] INFO  file.pruebas_iniciales.primera_prueba - ProyectoServlet.java
2025-10-08 12:29:14.508 [main] INFO  file.pruebas_iniciales.primera_prueba - GeneraHtmls.java
2025-10-08 12:29:14.508 [main] INFO  file.pruebas_iniciales.primera_prueba - db.properties
2025-10-08 12:29:14.508 [main] INFO  file.pruebas_iniciales.primera_prueba - proyectoPrimero.sql
2025-10-08 12:29:14.509 [main] INFO  file.pruebas_iniciales.primera_prueba - PaginaBase.css
2025-10-08 12:29:14.509 [main] INFO  file.pruebas_iniciales.primera_prueba - RegistroPuntuaciones.css
2025-10-08 12:29:14.509 [main] INFO  file.pruebas_iniciales.primera_prueba - instituto.jpg
2025-10-08 12:29:14.509 [main] INFO  file.pruebas_iniciales.primera_prueba - logo.svg
2025-10-08 12:29:14.509 [main] INFO  file.pruebas_iniciales.primera_prueba - MANIFEST.MF
2025-10-08 12:29:14.510 [main] INFO  file.pruebas_iniciales.primera_prueba - indexE.html
2025-10-08 12:29:14.510 [main] INFO  file.pruebas_iniciales.primera_prueba - PaginaBase.html
2025-10-08 12:29:14.510 [main] INFO  file.pruebas_iniciales.primera_prueba - RegistroPuntuaciones.html
2025-10-08 12:29:14.510 [main] INFO  file.pruebas_iniciales.primera_prueba - ResultadoPorFase.html
2025-10-08 12:29:14.510 [main] INFO  file.pruebas_iniciales.primera_prueba - web.xml
2025-10-08 12:29:14.510 [main] INFO  file.pruebas_iniciales.primera_prueba - indexE.html
2025-10-08 12:29:14.511 [main] INFO  file.pruebas_iniciales.primera_prueba - INSTITUTO IMAGEN1.jpg
2025-10-08 12:29:14.511 [main] INFO  file.pruebas_iniciales.primera_prueba - PaginaBase.css
2025-10-08 12:29:14.511 [main] INFO  file.pruebas_iniciales.primera_prueba - PaginaBase.html
2025-10-08 12:29:14.511 [main] INFO  file.pruebas_iniciales.primera_prueba - RegistroPuntuaciones.css
2025-10-08 12:29:14.511 [main] INFO  file.pruebas_iniciales.primera_prueba - RegistroPuntuaciones.html
2025-10-08 12:29:14.511 [main] INFO  file.pruebas_iniciales.primera_prueba - ResultadoPorFase.css
2025-10-08 12:29:14.511 [main] INFO  file.pruebas_iniciales.primera_prueba - ResultadoPorFase.html
2025-10-08 12:29:14.511 [main] INFO  file.pruebas_iniciales.primera_prueba - rfxDXq01 (2).svg
2025-10-08 12:29:14.511 [main] INFO  file.pruebas_iniciales.primera_prueba - proyecto0.sql
2025-10-08 12:29:14.511 [main] INFO  file.pruebas_iniciales.primera_prueba - .classpath
2025-10-08 12:29:14.511 [main] INFO  file.pruebas_iniciales.primera_prueba - .project
2025-10-08 12:29:14.511 [main] INFO  file.pruebas_iniciales.primera_prueba - org.eclipse.core.resources.prefs
2025-10-08 12:29:14.511 [main] INFO  file.pruebas_iniciales.primera_prueba - org.eclipse.jdt.core.prefs
2025-10-08 12:29:14.513 [main] INFO  file.pruebas_iniciales.primera_prueba - .classpath
2025-10-08 12:29:14.513 [main] INFO  file.pruebas_iniciales.primera_prueba - .gitignore
2025-10-08 12:29:14.513 [main] INFO  file.pruebas_iniciales.primera_prueba - .project
2025-10-08 12:29:14.513 [main] INFO  file.pruebas_iniciales.primera_prueba - .gitignore
2025-10-08 12:29:14.513 [main] INFO  file.pruebas_iniciales.primera_prueba - .gitignore
2025-10-08 12:29:14.513 [main] INFO  file.pruebas_iniciales.primera_prueba - Dia.class
2025-10-08 12:29:14.513 [main] INFO  file.pruebas_iniciales.primera_prueba - Estudiante.class
2025-10-08 12:29:14.513 [main] INFO  file.pruebas_iniciales.primera_prueba - ExcepcionColecciones.class
2025-10-08 12:29:14.513 [main] INFO  file.pruebas_iniciales.primera_prueba - Grupo.class
2025-10-08 12:29:14.514 [main] INFO  file.pruebas_iniciales.primera_prueba - Instituto.class
2025-10-08 12:29:14.514 [main] INFO  file.pruebas_iniciales.primera_prueba - Main.class
2025-10-08 12:29:14.514 [main] INFO  file.pruebas_iniciales.primera_prueba - Tutor.class
2025-10-08 12:29:14.514 [main] INFO  file.pruebas_iniciales.primera_prueba - ComparadorPorNombre.class
2025-10-08 12:29:14.514 [main] INFO  file.pruebas_iniciales.primera_prueba - Ejemplo_Comparator.class
2025-10-08 12:29:14.514 [main] INFO  file.pruebas_iniciales.primera_prueba - Persona.class
2025-10-08 12:29:14.514 [main] INFO  file.pruebas_iniciales.primera_prueba - .gitignore
2025-10-08 12:29:14.514 [main] INFO  file.pruebas_iniciales.primera_prueba - .gitignore
2025-10-08 12:29:14.514 [main] INFO  file.pruebas_iniciales.primera_prueba - BoletinEjercicio3.class
2025-10-08 12:29:14.515 [main] INFO  file.pruebas_iniciales.primera_prueba - BoletinEjercicio4.class
2025-10-08 12:29:14.515 [main] INFO  file.pruebas_iniciales.primera_prueba - BoletinEjercicio5.class
2025-10-08 12:29:14.515 [main] INFO  file.pruebas_iniciales.primera_prueba - Main.class
2025-10-08 12:29:14.515 [main] INFO  file.pruebas_iniciales.primera_prueba - MiExcepcion.class
2025-10-08 12:29:14.515 [main] INFO  file.pruebas_iniciales.primera_prueba - .gitignore
2025-10-08 12:29:14.515 [main] INFO  file.pruebas_iniciales.primera_prueba - .gitignore
2025-10-08 12:29:14.515 [main] INFO  file.pruebas_iniciales.primera_prueba - EjemploMapas.class
2025-10-08 12:29:14.515 [main] INFO  file.pruebas_iniciales.primera_prueba - module-info.class
2025-10-08 12:29:14.515 [main] INFO  file.pruebas_iniciales.primera_prueba - CentroDistribucion.class
2025-10-08 12:29:14.515 [main] INFO  file.pruebas_iniciales.primera_prueba - Envio.class
2025-10-08 12:29:14.516 [main] INFO  file.pruebas_iniciales.primera_prueba - EnvioException.class
2025-10-08 12:29:14.516 [main] INFO  file.pruebas_iniciales.primera_prueba - EstadoEnvio.class
2025-10-08 12:29:14.516 [main] INFO  file.pruebas_iniciales.primera_prueba - GestionaEnvios.class
2025-10-08 12:29:14.516 [main] INFO  file.pruebas_iniciales.primera_prueba - RepositorioEnvios.class
2025-10-08 12:29:14.516 [main] INFO  file.pruebas_iniciales.primera_prueba - .gitignore
2025-10-08 12:29:14.516 [main] INFO  file.pruebas_iniciales.primera_prueba - EstadoTorneo.class
2025-10-08 12:29:14.516 [main] INFO  file.pruebas_iniciales.primera_prueba - ExcepcionTorneo.class
2025-10-08 12:29:14.516 [main] INFO  file.pruebas_iniciales.primera_prueba - Jugador.class
2025-10-08 12:29:14.516 [main] INFO  file.pruebas_iniciales.primera_prueba - Partido.class
2025-10-08 12:29:14.516 [main] INFO  file.pruebas_iniciales.primera_prueba - Torneo.class
2025-10-08 12:29:14.517 [main] INFO  file.pruebas_iniciales.primera_prueba - .gitignore
2025-10-08 12:29:14.517 [main] INFO  file.pruebas_iniciales.primera_prueba - .gitignore
2025-10-08 12:29:14.517 [main] INFO  file.pruebas_iniciales.primera_prueba - .classpath
2025-10-08 12:29:14.517 [main] INFO  file.pruebas_iniciales.primera_prueba - .gitignore
2025-10-08 12:29:14.517 [main] INFO  file.pruebas_iniciales.primera_prueba - .project
2025-10-08 12:29:14.517 [main] INFO  file.pruebas_iniciales.primera_prueba - .gitignore
2025-10-08 12:29:14.518 [main] INFO  file.pruebas_iniciales.primera_prueba - Agenda.java
2025-10-08 12:29:14.518 [main] INFO  file.pruebas_iniciales.primera_prueba - Contacto.java
2025-10-08 12:29:14.518 [main] INFO  file.pruebas_iniciales.primera_prueba - GestionaAgenda.java
2025-10-08 12:29:14.519 [main] INFO  file.pruebas_iniciales.primera_prueba - .gitignore
2025-10-08 12:29:14.519 [main] INFO  file.pruebas_iniciales.primera_prueba - Dia.java
2025-10-08 12:29:14.519 [main] INFO  file.pruebas_iniciales.primera_prueba - Estudiante.java
2025-10-08 12:29:14.519 [main] INFO  file.pruebas_iniciales.primera_prueba - ExcepcionColecciones.java
2025-10-08 12:29:14.519 [main] INFO  file.pruebas_iniciales.primera_prueba - Grupo.java
2025-10-08 12:29:14.519 [main] INFO  file.pruebas_iniciales.primera_prueba - Instituto.java
2025-10-08 12:29:14.519 [main] INFO  file.pruebas_iniciales.primera_prueba - Main.java
2025-10-08 12:29:14.520 [main] INFO  file.pruebas_iniciales.primera_prueba - Tutor.java
2025-10-08 12:29:14.520 [main] INFO  file.pruebas_iniciales.primera_prueba - .gitignore
2025-10-08 12:29:14.520 [main] INFO  file.pruebas_iniciales.primera_prueba - ComparadorPorNombre.java
2025-10-08 12:29:14.520 [main] INFO  file.pruebas_iniciales.primera_prueba - Ejemplo_Comparator.java
2025-10-08 12:29:14.520 [main] INFO  file.pruebas_iniciales.primera_prueba - Persona.java
2025-10-08 12:29:14.520 [main] INFO  file.pruebas_iniciales.primera_prueba - .gitignore
2025-10-08 12:29:14.520 [main] INFO  file.pruebas_iniciales.primera_prueba - Set.java
2025-10-08 12:29:14.520 [main] INFO  file.pruebas_iniciales.primera_prueba - .gitignore
2025-10-08 12:29:14.520 [main] INFO  file.pruebas_iniciales.primera_prueba - BoletinEjercicio3.java
2025-10-08 12:29:14.520 [main] INFO  file.pruebas_iniciales.primera_prueba - BoletinEjercicio4.java
2025-10-08 12:29:14.520 [main] INFO  file.pruebas_iniciales.primera_prueba - BoletinEjercicio5.java
2025-10-08 12:29:14.520 [main] INFO  file.pruebas_iniciales.primera_prueba - Main.java
2025-10-08 12:29:14.520 [main] INFO  file.pruebas_iniciales.primera_prueba - MiExcepcion.java
2025-10-08 12:29:14.521 [main] INFO  file.pruebas_iniciales.primera_prueba - .gitignore
2025-10-08 12:29:14.521 [main] INFO  file.pruebas_iniciales.primera_prueba - Tarea.java
2025-10-08 12:29:14.521 [main] INFO  file.pruebas_iniciales.primera_prueba - .gitignore
2025-10-08 12:29:14.521 [main] INFO  file.pruebas_iniciales.primera_prueba - Equipo.java
2025-10-08 12:29:14.521 [main] INFO  file.pruebas_iniciales.primera_prueba - FutbolExcepcion.java
2025-10-08 12:29:14.521 [main] INFO  file.pruebas_iniciales.primera_prueba - GestionaEquipo.java
2025-10-08 12:29:14.522 [main] INFO  file.pruebas_iniciales.primera_prueba - Jugador.java
2025-10-08 12:29:14.522 [main] INFO  file.pruebas_iniciales.primera_prueba - RepositorioEquipo.java
2025-10-08 12:29:14.522 [main] INFO  file.pruebas_iniciales.primera_prueba - .gitignore
2025-10-08 12:29:14.522 [main] INFO  file.pruebas_iniciales.primera_prueba - EjemploMapas.java
2025-10-08 12:29:14.522 [main] INFO  file.pruebas_iniciales.primera_prueba - module-info.java
2025-10-08 12:29:14.522 [main] INFO  file.pruebas_iniciales.primera_prueba - .gitignore
2025-10-08 12:29:14.522 [main] INFO  file.pruebas_iniciales.primera_prueba - CentroDistribucion.java
2025-10-08 12:29:14.522 [main] INFO  file.pruebas_iniciales.primera_prueba - Envio.java
2025-10-08 12:29:14.522 [main] INFO  file.pruebas_iniciales.primera_prueba - EnvioException.java
2025-10-08 12:29:14.523 [main] INFO  file.pruebas_iniciales.primera_prueba - EstadoEnvio.java
2025-10-08 12:29:14.523 [main] INFO  file.pruebas_iniciales.primera_prueba - GestionaEnvios.java
2025-10-08 12:29:14.523 [main] INFO  file.pruebas_iniciales.primera_prueba - RepositorioEnvios.java
2025-10-08 12:29:14.523 [main] INFO  file.pruebas_iniciales.primera_prueba - .gitignore
2025-10-08 12:29:14.523 [main] INFO  file.pruebas_iniciales.primera_prueba - EstadoTorneo.java
2025-10-08 12:29:14.523 [main] INFO  file.pruebas_iniciales.primera_prueba - ExcepcionTorneo.java
2025-10-08 12:29:14.523 [main] INFO  file.pruebas_iniciales.primera_prueba - Jugador.java
2025-10-08 12:29:14.523 [main] INFO  file.pruebas_iniciales.primera_prueba - Partido.java
2025-10-08 12:29:14.523 [main] INFO  file.pruebas_iniciales.primera_prueba - Torneo.java
2025-10-08 12:29:14.523 [main] INFO  file.pruebas_iniciales.primera_prueba - .gitignore
2025-10-08 12:29:14.523 [main] INFO  file.pruebas_iniciales.primera_prueba - EldenExcepcion.java
2025-10-08 12:29:14.523 [main] INFO  file.pruebas_iniciales.primera_prueba - Encuentro.java
2025-10-08 12:29:14.523 [main] INFO  file.pruebas_iniciales.primera_prueba - GestionaEndenRing.java
2025-10-08 12:29:14.523 [main] INFO  file.pruebas_iniciales.primera_prueba - RepositorioSinLuz.java
2025-10-08 12:29:14.523 [main] INFO  file.pruebas_iniciales.primera_prueba - Sinluz.java
2025-10-08 12:29:14.524 [main] INFO  file.pruebas_iniciales.primera_prueba - .gitignore
2025-10-08 12:29:14.524 [main] INFO  file.pruebas_iniciales.primera_prueba - EstadoJuego.java
2025-10-08 12:29:14.524 [main] INFO  file.pruebas_iniciales.primera_prueba - EstudioDesarrollo.java
2025-10-08 12:29:14.524 [main] INFO  file.pruebas_iniciales.primera_prueba - GeneroJuego.java
2025-10-08 12:29:14.524 [main] INFO  file.pruebas_iniciales.primera_prueba - GestionaPlataforma.java
2025-10-08 12:29:14.524 [main] INFO  file.pruebas_iniciales.primera_prueba - Juego.java
2025-10-08 12:29:14.524 [main] INFO  file.pruebas_iniciales.primera_prueba - PlataformaVideojuegos.java
2025-10-08 12:29:14.524 [main] INFO  file.pruebas_iniciales.primera_prueba - fichero_prueba1
2025-10-08 12:29:14.524 [main] INFO  file.pruebas_iniciales.primera_prueba - fichero_prueba2
2025-10-08 12:29:14.524 [main] INFO  file.pruebas_iniciales.primera_prueba - fichero_prueba22
2025-10-08 12:29:14.524 [main] INFO  file.pruebas_iniciales.primera_prueba - fichero_pruebas
2025-10-08 12:29:14.525 [main] INFO  file.pruebas_iniciales.primera_prueba - COMMIT_EDITMSG
2025-10-08 12:29:14.525 [main] INFO  file.pruebas_iniciales.primera_prueba - config
2025-10-08 12:29:14.525 [main] INFO  file.pruebas_iniciales.primera_prueba - description
2025-10-08 12:29:14.525 [main] INFO  file.pruebas_iniciales.primera_prueba - FETCH_HEAD
2025-10-08 12:29:14.525 [main] INFO  file.pruebas_iniciales.primera_prueba - HEAD
2025-10-08 12:29:14.525 [main] INFO  file.pruebas_iniciales.primera_prueba - applypatch-msg.sample
2025-10-08 12:29:14.525 [main] INFO  file.pruebas_iniciales.primera_prueba - commit-msg.sample
2025-10-08 12:29:14.525 [main] INFO  file.pruebas_iniciales.primera_prueba - fsmonitor-watchman.sample
2025-10-08 12:29:14.526 [main] INFO  file.pruebas_iniciales.primera_prueba - post-update.sample
2025-10-08 12:29:14.526 [main] INFO  file.pruebas_iniciales.primera_prueba - pre-applypatch.sample
2025-10-08 12:29:14.526 [main] INFO  file.pruebas_iniciales.primera_prueba - pre-commit.sample
2025-10-08 12:29:14.526 [main] INFO  file.pruebas_iniciales.primera_prueba - pre-merge-commit.sample
2025-10-08 12:29:14.526 [main] INFO  file.pruebas_iniciales.primera_prueba - pre-push.sample
2025-10-08 12:29:14.526 [main] INFO  file.pruebas_iniciales.primera_prueba - pre-rebase.sample
2025-10-08 12:29:14.526 [main] INFO  file.pruebas_iniciales.primera_prueba - pre-receive.sample
2025-10-08 12:29:14.527 [main] INFO  file.pruebas_iniciales.primera_prueba - prepare-commit-msg.sample
2025-10-08 12:29:14.527 [main] INFO  file.pruebas_iniciales.primera_prueba - push-to-checkout.sample
2025-10-08 12:29:14.527 [main] INFO  file.pruebas_iniciales.primera_prueba - sendemail-validate.sample
2025-10-08 12:29:14.527 [main] INFO  file.pruebas_iniciales.primera_prueba - update.sample
2025-10-08 12:29:14.527 [main] INFO  file.pruebas_iniciales.primera_prueba - index
2025-10-08 12:29:14.527 [main] INFO  file.pruebas_iniciales.primera_prueba - exclude
2025-10-08 12:29:14.527 [main] INFO  file.pruebas_iniciales.primera_prueba - HEAD
2025-10-08 12:29:14.527 [main] INFO  file.pruebas_iniciales.primera_prueba - main
2025-10-08 12:29:14.527 [main] INFO  file.pruebas_iniciales.primera_prueba - main
2025-10-08 12:29:14.528 [main] INFO  file.pruebas_iniciales.primera_prueba - 77899eb55768bf8ad345128e21df4afbf78cf3
2025-10-08 12:29:14.528 [main] INFO  file.pruebas_iniciales.primera_prueba - 7d0b04b637129524be7e84a17f2e9e06cd4dae
2025-10-08 12:29:14.528 [main] INFO  file.pruebas_iniciales.primera_prueba - a8e17f3f850344588e4854c4ba9271d814d9f3
2025-10-08 12:29:14.528 [main] INFO  file.pruebas_iniciales.primera_prueba - dc461f9c06c9d6d6a402723a07a5c4703efb10
2025-10-08 12:29:14.529 [main] INFO  file.pruebas_iniciales.primera_prueba - 9f102f7ff69f09c59b972090f2b1d0dacb22e0
2025-10-08 12:29:14.529 [main] INFO  file.pruebas_iniciales.primera_prueba - aa81a246a8ac611b35d85e24edd294ee1efe90
2025-10-08 12:29:14.529 [main] INFO  file.pruebas_iniciales.primera_prueba - bb2fc0308cccc45f4cb7b7cf57d33bb3a6d8be
2025-10-08 12:29:14.529 [main] INFO  file.pruebas_iniciales.primera_prueba - bd5eb30100c4892cec65b0114796138496b6c9
2025-10-08 12:29:14.529 [main] INFO  file.pruebas_iniciales.primera_prueba - ceca75a09dbc71a49050236ceced2d4df52f70
2025-10-08 12:29:14.529 [main] INFO  file.pruebas_iniciales.primera_prueba - f6aae7b0b0064c45e743992442e08a0bd1cfb7
2025-10-08 12:29:14.530 [main] INFO  file.pruebas_iniciales.primera_prueba - 094a944753cb4bae58c119337531ad740afeab
2025-10-08 12:29:14.530 [main] INFO  file.pruebas_iniciales.primera_prueba - 12e5362293b5b3b061cd8806ddc8f655a696c7
2025-10-08 12:29:14.530 [main] INFO  file.pruebas_iniciales.primera_prueba - 5c99d4bd28f540496bf758787525b68477026e
2025-10-08 12:29:14.530 [main] INFO  file.pruebas_iniciales.primera_prueba - caae8d004b73579a5a3af1accb54ba5207db30
2025-10-08 12:29:14.530 [main] INFO  file.pruebas_iniciales.primera_prueba - 0f97f20760886af1b4664384039dd36f40fa06
2025-10-08 12:29:14.531 [main] INFO  file.pruebas_iniciales.primera_prueba - 1de373e20c363d1de68bdc8c3e68b274d89523
2025-10-08 12:29:14.531 [main] INFO  file.pruebas_iniciales.primera_prueba - 2f1dd686c2dbad7a6732d06084bbfd3f5d8515
2025-10-08 12:29:14.531 [main] INFO  file.pruebas_iniciales.primera_prueba - 4976b2d45a9fba1bc4c5be543c1ebb4c0bbf92
2025-10-08 12:29:14.531 [main] INFO  file.pruebas_iniciales.primera_prueba - 7ca4d627fa1bebd00ba8a1f5f8876e767b1766
2025-10-08 12:29:14.531 [main] INFO  file.pruebas_iniciales.primera_prueba - 901b4b44d3a1d596daeb091ff7fe0f4affd446
2025-10-08 12:29:14.531 [main] INFO  file.pruebas_iniciales.primera_prueba - ac382cfd13a250383835eacd1e2b2d0b713b1e
2025-10-08 12:29:14.531 [main] INFO  file.pruebas_iniciales.primera_prueba - ba4ae79a750dbe68a3ff6d567eae5347f4145e
2025-10-08 12:29:14.531 [main] INFO  file.pruebas_iniciales.primera_prueba - cc0d03f242f0e6eabecc7ecb1fcce1a16a3c3a
2025-10-08 12:29:14.531 [main] INFO  file.pruebas_iniciales.primera_prueba - 10c269ab0856c02a31641997bcddb01110eeb0
2025-10-08 12:29:14.531 [main] INFO  file.pruebas_iniciales.primera_prueba - 25f87cf78f07a892ea3dee9ddcd26755c0d95c
2025-10-08 12:29:14.531 [main] INFO  file.pruebas_iniciales.primera_prueba - 4515d49ed754cdd13ce04def0fe3aab22a26c7
2025-10-08 12:29:14.531 [main] INFO  file.pruebas_iniciales.primera_prueba - 66c3f90020f945ded2cf03f069a11a16048251
2025-10-08 12:29:14.531 [main] INFO  file.pruebas_iniciales.primera_prueba - a8172fb642a6d017123c12f72511f4fb36ae93
2025-10-08 12:29:14.531 [main] INFO  file.pruebas_iniciales.primera_prueba - b6601bb576865d1cb02b7057f004b8b71f8f24
2025-10-08 12:29:14.531 [main] INFO  file.pruebas_iniciales.primera_prueba - e718745b9b31a5e425c350a654eb618558d251
2025-10-08 12:29:14.533 [main] INFO  file.pruebas_iniciales.primera_prueba - 006b5a2a42770bd51d581182cb7f87ac1d039f
2025-10-08 12:29:14.533 [main] INFO  file.pruebas_iniciales.primera_prueba - 2f3bfdf4d300223ef9473fa39fe1118840978a
2025-10-08 12:29:14.533 [main] INFO  file.pruebas_iniciales.primera_prueba - 37a088a01e8ddab3bf3fa98dbe804cbde1a0dc
2025-10-08 12:29:14.533 [main] INFO  file.pruebas_iniciales.primera_prueba - 484aa734210ad58fa3cb91973cb0deaca1d9c2
2025-10-08 12:29:14.533 [main] INFO  file.pruebas_iniciales.primera_prueba - 6de63ef351476d7586e92b24b39275a81eaf44
2025-10-08 12:29:14.533 [main] INFO  file.pruebas_iniciales.primera_prueba - 8bfc1e7d34bb87b0167f0f0bab6b0443abf4e2
2025-10-08 12:29:14.533 [main] INFO  file.pruebas_iniciales.primera_prueba - b72e0915f099826512663b3c7cc4e655a68406
2025-10-08 12:29:14.533 [main] INFO  file.pruebas_iniciales.primera_prueba - ca5617260a000c2cf8ef4775f96315d810f35f
2025-10-08 12:29:14.533 [main] INFO  file.pruebas_iniciales.primera_prueba - ec266f0a03b2ca0ad156db6f995aec3d39712f
2025-10-08 12:29:14.534 [main] INFO  file.pruebas_iniciales.primera_prueba - 2fef7eab0fcddc712791bcb0a2717f4d818a61
2025-10-08 12:29:14.534 [main] INFO  file.pruebas_iniciales.primera_prueba - 4b04c9097b6c435e1e5b4e1daf3a9b95da6ccf
2025-10-08 12:29:14.534 [main] INFO  file.pruebas_iniciales.primera_prueba - 553a601be5e54346f6591075c9ab742f836c8b
2025-10-08 12:29:14.534 [main] INFO  file.pruebas_iniciales.primera_prueba - 615786dd22a6c2df1ebd0b3a53fcd204d49d6c
2025-10-08 12:29:14.534 [main] INFO  file.pruebas_iniciales.primera_prueba - 69b5e93370e287c4f31d4b855afc49ef420edb
2025-10-08 12:29:14.534 [main] INFO  file.pruebas_iniciales.primera_prueba - d417254b51a497e52e8e8485c16b127fce6bd5
2025-10-08 12:29:14.535 [main] INFO  file.pruebas_iniciales.primera_prueba - d5da9cbf141911847041df5d7b87f0dd5ef9d4
2025-10-08 12:29:14.535 [main] INFO  file.pruebas_iniciales.primera_prueba - 78c9196c042a88534555cdc39a3ea46dd471a3
2025-10-08 12:29:14.535 [main] INFO  file.pruebas_iniciales.primera_prueba - 88fceebfeb6f9086425124933cba12430ded75
2025-10-08 12:29:14.535 [main] INFO  file.pruebas_iniciales.primera_prueba - 8d18e71f353c9c9e998dcda5eb9413ae8211a0
2025-10-08 12:29:14.535 [main] INFO  file.pruebas_iniciales.primera_prueba - 9930a3dd6ad0d0ebb9102cf5d4d6fc1b363582
2025-10-08 12:29:14.535 [main] INFO  file.pruebas_iniciales.primera_prueba - afd71b13abea17e710336088e964473a2161c4
2025-10-08 12:29:14.536 [main] INFO  file.pruebas_iniciales.primera_prueba - b0a7032bacea010ca7d511c71a78aa9fb2cd1f
2025-10-08 12:29:14.536 [main] INFO  file.pruebas_iniciales.primera_prueba - c717ecde2e7ca4f46892708abb92766a7f5076
2025-10-08 12:29:14.536 [main] INFO  file.pruebas_iniciales.primera_prueba - fefcf82f76a0cbb6ecd2fa741f8e6b3efeec17
2025-10-08 12:29:14.536 [main] INFO  file.pruebas_iniciales.primera_prueba - 18174031c928590656311b51e590b317e9efc7
2025-10-08 12:29:14.536 [main] INFO  file.pruebas_iniciales.primera_prueba - 2ee13c50b0e4dc1f98a660a1593c367c4d60fe
2025-10-08 12:29:14.536 [main] INFO  file.pruebas_iniciales.primera_prueba - c9d97c01a5aa6367b4180a2104aa17fb5de2be
2025-10-08 12:29:14.537 [main] INFO  file.pruebas_iniciales.primera_prueba - 730b5495ec59861d7eaf516abc1171c0e9616a
2025-10-08 12:29:14.537 [main] INFO  file.pruebas_iniciales.primera_prueba - 976f1066f8ac0eebc6785952d16da04a5fdca5
2025-10-08 12:29:14.537 [main] INFO  file.pruebas_iniciales.primera_prueba - 9f596534cff0ff01695d2b8bde7acf62d122dd
2025-10-08 12:29:14.537 [main] INFO  file.pruebas_iniciales.primera_prueba - cdf10dfb48f80693c134eefc954aed449cedc9
2025-10-08 12:29:14.537 [main] INFO  file.pruebas_iniciales.primera_prueba - d424208eddc4e048425b6b55a3652dbf3f24c7
2025-10-08 12:29:14.537 [main] INFO  file.pruebas_iniciales.primera_prueba - 51b5fd8d4f79a8c7f8ab66ddb0d8f29760a032
2025-10-08 12:29:14.537 [main] INFO  file.pruebas_iniciales.primera_prueba - 902550642f9992319d46eb5dc0db8be4851b6e
2025-10-08 12:29:14.537 [main] INFO  file.pruebas_iniciales.primera_prueba - d25ab6ffcd44db851b5863affd7d3f27c6084b
2025-10-08 12:29:14.537 [main] INFO  file.pruebas_iniciales.primera_prueba - da51f42ebfaa33781b5843be4c12931d064be1
2025-10-08 12:29:14.538 [main] INFO  file.pruebas_iniciales.primera_prueba - 3803158412c32fbfe19606dcf467488a7e05ea
2025-10-08 12:29:14.538 [main] INFO  file.pruebas_iniciales.primera_prueba - 3acd1ad981a4febc9cb0e3acd8a13189149495
2025-10-08 12:29:14.538 [main] INFO  file.pruebas_iniciales.primera_prueba - b1ed6f974e202be9d13f22a2c0cfccd32f4254
2025-10-08 12:29:14.538 [main] INFO  file.pruebas_iniciales.primera_prueba - cefababe81c7282a3b50ed4aad3ef85cc072b4
2025-10-08 12:29:14.538 [main] INFO  file.pruebas_iniciales.primera_prueba - 0415b69f317fff8ca59d1620d8981a6e88da78
2025-10-08 12:29:14.538 [main] INFO  file.pruebas_iniciales.primera_prueba - 1ff8ffc63f27fb55a17e4464e717868d535dae
2025-10-08 12:29:14.538 [main] INFO  file.pruebas_iniciales.primera_prueba - 390aebb9b2d286f65353fb957371260345f338
2025-10-08 12:29:14.538 [main] INFO  file.pruebas_iniciales.primera_prueba - 54a0d0eda4e218fca9294cf475d3d72880c33f
2025-10-08 12:29:14.538 [main] INFO  file.pruebas_iniciales.primera_prueba - 5f0f326e070af5b76a7e1398871245a2d8a96c
2025-10-08 12:29:14.539 [main] INFO  file.pruebas_iniciales.primera_prueba - 05e1e5581258fca9d937219115b7b46488c261
2025-10-08 12:29:14.539 [main] INFO  file.pruebas_iniciales.primera_prueba - 0a32f0d03296b05c1800c7d60087d6b8c1b8d5
2025-10-08 12:29:14.539 [main] INFO  file.pruebas_iniciales.primera_prueba - 32c666400318b1001c7bcf5e2888dc565dcc07
2025-10-08 12:29:14.539 [main] INFO  file.pruebas_iniciales.primera_prueba - 55d1ef9d04dbaf329792e7049cf38d04fe305b
2025-10-08 12:29:14.539 [main] INFO  file.pruebas_iniciales.primera_prueba - d45e8ebdd1cb721921ed6c1ca0fa548e32a445
2025-10-08 12:29:14.539 [main] INFO  file.pruebas_iniciales.primera_prueba - 5f54ec95553f54584742a85a13a167908449bb
2025-10-08 12:29:14.539 [main] INFO  file.pruebas_iniciales.primera_prueba - 88e079a3cfeccd437e2042f3a2959b904c9330
2025-10-08 12:29:14.540 [main] INFO  file.pruebas_iniciales.primera_prueba - 903c6b4de53e4d49e1c5ed6d6e31fe6baa9a58
2025-10-08 12:29:14.540 [main] INFO  file.pruebas_iniciales.primera_prueba - f022f138cf52d0ef64e733a232ac0eed13ebe4
2025-10-08 12:29:14.540 [main] INFO  file.pruebas_iniciales.primera_prueba - 19aed415277d979b0cb4fb8ae67af9e5c24fdc
2025-10-08 12:29:14.540 [main] INFO  file.pruebas_iniciales.primera_prueba - 7acd32c4e687021ef32db511e8a206129b88ec
2025-10-08 12:29:14.540 [main] INFO  file.pruebas_iniciales.primera_prueba - ae6f8637b35f7125cfd2fd8373dbe67ed7d975
2025-10-08 12:29:14.540 [main] INFO  file.pruebas_iniciales.primera_prueba - ccdc64701628564a942811a2ebdb03563fea03
2025-10-08 12:29:14.540 [main] INFO  file.pruebas_iniciales.primera_prueba - 1a2bedc5108e1ce05c5332e99f990e8c16c961
2025-10-08 12:29:14.541 [main] INFO  file.pruebas_iniciales.primera_prueba - 1adba9ef99abce71cb63004e9f521abda35dd1
2025-10-08 12:29:14.541 [main] INFO  file.pruebas_iniciales.primera_prueba - 1cdd3a50255b985cc9936cf21254fb72c7a98b
2025-10-08 12:29:14.541 [main] INFO  file.pruebas_iniciales.primera_prueba - 8fa4c7bb35cb251f9d7dcb54e4af5f8187cba1
2025-10-08 12:29:14.541 [main] INFO  file.pruebas_iniciales.primera_prueba - 976225f23e1a7a6254c69ffb20e68b2c28c6a5
2025-10-08 12:29:14.541 [main] INFO  file.pruebas_iniciales.primera_prueba - b549242c11a6141fd1e7c6d5fe8acd2073e17b
2025-10-08 12:29:14.541 [main] INFO  file.pruebas_iniciales.primera_prueba - fed8a67187e330eb46f19822d239731b7a89ca
2025-10-08 12:29:14.541 [main] INFO  file.pruebas_iniciales.primera_prueba - 17e928894cecf247fd980964e5e9f7fad16e4e
2025-10-08 12:29:14.541 [main] INFO  file.pruebas_iniciales.primera_prueba - 1d7fa7de2e5b93483a055a2e4b7a9d355920a2
2025-10-08 12:29:14.542 [main] INFO  file.pruebas_iniciales.primera_prueba - 48bd8c52fd30839e6d96bba37f223b345e32ed
2025-10-08 12:29:14.542 [main] INFO  file.pruebas_iniciales.primera_prueba - 50fe7f0cf97a9fa94a082f656c94cca6bed125
2025-10-08 12:29:14.542 [main] INFO  file.pruebas_iniciales.primera_prueba - 7f01c0b116c45324432642317a0dcb652b7ad8
2025-10-08 12:29:14.543 [main] INFO  file.pruebas_iniciales.primera_prueba - 0698763b7852ac06f540d20493b66030c69b68
2025-10-08 12:29:14.543 [main] INFO  file.pruebas_iniciales.primera_prueba - 6a8ae19cfed0b39e3c0781e9652f69d4de518f
2025-10-08 12:29:14.543 [main] INFO  file.pruebas_iniciales.primera_prueba - 7fcb5ae318d085833af9dbb517861f18fa6b7a
2025-10-08 12:29:14.543 [main] INFO  file.pruebas_iniciales.primera_prueba - fb1159498b90be3b5330652d70083c35b0b34c
2025-10-08 12:29:14.543 [main] INFO  file.pruebas_iniciales.primera_prueba - 39600e0266a75c68c94181a0bacc9f81337824
2025-10-08 12:29:14.543 [main] INFO  file.pruebas_iniciales.primera_prueba - 50af8612e8e84050a217a1466ef579223b82df
2025-10-08 12:29:14.543 [main] INFO  file.pruebas_iniciales.primera_prueba - 89e5a4f7a03287daabc311be0aa32f598a6307
2025-10-08 12:29:14.543 [main] INFO  file.pruebas_iniciales.primera_prueba - a77a0053be7630553c042a5fcae8cd358fa6b0
2025-10-08 12:29:14.543 [main] INFO  file.pruebas_iniciales.primera_prueba - b25ec6b3c6f88f56a82331af67927cf568f091
2025-10-08 12:29:14.543 [main] INFO  file.pruebas_iniciales.primera_prueba - c12cee504e58b57b963d7a1bc8d892aa3458ea
2025-10-08 12:29:14.543 [main] INFO  file.pruebas_iniciales.primera_prueba - ebe3d09f06ada122a71ad7e9f9055e46b16c71
2025-10-08 12:29:14.543 [main] INFO  file.pruebas_iniciales.primera_prueba - 0d738babad510e21ef982f6ab87ea02f11f8e2
2025-10-08 12:29:14.543 [main] INFO  file.pruebas_iniciales.primera_prueba - 1bf4c0c5f010ffda09ac898478513715c36c5d
2025-10-08 12:29:14.543 [main] INFO  file.pruebas_iniciales.primera_prueba - 259a1a2b5663c448ca79cc46be1985f7eb16a0
2025-10-08 12:29:14.544 [main] INFO  file.pruebas_iniciales.primera_prueba - 5fd8bcfd4460d7d44e31eb9f2021f26d5386e3
2025-10-08 12:29:14.544 [main] INFO  file.pruebas_iniciales.primera_prueba - 6666dd4b5e1530a78438bca919f6297a632b17
2025-10-08 12:29:14.544 [main] INFO  file.pruebas_iniciales.primera_prueba - adda7f4d53ceb8df74b1b3ebb4e3d905c6f997
2025-10-08 12:29:14.544 [main] INFO  file.pruebas_iniciales.primera_prueba - c65a7b2ea9826c8c4f51c26c08a2575b046628
2025-10-08 12:29:14.544 [main] INFO  file.pruebas_iniciales.primera_prueba - daa820d229191b26af339fae412cc12ba7fdff
2025-10-08 12:29:14.544 [main] INFO  file.pruebas_iniciales.primera_prueba - fea1f2ccca42eefb0ce3dbcf4e1aa695f52d7f
2025-10-08 12:29:14.544 [main] INFO  file.pruebas_iniciales.primera_prueba - 032ec51b9f97ba21eaa44772ff5d010dede379
2025-10-08 12:29:14.545 [main] INFO  file.pruebas_iniciales.primera_prueba - 033fe21c25c27bfcccafee0e3be7936765f662
2025-10-08 12:29:14.545 [main] INFO  file.pruebas_iniciales.primera_prueba - 660f1d80a1f5cde389ecce783051eb8f68223d
2025-10-08 12:29:14.545 [main] INFO  file.pruebas_iniciales.primera_prueba - 829f5e596d6c6ad5f1238953451e6219758f0f
2025-10-08 12:29:14.545 [main] INFO  file.pruebas_iniciales.primera_prueba - 82c9a90d5fbe4fce53acbc2b15e65cf4f72d17
2025-10-08 12:29:14.545 [main] INFO  file.pruebas_iniciales.primera_prueba - 8f92f8bf9f4f93a6417eb8e9b2eb629b28399d
2025-10-08 12:29:14.545 [main] INFO  file.pruebas_iniciales.primera_prueba - b15837ff56e2e6d20dd1fbfee4fe515106e1c5
2025-10-08 12:29:14.545 [main] INFO  file.pruebas_iniciales.primera_prueba - b2c6f01e4208af196bcfba7339a42756432100
2025-10-08 12:29:14.545 [main] INFO  file.pruebas_iniciales.primera_prueba - 159548cd09ff4d5685d4712e0e92a74428d8c9
2025-10-08 12:29:14.545 [main] INFO  file.pruebas_iniciales.primera_prueba - 73eee8bc8093693951b2d606e52795d3d257bc
2025-10-08 12:29:14.545 [main] INFO  file.pruebas_iniciales.primera_prueba - 8ea3913cd2a78f66cbf8d2b7ddad6757c6b93d
2025-10-08 12:29:14.545 [main] INFO  file.pruebas_iniciales.primera_prueba - 056c3f888528a5eb59263fb91d5e31b1013b77
2025-10-08 12:29:14.545 [main] INFO  file.pruebas_iniciales.primera_prueba - 8fde2ea2a8f47334476c11a733bdcd6336bdb4
2025-10-08 12:29:14.546 [main] INFO  file.pruebas_iniciales.primera_prueba - b0d7876bddd1af430ed20380e82474b9b867ae
2025-10-08 12:29:14.546 [main] INFO  file.pruebas_iniciales.primera_prueba - bff03dbbb3071a231f00ecb35b96d3bd40dc71
2025-10-08 12:29:14.546 [main] INFO  file.pruebas_iniciales.primera_prueba - e5cab72c1550d8dc398e3413eea91bee24db77
2025-10-08 12:29:14.546 [main] INFO  file.pruebas_iniciales.primera_prueba - e9de77aad7feae68d1a9dec548702cd8c130e8
2025-10-08 12:29:14.546 [main] INFO  file.pruebas_iniciales.primera_prueba - f3ab0a51b35ca4f320e2f842a7f7c10340817b
2025-10-08 12:29:14.546 [main] INFO  file.pruebas_iniciales.primera_prueba - 01dacd43ffc59e079755fefd84a9cc8c0ab560
2025-10-08 12:29:14.546 [main] INFO  file.pruebas_iniciales.primera_prueba - 2989b54bc53d1bca30428f0f2bcb5ff44fb9a5
2025-10-08 12:29:14.546 [main] INFO  file.pruebas_iniciales.primera_prueba - 8f0858bc32f3d7f44e3af8d684dc8d8f7b7a14
2025-10-08 12:29:14.547 [main] INFO  file.pruebas_iniciales.primera_prueba - 2687d7207bbeb77c2f6e5a42b9fd89a2853e48
2025-10-08 12:29:14.547 [main] INFO  file.pruebas_iniciales.primera_prueba - 2ca1a295f442e373e7c1bc80d932f11d158ec7
2025-10-08 12:29:14.547 [main] INFO  file.pruebas_iniciales.primera_prueba - ece931fe06d89d7311385581341c519c426fa2
2025-10-08 12:29:14.547 [main] INFO  file.pruebas_iniciales.primera_prueba - 0c1da368c3581b553642c3681dbf3c640ab331
2025-10-08 12:29:14.547 [main] INFO  file.pruebas_iniciales.primera_prueba - 2c2eb6058c95ed0f78d66d20e294cbf4a11cff
2025-10-08 12:29:14.547 [main] INFO  file.pruebas_iniciales.primera_prueba - 6e1ef22f911f3e27b68521135ebb196bce5ec4
2025-10-08 12:29:14.547 [main] INFO  file.pruebas_iniciales.primera_prueba - 82a279f89fd6f5d8c78f97ddd77593d8b6615c
2025-10-08 12:29:14.547 [main] INFO  file.pruebas_iniciales.primera_prueba - 95f23c496d4ba64fa5cedc5ab2efb905d7f3aa
2025-10-08 12:29:14.548 [main] INFO  file.pruebas_iniciales.primera_prueba - 9a6956b3acdc11f40ce2bb3f6efbd845cc243f
2025-10-08 12:29:14.548 [main] INFO  file.pruebas_iniciales.primera_prueba - cb539f7786285bb3c0f524c4e4e323ca46da1e
2025-10-08 12:29:14.548 [main] INFO  file.pruebas_iniciales.primera_prueba - 4ed44f71821b5752b94f0e26d60d4834406aed
2025-10-08 12:29:14.548 [main] INFO  file.pruebas_iniciales.primera_prueba - 2a0fa752a0efa9f2532b08acd2b155fd618463
2025-10-08 12:29:14.548 [main] INFO  file.pruebas_iniciales.primera_prueba - 50ce3ba4f5772f3c522cdd18436ca669834d8d
2025-10-08 12:29:14.548 [main] INFO  file.pruebas_iniciales.primera_prueba - 8234a1b4bf3ee70681b897441fdd3175a39251
2025-10-08 12:29:14.549 [main] INFO  file.pruebas_iniciales.primera_prueba - fa1fac02a7739c318a87356862701053d8310c
2025-10-08 12:29:14.549 [main] INFO  file.pruebas_iniciales.primera_prueba - 32c0bb12ba592991a92ec8e73596a7061e8574
2025-10-08 12:29:14.549 [main] INFO  file.pruebas_iniciales.primera_prueba - 42b51a099622dc991910e59be64b4d4fdcfbc6
2025-10-08 12:29:14.549 [main] INFO  file.pruebas_iniciales.primera_prueba - 73b33a0210d0ad97b59f19f88189c25bf3189e
2025-10-08 12:29:14.549 [main] INFO  file.pruebas_iniciales.primera_prueba - 881336636e09cea5a4239423c6ec67b012d36a
2025-10-08 12:29:14.549 [main] INFO  file.pruebas_iniciales.primera_prueba - 89aeca60534a6617e5c9ecbe29fff1096d44ac
2025-10-08 12:29:14.549 [main] INFO  file.pruebas_iniciales.primera_prueba - ae68ece99419fa863e2d19b348c1eada32bc73
2025-10-08 12:29:14.549 [main] INFO  file.pruebas_iniciales.primera_prueba - c8086617974647c46f6669add75f9cdaa198cf
2025-10-08 12:29:14.549 [main] INFO  file.pruebas_iniciales.primera_prueba - fde4663db8119bb1baa981d323e525146c1d49
2025-10-08 12:29:14.549 [main] INFO  file.pruebas_iniciales.primera_prueba - 0a01bb6f4ab5d478f6a5902d7edc6b21e883e8
2025-10-08 12:29:14.550 [main] INFO  file.pruebas_iniciales.primera_prueba - 18aaed4122a02d0ef57a7dd92bcadb815d757a
2025-10-08 12:29:14.550 [main] INFO  file.pruebas_iniciales.primera_prueba - 3a74b5010500c06e13c24672edddd8af99a367
2025-10-08 12:29:14.550 [main] INFO  file.pruebas_iniciales.primera_prueba - 3c519b08dc6b47835b61b5272b4e066bff3719
2025-10-08 12:29:14.550 [main] INFO  file.pruebas_iniciales.primera_prueba - 4698fec834a09773895e8201af317d1c825372
2025-10-08 12:29:14.550 [main] INFO  file.pruebas_iniciales.primera_prueba - 67576b105575bef76f53dcf416edded244daaa
2025-10-08 12:29:14.550 [main] INFO  file.pruebas_iniciales.primera_prueba - dd2d702cff64806e30563818a2d652d93e84c0
2025-10-08 12:29:14.550 [main] INFO  file.pruebas_iniciales.primera_prueba - 3180980316c70e818def19cf5fef0761018482
2025-10-08 12:29:14.550 [main] INFO  file.pruebas_iniciales.primera_prueba - 3e60a881a6495b69593a41a5dae529c09ddc09
2025-10-08 12:29:14.551 [main] INFO  file.pruebas_iniciales.primera_prueba - 932a435d1288b7fabbd85ff3cd5502da6cf158
2025-10-08 12:29:14.551 [main] INFO  file.pruebas_iniciales.primera_prueba - 87a7a0a99074932e0e7a2363bdc8f47debf547
2025-10-08 12:29:14.551 [main] INFO  file.pruebas_iniciales.primera_prueba - f97c8852c198c0519bee67f889d884d7c328ec
2025-10-08 12:29:14.551 [main] INFO  file.pruebas_iniciales.primera_prueba - 002f299dc0612a2f6a1a163da764be8c55e628
2025-10-08 12:29:14.551 [main] INFO  file.pruebas_iniciales.primera_prueba - 7a8784135a86574b76fd223cf3669f5dd63c29
2025-10-08 12:29:14.551 [main] INFO  file.pruebas_iniciales.primera_prueba - bc17823660a0bcddc10e363935a9c346932a18
2025-10-08 12:29:14.551 [main] INFO  file.pruebas_iniciales.primera_prueba - c0ee84da8945a826b3dda7ad2aeec716f12cc8
2025-10-08 12:29:14.551 [main] INFO  file.pruebas_iniciales.primera_prueba - 21f21de7f4a7bd8ae1cb294be660d0694748e7
2025-10-08 12:29:14.551 [main] INFO  file.pruebas_iniciales.primera_prueba - 2af8b605b5257b02edcba2d062cfb2f5809df3
2025-10-08 12:29:14.551 [main] INFO  file.pruebas_iniciales.primera_prueba - 3bf1e6ce0dfeca4c0de8d8d86deef6a8606cbd
2025-10-08 12:29:14.551 [main] INFO  file.pruebas_iniciales.primera_prueba - 7914d69d69cc27725896ded073a812601ce40a
2025-10-08 12:29:14.551 [main] INFO  file.pruebas_iniciales.primera_prueba - 8b798d8c790cfb066cc9778458480663aa027a
2025-10-08 12:29:14.551 [main] INFO  file.pruebas_iniciales.primera_prueba - 9beea2b3bf3f58686477c7af807cabc9766995
2025-10-08 12:29:14.551 [main] INFO  file.pruebas_iniciales.primera_prueba - d2c88fbd9b75eda6c3cbd1c6c17cdb83c79cc3
2025-10-08 12:29:14.551 [main] INFO  file.pruebas_iniciales.primera_prueba - d3305e469863b46620687c9761413692e488b1
2025-10-08 12:29:14.553 [main] INFO  file.pruebas_iniciales.primera_prueba - e2245c23cbf1e440b42a7bc9721ff73f0e3945
2025-10-08 12:29:14.553 [main] INFO  file.pruebas_iniciales.primera_prueba - 191960fd5e9b04d123ab6d47dd63a72e846688
2025-10-08 12:29:14.553 [main] INFO  file.pruebas_iniciales.primera_prueba - 444a75b5e8149ce6cd622670abc7e38d70eaa9
2025-10-08 12:29:14.553 [main] INFO  file.pruebas_iniciales.primera_prueba - 90bec5fd2b2b3057e735e81b734f9ca666fb1a
2025-10-08 12:29:14.553 [main] INFO  file.pruebas_iniciales.primera_prueba - 96b772b141730fdea42a0bfd93784eb25ec228
2025-10-08 12:29:14.553 [main] INFO  file.pruebas_iniciales.primera_prueba - cb955ba23571f6fefd57cecf5f67454210bbc8
2025-10-08 12:29:14.553 [main] INFO  file.pruebas_iniciales.primera_prueba - e844276a23695b5118ede532aaed3a6946ecda
2025-10-08 12:29:14.553 [main] INFO  file.pruebas_iniciales.primera_prueba - 0d192aa194b1b4abc0dd494d93c7940305f955
2025-10-08 12:29:14.553 [main] INFO  file.pruebas_iniciales.primera_prueba - 225e66c443725b189cb4b6a6fad4870d879ac4
2025-10-08 12:29:14.553 [main] INFO  file.pruebas_iniciales.primera_prueba - 61df3cfdc30641d2ff0ed99495ff1b6216ff0d
2025-10-08 12:29:14.554 [main] INFO  file.pruebas_iniciales.primera_prueba - 87a449539ac5f5c527e583a13b51531d607650
2025-10-08 12:29:14.554 [main] INFO  file.pruebas_iniciales.primera_prueba - ac83a9b699ecec8df460490bd8bce646d78cdf
2025-10-08 12:29:14.554 [main] INFO  file.pruebas_iniciales.primera_prueba - d33521af10bcc7fd8cea344038eaaeb78d0ef5
2025-10-08 12:29:14.554 [main] INFO  file.pruebas_iniciales.primera_prueba - 37cafd74951ce49dfbd6fbee6b03f95eca2870
2025-10-08 12:29:14.554 [main] INFO  file.pruebas_iniciales.primera_prueba - f042928042b6fc4750c62cca6982d633970d1b
2025-10-08 12:29:14.554 [main] INFO  file.pruebas_iniciales.primera_prueba - f98f7bf038115ea690bd678ad6412709d81257
2025-10-08 12:29:14.554 [main] INFO  file.pruebas_iniciales.primera_prueba - 08c5d2b2490378d0a3b75a246347a3f28fdf6e
2025-10-08 12:29:14.554 [main] INFO  file.pruebas_iniciales.primera_prueba - 253a7c0e0deb7fe57ca58fa921f406822583d0
2025-10-08 12:29:14.555 [main] INFO  file.pruebas_iniciales.primera_prueba - 3ce67e24186029c7d7fe1e7bcbe4984a005e5e
2025-10-08 12:29:14.555 [main] INFO  file.pruebas_iniciales.primera_prueba - 70b045d1ce30ac78d43725f236fc2dd96e4d9b
2025-10-08 12:29:14.555 [main] INFO  file.pruebas_iniciales.primera_prueba - cf8d1bd5042e53547bced0c78caba42238bd98
2025-10-08 12:29:14.555 [main] INFO  file.pruebas_iniciales.primera_prueba - d4b77f9f036a47549d47db79c16788749dca10
2025-10-08 12:29:14.555 [main] INFO  file.pruebas_iniciales.primera_prueba - 35cefdc644e8547f87de3cfd16fcc30bd3197f
2025-10-08 12:29:14.555 [main] INFO  file.pruebas_iniciales.primera_prueba - 7204eaf5cc45b5625b71d020e063dbad0a3859
2025-10-08 12:29:14.555 [main] INFO  file.pruebas_iniciales.primera_prueba - 8b472f0f29e491804ebc0d85cb2d49529ece53
2025-10-08 12:29:14.555 [main] INFO  file.pruebas_iniciales.primera_prueba - daf5309cf7afb824178ae56b7e51d0138f7a01
2025-10-08 12:29:14.556 [main] INFO  file.pruebas_iniciales.primera_prueba - 16a8d2918f81b6479074ac14c058cca2fcb3d9
2025-10-08 12:29:14.556 [main] INFO  file.pruebas_iniciales.primera_prueba - 2060fca318587858ffe0e26097d9bf16923005
2025-10-08 12:29:14.556 [main] INFO  file.pruebas_iniciales.primera_prueba - 88b3377972a7c5eedb78e83a5d4cfd4e5a8f31
2025-10-08 12:29:14.556 [main] INFO  file.pruebas_iniciales.primera_prueba - bfb0ad719cf6e4dad2fe7ad964f67f87432cb0
2025-10-08 12:29:14.556 [main] INFO  file.pruebas_iniciales.primera_prueba - c32228e95e96aaaa13a3474b0fb3a7ba592ae0
2025-10-08 12:29:14.556 [main] INFO  file.pruebas_iniciales.primera_prueba - 068d11462a4b96669193de13a711a3a36220a0
2025-10-08 12:29:14.556 [main] INFO  file.pruebas_iniciales.primera_prueba - 3a87f0555a31d561dfa7d506be28719d1febe5
2025-10-08 12:29:14.556 [main] INFO  file.pruebas_iniciales.primera_prueba - 60c21d642fb5980ba2c655686bb304eeb8c41e
2025-10-08 12:29:14.556 [main] INFO  file.pruebas_iniciales.primera_prueba - 778f4bec516a00e8246b2c0bbe1d69b27caf21
2025-10-08 12:29:14.557 [main] INFO  file.pruebas_iniciales.primera_prueba - 808eb58b80daa74c9f59fe5e38c69436673d42
2025-10-08 12:29:14.557 [main] INFO  file.pruebas_iniciales.primera_prueba - dd4caacdd0526e16ef7be47a08076f638b4a68
2025-10-08 12:29:14.557 [main] INFO  file.pruebas_iniciales.primera_prueba - 135c492c044a128cb6e1b3e560914cb9b3aa91
2025-10-08 12:29:14.557 [main] INFO  file.pruebas_iniciales.primera_prueba - 19795636131e7bd0d75bf4774c30b97e0caea5
2025-10-08 12:29:14.557 [main] INFO  file.pruebas_iniciales.primera_prueba - 2aaff02ae8fb38fc6b5d0abb807891edabc04a
2025-10-08 12:29:14.557 [main] INFO  file.pruebas_iniciales.primera_prueba - 3a6eca5a17911c0fc2200c524d5f50c4db049b
2025-10-08 12:29:14.557 [main] INFO  file.pruebas_iniciales.primera_prueba - 421b3fb4fa6e58d86dbb202b8520bcfff9213e
2025-10-08 12:29:14.557 [main] INFO  file.pruebas_iniciales.primera_prueba - 60084f49e29e05383c0710ecce770e4ce34ba0
2025-10-08 12:29:14.557 [main] INFO  file.pruebas_iniciales.primera_prueba - 63c0851048d8f7bff41ecf0f8cee05f52fd120
2025-10-08 12:29:14.557 [main] INFO  file.pruebas_iniciales.primera_prueba - d8e71fdb87df3741f4a4a27cc85cfed8708000
2025-10-08 12:29:14.557 [main] INFO  file.pruebas_iniciales.primera_prueba - 27ab654b1d2efaa2b0fdbb527297591b4040c8
2025-10-08 12:29:14.557 [main] INFO  file.pruebas_iniciales.primera_prueba - 7b66a8570887c35a95c91f9a5ff52f62860fe5
2025-10-08 12:29:14.557 [main] INFO  file.pruebas_iniciales.primera_prueba - a82ab5b167d9f1d6dec407ff94eb025af19aba
2025-10-08 12:29:14.558 [main] INFO  file.pruebas_iniciales.primera_prueba - 7561bc0ffcbcd9d797e197faa65bf9515fafa1
2025-10-08 12:29:14.558 [main] INFO  file.pruebas_iniciales.primera_prueba - 79b7e472a04437024e19e0f8b6eae3203574eb
2025-10-08 12:29:14.558 [main] INFO  file.pruebas_iniciales.primera_prueba - 876986317d93dcad99830c2f80aed142d525dc
2025-10-08 12:29:14.558 [main] INFO  file.pruebas_iniciales.primera_prueba - 87d4eb3981e2d790e1002ec3173a7ee21278e6
2025-10-08 12:29:14.558 [main] INFO  file.pruebas_iniciales.primera_prueba - 919f3ffc2f756bc0f664062baedee2ad788575
2025-10-08 12:29:14.558 [main] INFO  file.pruebas_iniciales.primera_prueba - 946d40aea311e81158b1e4d005be4aaf37d384
2025-10-08 12:29:14.558 [main] INFO  file.pruebas_iniciales.primera_prueba - 9b9469e1e8c02aa755275528dde4f8296b0746
2025-10-08 12:29:14.558 [main] INFO  file.pruebas_iniciales.primera_prueba - b1449e425dbae9f6d9e34e30f3bed5636c100f
2025-10-08 12:29:14.558 [main] INFO  file.pruebas_iniciales.primera_prueba - b77bb2f0407038873db693eebef3d33a15e8cd
2025-10-08 12:29:14.559 [main] INFO  file.pruebas_iniciales.primera_prueba - 081503fea4c4baebc23bead135dbd7ac05b606
2025-10-08 12:29:14.559 [main] INFO  file.pruebas_iniciales.primera_prueba - 4ee635781796dd14bb9fc563c7ab59668e4907
2025-10-08 12:29:14.559 [main] INFO  file.pruebas_iniciales.primera_prueba - 4fc0dc3ff04f8a8059d865283af2804392424a
2025-10-08 12:29:14.559 [main] INFO  file.pruebas_iniciales.primera_prueba - 5cc74c3a8577df9faafd82992b0c62e56352be
2025-10-08 12:29:14.559 [main] INFO  file.pruebas_iniciales.primera_prueba - 6331d86814a5355bf9db08fdc0c2526936d2d4
2025-10-08 12:29:14.559 [main] INFO  file.pruebas_iniciales.primera_prueba - 6c6f50035918a41a8730e53bdc644f99a6210c
2025-10-08 12:29:14.559 [main] INFO  file.pruebas_iniciales.primera_prueba - ac7a7e765386adf3dfb8fd02b006b2a5abbaca
2025-10-08 12:29:14.560 [main] INFO  file.pruebas_iniciales.primera_prueba - d931a57b8fe24f0f37d3386db1a7240527166a
2025-10-08 12:29:14.560 [main] INFO  file.pruebas_iniciales.primera_prueba - 40d03eac7808595e6eba1929f2e79d28037e12
2025-10-08 12:29:14.560 [main] INFO  file.pruebas_iniciales.primera_prueba - 6b2fe258736f5d1d6c951dfbd5c9a477aef27c
2025-10-08 12:29:14.560 [main] INFO  file.pruebas_iniciales.primera_prueba - 841ebf3674439d2ef6c5353f794c4a64ec1903
2025-10-08 12:29:14.560 [main] INFO  file.pruebas_iniciales.primera_prueba - 930f8b395b82d15692253d67264001ad0d8113
2025-10-08 12:29:14.561 [main] INFO  file.pruebas_iniciales.primera_prueba - 96ff77d46479f14f1b277fe83cc135ada63a89
2025-10-08 12:29:14.561 [main] INFO  file.pruebas_iniciales.primera_prueba - c09d3e8abc75420849abf9d044bc78676071ad
2025-10-08 12:29:14.561 [main] INFO  file.pruebas_iniciales.primera_prueba - c4acb15ed4018991a3e303d07c63d18ed5583c
2025-10-08 12:29:14.561 [main] INFO  file.pruebas_iniciales.primera_prueba - d904060ca831c1dbee2af36877e9262e76492a
2025-10-08 12:29:14.561 [main] INFO  file.pruebas_iniciales.primera_prueba - df02ce4be289e9202726c1adc49d4c3c0af9a2
2025-10-08 12:29:14.561 [main] INFO  file.pruebas_iniciales.primera_prueba - e7958168e812ce0e99e368e1d9f836533057e8
2025-10-08 12:29:14.561 [main] INFO  file.pruebas_iniciales.primera_prueba - 072b59fd7044d7faab523237587dac24654423
2025-10-08 12:29:14.561 [main] INFO  file.pruebas_iniciales.primera_prueba - 2d03d115e1feac66b917b291898e3116701c41
2025-10-08 12:29:14.561 [main] INFO  file.pruebas_iniciales.primera_prueba - 2f3f35c44815f70d5c5b19a43f7e932a64806a
2025-10-08 12:29:14.561 [main] INFO  file.pruebas_iniciales.primera_prueba - 9e65c13f4067e191e74e630ec238b3933116b5
2025-10-08 12:29:14.563 [main] INFO  file.pruebas_iniciales.primera_prueba - a0ab1f83859acbda0241ee802cea5ac404f0ef
2025-10-08 12:29:14.563 [main] INFO  file.pruebas_iniciales.primera_prueba - f1abefd15f6f367cd7c6114702cc319a39983d
2025-10-08 12:29:14.563 [main] INFO  file.pruebas_iniciales.primera_prueba - f998dc9b01eeb3623f8c1fa413d69998f59f39
2025-10-08 12:29:14.563 [main] INFO  file.pruebas_iniciales.primera_prueba - 22c237cd9df3ccd70b4b9e24c18e6d90d2c5c4
2025-10-08 12:29:14.563 [main] INFO  file.pruebas_iniciales.primera_prueba - a49ac84c004ea2889b55967b304818044ed4c1
2025-10-08 12:29:14.563 [main] INFO  file.pruebas_iniciales.primera_prueba - e3e9b49648931f0cffa7386a066f3eaf01447f
2025-10-08 12:29:14.563 [main] INFO  file.pruebas_iniciales.primera_prueba - 1095c375654596964e0aaca92929c352c313c8
2025-10-08 12:29:14.563 [main] INFO  file.pruebas_iniciales.primera_prueba - 129a1e7fe45ba995a456ec5b4a40bf6e3f671d
2025-10-08 12:29:14.563 [main] INFO  file.pruebas_iniciales.primera_prueba - 39ce3284972630cc3c828c324363b908a812b1
2025-10-08 12:29:14.563 [main] INFO  file.pruebas_iniciales.primera_prueba - 86bb5f51257cca6ad45b2df6ccba53f61184c7
2025-10-08 12:29:14.563 [main] INFO  file.pruebas_iniciales.primera_prueba - ef53f7ac70a70912df99b67c5e99a143214986
2025-10-08 12:29:14.564 [main] INFO  file.pruebas_iniciales.primera_prueba - 148dc27bc3fdff04a26128b5c97e5a992c43a9
2025-10-08 12:29:14.564 [main] INFO  file.pruebas_iniciales.primera_prueba - 2cca85312b5237557f3148b0504c8660266966
2025-10-08 12:29:14.564 [main] INFO  file.pruebas_iniciales.primera_prueba - 45f6ea0707b06a0e17783f924e411e9b6294be
2025-10-08 12:29:14.564 [main] INFO  file.pruebas_iniciales.primera_prueba - 789bccc9a2025cb4382c45be62ef2566240c1e
2025-10-08 12:29:14.564 [main] INFO  file.pruebas_iniciales.primera_prueba - 9c677dac9670f769ab26e1febef5e3b171bd12
2025-10-08 12:29:14.564 [main] INFO  file.pruebas_iniciales.primera_prueba - ca305ac461f12bd43d34c12d750f8e9fcb7727
2025-10-08 12:29:14.564 [main] INFO  file.pruebas_iniciales.primera_prueba - 0066a0fc0997510eab65720f1338ff88a5c192
2025-10-08 12:29:14.564 [main] INFO  file.pruebas_iniciales.primera_prueba - 0804ebc6ddd39dc77c0324c85407be4285efef
2025-10-08 12:29:14.564 [main] INFO  file.pruebas_iniciales.primera_prueba - 09823d2698cf349c2f4264d0b184a0abef8e54
2025-10-08 12:29:14.564 [main] INFO  file.pruebas_iniciales.primera_prueba - 0e2e25dc0a0ef6f6adb0cc2f445e517173caf5
2025-10-08 12:29:14.565 [main] INFO  file.pruebas_iniciales.primera_prueba - 3a50c4597fe778fe727edb294aa97a7ff362fa
2025-10-08 12:29:14.565 [main] INFO  file.pruebas_iniciales.primera_prueba - 3b1a0cc354cdead2fc840354a99f2c0034fa96
2025-10-08 12:29:14.565 [main] INFO  file.pruebas_iniciales.primera_prueba - 3cc975debf607b15c962f94583f26cdee1d227
2025-10-08 12:29:14.565 [main] INFO  file.pruebas_iniciales.primera_prueba - 562787fc544e6bccb4ab62f9f1983c6debe54c
2025-10-08 12:29:14.566 [main] INFO  file.pruebas_iniciales.primera_prueba - cb7f86868d11c5235d870f6c36f4ed9acb4c1c
2025-10-08 12:29:14.566 [main] INFO  file.pruebas_iniciales.primera_prueba - 0fd709e2f148c0e62ecbe8d505b1b487e65a28
2025-10-08 12:29:14.566 [main] INFO  file.pruebas_iniciales.primera_prueba - 6bc07b946f1a3d4d448a2349c0b39759da3d94
2025-10-08 12:29:14.566 [main] INFO  file.pruebas_iniciales.primera_prueba - 85f4a17a1b07e4e3a073a4fcc908d50605ba71
2025-10-08 12:29:14.566 [main] INFO  file.pruebas_iniciales.primera_prueba - e8031a27eb7fd6553a49d67ffb9d224cc6521b
2025-10-08 12:29:14.566 [main] INFO  file.pruebas_iniciales.primera_prueba - 5d8bcb06fdeb365245ead05fa89fd1a80a71d9
2025-10-08 12:29:14.566 [main] INFO  file.pruebas_iniciales.primera_prueba - 811341856621d68dc541637b729b87392598db
2025-10-08 12:29:14.566 [main] INFO  file.pruebas_iniciales.primera_prueba - bca178dc63bae2b440623d518bfe09cc61649d
2025-10-08 12:29:14.566 [main] INFO  file.pruebas_iniciales.primera_prueba - d27d2cf20e0d96ed216946a2c284cdef1d39fe
2025-10-08 12:29:14.566 [main] INFO  file.pruebas_iniciales.primera_prueba - eebe4452b530ef3d2d09c258a00892b351b60b
2025-10-08 12:29:14.566 [main] INFO  file.pruebas_iniciales.primera_prueba - 5a7276331d2e0ba20f8c8c1c038b95ab0a4c7f
2025-10-08 12:29:14.567 [main] INFO  file.pruebas_iniciales.primera_prueba - 5b037f4f212a23e861c75b76866efa91ebdbb5
2025-10-08 12:29:14.567 [main] INFO  file.pruebas_iniciales.primera_prueba - 62c41774ab50f6dd677a1cf88fbbdd0681cec8
2025-10-08 12:29:14.567 [main] INFO  file.pruebas_iniciales.primera_prueba - 9c93584cf79e7d5d3d363aab67d441e283adfc
2025-10-08 12:29:14.567 [main] INFO  file.pruebas_iniciales.primera_prueba - abb0d65258b367b1d62bff84c3a325a431bd31
2025-10-08 12:29:14.567 [main] INFO  file.pruebas_iniciales.primera_prueba - b4906e0ac585e818a74a904652c187284fc541
2025-10-08 12:29:14.567 [main] INFO  file.pruebas_iniciales.primera_prueba - c67c86b9f6907113fd5157c4cdd098ec429d5d
2025-10-08 12:29:14.567 [main] INFO  file.pruebas_iniciales.primera_prueba - cbc898b54d86fde68a9d12755566884f05eba1
2025-10-08 12:29:14.567 [main] INFO  file.pruebas_iniciales.primera_prueba - f07759e1ae0377e7eac0f28c93ca3f6b041e62
2025-10-08 12:29:14.567 [main] INFO  file.pruebas_iniciales.primera_prueba - f6d8a49e170215c21d46c1fc8e834292255da0
2025-10-08 12:29:14.567 [main] INFO  file.pruebas_iniciales.primera_prueba - 03c3c02c04a8ac7eff3af4cfe0c0894d0589f1
2025-10-08 12:29:14.567 [main] INFO  file.pruebas_iniciales.primera_prueba - 0ce5d48d912d84412ffd8789bf0762ce951610
2025-10-08 12:29:14.568 [main] INFO  file.pruebas_iniciales.primera_prueba - 84466b5bfa0921d93f7da4522b7f9d5ba77291
2025-10-08 12:29:14.568 [main] INFO  file.pruebas_iniciales.primera_prueba - b8b190bcb3c4b9a259445fd80b146d6f352f50
2025-10-08 12:29:14.568 [main] INFO  file.pruebas_iniciales.primera_prueba - c1103228f001be55563fc507a6c3043f747397
2025-10-08 12:29:14.568 [main] INFO  file.pruebas_iniciales.primera_prueba - f341b83c238d6aace6266479c7c5e72daff47b
2025-10-08 12:29:14.568 [main] INFO  file.pruebas_iniciales.primera_prueba - 10856198aeaf2f249bebf356eb72deb3e0dc71
2025-10-08 12:29:14.568 [main] INFO  file.pruebas_iniciales.primera_prueba - 362be97269c034841f3f5702e7368f79f49c50
2025-10-08 12:29:14.568 [main] INFO  file.pruebas_iniciales.primera_prueba - 3bcda74e13b1895bec0a642260f62aabeb1298
2025-10-08 12:29:14.568 [main] INFO  file.pruebas_iniciales.primera_prueba - 5f313b822a86c6f1f5d874e0ab00840a3f6963
2025-10-08 12:29:14.568 [main] INFO  file.pruebas_iniciales.primera_prueba - 72c94d2477302a85b6628ba5c09c2583c4f6af
2025-10-08 12:29:14.568 [main] INFO  file.pruebas_iniciales.primera_prueba - 9215afe5fa7910fe69079d13e6126cc0b72065
2025-10-08 12:29:14.569 [main] INFO  file.pruebas_iniciales.primera_prueba - 9babac923f4d151632e6c132f823d8af15b3bc
2025-10-08 12:29:14.569 [main] INFO  file.pruebas_iniciales.primera_prueba - 07b5681e2c53e5827b7fabfb4c9269409aafa6
2025-10-08 12:29:14.569 [main] INFO  file.pruebas_iniciales.primera_prueba - 2c34c72c445cec8c1ec44386cd059971802d8a
2025-10-08 12:29:14.569 [main] INFO  file.pruebas_iniciales.primera_prueba - 327aa7f057b15cc5bf38b0fb6f36027283d24a
2025-10-08 12:29:14.569 [main] INFO  file.pruebas_iniciales.primera_prueba - 39ad137b032984fbe15199744139d2f8a30b65
2025-10-08 12:29:14.569 [main] INFO  file.pruebas_iniciales.primera_prueba - 3f157c88e6de3ba5c74e76470791bae03e4062
2025-10-08 12:29:14.570 [main] INFO  file.pruebas_iniciales.primera_prueba - 9342d90a64514c8657263cce7b1eae64574ab4
2025-10-08 12:29:14.570 [main] INFO  file.pruebas_iniciales.primera_prueba - cffdcfb2494e21187ddbab743dd2d2e0dd9fcf
2025-10-08 12:29:14.570 [main] INFO  file.pruebas_iniciales.primera_prueba - dcc05e2d205f7488ba9ea84b1a83db0ba27281
2025-10-08 12:29:14.570 [main] INFO  file.pruebas_iniciales.primera_prueba - e1a3968d8b34c920ca224de40811509c6625ed
2025-10-08 12:29:14.570 [main] INFO  file.pruebas_iniciales.primera_prueba - e398e8f2856ff30f4c5dd9cf8cfd66b137fcc8
2025-10-08 12:29:14.570 [main] INFO  file.pruebas_iniciales.primera_prueba - 59e846d6c32200d49afbef35285566098c1ee6
2025-10-08 12:29:14.570 [main] INFO  file.pruebas_iniciales.primera_prueba - 7dcce202326b4f9fb2bade58eb12c8a7604973
2025-10-08 12:29:14.570 [main] INFO  file.pruebas_iniciales.primera_prueba - eb4776b3b3e6ddaf99d4f501c31ddf7a023740
2025-10-08 12:29:14.571 [main] INFO  file.pruebas_iniciales.primera_prueba - 0f22348b193a314341e52f97e90f4ff500bc50
2025-10-08 12:29:14.571 [main] INFO  file.pruebas_iniciales.primera_prueba - 150f2cd19c2137f0f880ad673b845b2162125d
2025-10-08 12:29:14.571 [main] INFO  file.pruebas_iniciales.primera_prueba - 196bb218059d1b33979aa811445d789dfec4ac
2025-10-08 12:29:14.571 [main] INFO  file.pruebas_iniciales.primera_prueba - 8ddeccd018ba81d2f021dec4e13398baf61707
2025-10-08 12:29:14.571 [main] INFO  file.pruebas_iniciales.primera_prueba - 9731fc7665a4907832d934dc9971c4d9ecfbd3
2025-10-08 12:29:14.571 [main] INFO  file.pruebas_iniciales.primera_prueba - cee9fd4f51aeeb92406f75ad2edcca9a2ece57
2025-10-08 12:29:14.571 [main] INFO  file.pruebas_iniciales.primera_prueba - f01d1582027135a211a02836dd19e67002a07b
2025-10-08 12:29:14.571 [main] INFO  file.pruebas_iniciales.primera_prueba - 487e3dd2e8637bf9a1c17c6e16969e7ccf3e68
2025-10-08 12:29:14.571 [main] INFO  file.pruebas_iniciales.primera_prueba - 6565474c73ac82137d85c3947944148a5201a8
2025-10-08 12:29:14.572 [main] INFO  file.pruebas_iniciales.primera_prueba - 7e8d12b35d8ba552db2e68342c16a607f64b9f
2025-10-08 12:29:14.572 [main] INFO  file.pruebas_iniciales.primera_prueba - 89b7bd0678adb684ec3d1f07a56a3f7887a22d
2025-10-08 12:29:14.572 [main] INFO  file.pruebas_iniciales.primera_prueba - 9707ccf7dc3c211a2d753524148871f7b83d82
2025-10-08 12:29:14.572 [main] INFO  file.pruebas_iniciales.primera_prueba - a85af7ad66c9c656a440abef8de3f2136da3da
2025-10-08 12:29:14.572 [main] INFO  file.pruebas_iniciales.primera_prueba - d143bec220a9415b7cf4ec7182114e74b09b0d
2025-10-08 12:29:14.572 [main] INFO  file.pruebas_iniciales.primera_prueba - e3ba4f3f8df25f105e38ea23e8636f3cb47e95
2025-10-08 12:29:14.573 [main] INFO  file.pruebas_iniciales.primera_prueba - 2d3831c40b502439dcf92d980307295699c127
2025-10-08 12:29:14.573 [main] INFO  file.pruebas_iniciales.primera_prueba - 3bf94df3f15f4642fa4768e921421231ea239b
2025-10-08 12:29:14.573 [main] INFO  file.pruebas_iniciales.primera_prueba - 81c5225b127819cfce2404db31a649f96461cd
2025-10-08 12:29:14.573 [main] INFO  file.pruebas_iniciales.primera_prueba - a0a603763e41c433581b078b76769738428ccd
2025-10-08 12:29:14.573 [main] INFO  file.pruebas_iniciales.primera_prueba - aa83d08a7207f76525e44ae002f57481fadc60
2025-10-08 12:29:14.573 [main] INFO  file.pruebas_iniciales.primera_prueba - 022c214b8c47a5d5f9774197529f763d5716a0
2025-10-08 12:29:14.573 [main] INFO  file.pruebas_iniciales.primera_prueba - 8687b169e6562c62592ed14d406a4384245776
2025-10-08 12:29:14.574 [main] INFO  file.pruebas_iniciales.primera_prueba - afabfd2abebf31384ca7797186a27a4b7dbee8
2025-10-08 12:29:14.574 [main] INFO  file.pruebas_iniciales.primera_prueba - c5276acd40ce763f730a72df33ba8fff044f84
2025-10-08 12:29:14.574 [main] INFO  file.pruebas_iniciales.primera_prueba - ec8ea87a0fee0f0b7cbf51836846cc1e90bf38
2025-10-08 12:29:14.574 [main] INFO  file.pruebas_iniciales.primera_prueba - 3f6b1f118b6a3aab2fb2be234aed38a2d182fe
2025-10-08 12:29:14.574 [main] INFO  file.pruebas_iniciales.primera_prueba - 87edc225e5dd29788b0c5e26f7c3dbd57a1e4a
2025-10-08 12:29:14.574 [main] INFO  file.pruebas_iniciales.primera_prueba - aad3426f1f423b9f06ae167ccc2e5472460503
2025-10-08 12:29:14.575 [main] INFO  file.pruebas_iniciales.primera_prueba - c812a98585d7087f94f44d3ffdf1f9c5d50d2c
2025-10-08 12:29:14.575 [main] INFO  file.pruebas_iniciales.primera_prueba - e97e40594b0c578d4094acdeb880e730c52b81
2025-10-08 12:29:14.575 [main] INFO  file.pruebas_iniciales.primera_prueba - 43f2a13a4cc2fc13fe5513a6fa30d918eab580
2025-10-08 12:29:14.575 [main] INFO  file.pruebas_iniciales.primera_prueba - 7933a2fd2f16ca5b12e820da97808ffcc6da66
2025-10-08 12:29:14.575 [main] INFO  file.pruebas_iniciales.primera_prueba - bef6e969d77a82423aea6dbffc22a0a3d98e45
2025-10-08 12:29:14.575 [main] INFO  file.pruebas_iniciales.primera_prueba - c1cdb821bb26677d592f1df3ecadc38ed98a1a
2025-10-08 12:29:14.575 [main] INFO  file.pruebas_iniciales.primera_prueba - f10b7a27f3bfdd22bcbb4fdab0406fe9b1e87c
2025-10-08 12:29:14.575 [main] INFO  file.pruebas_iniciales.primera_prueba - 15d65d48c6effd61b3cfb792371b58e7d683ff
2025-10-08 12:29:14.575 [main] INFO  file.pruebas_iniciales.primera_prueba - 6f555a7fc7552e8844a449336598cf70b7be46
2025-10-08 12:29:14.575 [main] INFO  file.pruebas_iniciales.primera_prueba - b5cae0bec58f2296cb9230e34cc7b41c6746cf
2025-10-08 12:29:14.575 [main] INFO  file.pruebas_iniciales.primera_prueba - c75aede6f7a91237100b24672197c6f4b423dc
2025-10-08 12:29:14.576 [main] INFO  file.pruebas_iniciales.primera_prueba - d0cf5f5ceedcec7d9b44d6ea9e13ef9ea148c0
2025-10-08 12:29:14.576 [main] INFO  file.pruebas_iniciales.primera_prueba - d1283ddbd8d14178c625dbdb47b171e5e3e5d2
2025-10-08 12:29:14.576 [main] INFO  file.pruebas_iniciales.primera_prueba - 0b8ef41721583d8c04c228a1f40ec20019e247
2025-10-08 12:29:14.576 [main] INFO  file.pruebas_iniciales.primera_prueba - 123c8a05f7c8ae0d069692786b4f3b1a0648d7
2025-10-08 12:29:14.576 [main] INFO  file.pruebas_iniciales.primera_prueba - 169ad5b9d42fe83a6a40b2542f46c890bb9dc0
2025-10-08 12:29:14.576 [main] INFO  file.pruebas_iniciales.primera_prueba - 2fcc86126552ee146bd0aef01169da40ef84fa
2025-10-08 12:29:14.576 [main] INFO  file.pruebas_iniciales.primera_prueba - 3d5f95dc8a43c8bb7b7621865d06d4a70856ed
2025-10-08 12:29:14.576 [main] INFO  file.pruebas_iniciales.primera_prueba - 5340388838520a3f1825def2adfd38a6e3cb91
2025-10-08 12:29:14.576 [main] INFO  file.pruebas_iniciales.primera_prueba - 580fb8f820d269031534af4743e7cbce94c9b0
2025-10-08 12:29:14.576 [main] INFO  file.pruebas_iniciales.primera_prueba - 8c71c8ef864bb3e26d87f26e7d32c5f8a69ab1
2025-10-08 12:29:14.576 [main] INFO  file.pruebas_iniciales.primera_prueba - a7eab38587871c8735b9208a4ba0ab48b760b8
2025-10-08 12:29:14.576 [main] INFO  file.pruebas_iniciales.primera_prueba - cc08fd579a096ccdfd676170674c101e1ce63a
2025-10-08 12:29:14.576 [main] INFO  file.pruebas_iniciales.primera_prueba - 17b8788a78d791b6616aeb7accd62c011784c9
2025-10-08 12:29:14.577 [main] INFO  file.pruebas_iniciales.primera_prueba - 21c67d80fb20a1b80ee8f5730dbe4bc453b3e1
2025-10-08 12:29:14.577 [main] INFO  file.pruebas_iniciales.primera_prueba - 368b84b01232124efe0dec3cdc2cb027f5b06a
2025-10-08 12:29:14.577 [main] INFO  file.pruebas_iniciales.primera_prueba - 40e2b792939eb7bc1387c5e66f61de4cae9e19
2025-10-08 12:29:14.577 [main] INFO  file.pruebas_iniciales.primera_prueba - 45c012b9a421b27a3d6dca4038986108f6e214
2025-10-08 12:29:14.577 [main] INFO  file.pruebas_iniciales.primera_prueba - 4cc6eb23feefc2298f692f67c99492cba98c40
2025-10-08 12:29:14.577 [main] INFO  file.pruebas_iniciales.primera_prueba - 840a486ecf4e41090b9ef0311d263bb4877195
2025-10-08 12:29:14.577 [main] INFO  file.pruebas_iniciales.primera_prueba - a9d15d8c50af992f94a336797cdc1c91d5e06d
2025-10-08 12:29:14.577 [main] INFO  file.pruebas_iniciales.primera_prueba - b2bcc84e29667b40230be7445d7f5f66fc9bfd
2025-10-08 12:29:14.577 [main] INFO  file.pruebas_iniciales.primera_prueba - 1bb434814107eb79d7a30b676d344b0df2f8ce
2025-10-08 12:29:14.578 [main] INFO  file.pruebas_iniciales.primera_prueba - 9ffd1606fcfc966a7ab43fb8ec15b7f4b0db43
2025-10-08 12:29:14.578 [main] INFO  file.pruebas_iniciales.primera_prueba - a633e513c1c48153d435875c664bf95109ff4d
2025-10-08 12:29:14.578 [main] INFO  file.pruebas_iniciales.primera_prueba - ff0ecaaf902beec30a53325124d78022d1d4e2
2025-10-08 12:29:14.578 [main] INFO  file.pruebas_iniciales.primera_prueba - 30fce99bbffe37b774f3bb59eb0c77d4282d8e
2025-10-08 12:29:14.578 [main] INFO  file.pruebas_iniciales.primera_prueba - 3fbcdebee4dbbf0c666c7244305d9861ea2e1b
2025-10-08 12:29:14.579 [main] INFO  file.pruebas_iniciales.primera_prueba - f802efab95f14df96c113b9b89ebab9751c02f
2025-10-08 12:29:14.579 [main] INFO  file.pruebas_iniciales.primera_prueba - 3440270673d4519b73ee4385d02ae5a3d6f403
2025-10-08 12:29:14.579 [main] INFO  file.pruebas_iniciales.primera_prueba - 53bee8cb948a6e677a1a320d0ecfbe26d4062e
2025-10-08 12:29:14.579 [main] INFO  file.pruebas_iniciales.primera_prueba - 5b97ee5f8d06dabaa12b450a3ead3782d87e06
2025-10-08 12:29:14.579 [main] INFO  file.pruebas_iniciales.primera_prueba - 6a04521383711b8479c4c20b05bd97d0443038
2025-10-08 12:29:14.579 [main] INFO  file.pruebas_iniciales.primera_prueba - 86298f3b83ff81bd3b43c2dd16ca0fefe8a13a
2025-10-08 12:29:14.579 [main] INFO  file.pruebas_iniciales.primera_prueba - 8ba7e4f60bdf8460f9029eaac2a967391bbb0b
2025-10-08 12:29:14.579 [main] INFO  file.pruebas_iniciales.primera_prueba - 923f51eb7fdfbcd0533e72f8fc23ffd6ab89d8
2025-10-08 12:29:14.579 [main] INFO  file.pruebas_iniciales.primera_prueba - af7ae0cc4627392dd97196983803c4d9dd016b
2025-10-08 12:29:14.579 [main] INFO  file.pruebas_iniciales.primera_prueba - cb4c8d5c47996e9884098a6890c39122102268
2025-10-08 12:29:14.580 [main] INFO  file.pruebas_iniciales.primera_prueba - ea37a158356bc44dbfda3f32a849dd2de549b1
2025-10-08 12:29:14.580 [main] INFO  file.pruebas_iniciales.primera_prueba - ff9ef5c245109892cb69b6b9f03b4e7dc1783d
2025-10-08 12:29:14.580 [main] INFO  file.pruebas_iniciales.primera_prueba - a7060de7c7aa593bd9af8025dec260eacfbc0f
2025-10-08 12:29:14.580 [main] INFO  file.pruebas_iniciales.primera_prueba - 34b4f806f13bfff0847edda290ecdb28a0de19
2025-10-08 12:29:14.580 [main] INFO  file.pruebas_iniciales.primera_prueba - 42c155b44a9dea678ba0fb40e4a00497e76c3b
2025-10-08 12:29:14.580 [main] INFO  file.pruebas_iniciales.primera_prueba - 59f664e90e46aead9efbaa068ff151f37f586b
2025-10-08 12:29:14.580 [main] INFO  file.pruebas_iniciales.primera_prueba - d0b110762ff3724b9857310ed1af5a474e493e
2025-10-08 12:29:14.580 [main] INFO  file.pruebas_iniciales.primera_prueba - 156105a87916787d203ecc5a711c7cdd3fa5d9
2025-10-08 12:29:14.580 [main] INFO  file.pruebas_iniciales.primera_prueba - 5e39d253ccecd59322033414f6cfa8aff8b8ae
2025-10-08 12:29:14.580 [main] INFO  file.pruebas_iniciales.primera_prueba - 7d1311f76234a6b4a4f303062fa51f10156f1f
2025-10-08 12:29:14.580 [main] INFO  file.pruebas_iniciales.primera_prueba - 862b12da9ba4c5a6366183456e1ca7bbb74ffc
2025-10-08 12:29:14.581 [main] INFO  file.pruebas_iniciales.primera_prueba - f925582478cf0d469c4cff9a4bb50859f3230a
2025-10-08 12:29:14.581 [main] INFO  file.pruebas_iniciales.primera_prueba - 13c37554150a1099b1c0a2bf8161c4512b46cb
2025-10-08 12:29:14.581 [main] INFO  file.pruebas_iniciales.primera_prueba - 679d8ba8ed1263e2ef9036995314ac34ef7923
2025-10-08 12:29:14.581 [main] INFO  file.pruebas_iniciales.primera_prueba - c76b744a43c4b81ea30404aa7a60e6dac51591
2025-10-08 12:29:14.581 [main] INFO  file.pruebas_iniciales.primera_prueba - de96d8a736cfe174a58c9552b6fe11ca7889b9
2025-10-08 12:29:14.581 [main] INFO  file.pruebas_iniciales.primera_prueba - e749d0be327c13f7af0a13bf55235f356bf471
2025-10-08 12:29:14.581 [main] INFO  file.pruebas_iniciales.primera_prueba - 0d41c761f120604def49ddd03e3513b231da71
2025-10-08 12:29:14.581 [main] INFO  file.pruebas_iniciales.primera_prueba - 0f1d64e58ba64d180ce43ee13bf9a17835fbca
2025-10-08 12:29:14.581 [main] INFO  file.pruebas_iniciales.primera_prueba - 491dcdccc8dbd1877e40211b3987fbc21ee49d
2025-10-08 12:29:14.582 [main] INFO  file.pruebas_iniciales.primera_prueba - 906e0c811fc9e230eb44819f509cd0627f2600
2025-10-08 12:29:14.582 [main] INFO  file.pruebas_iniciales.primera_prueba - ab94b7113a5309179fdb4b87d37fbf68e20ffb
2025-10-08 12:29:14.582 [main] INFO  file.pruebas_iniciales.primera_prueba - ed9e47fabd05bee1f5d8c16b0585ae5dba78b3
2025-10-08 12:29:14.582 [main] INFO  file.pruebas_iniciales.primera_prueba - fdce2c19d1e8381fe283d37889104548a2a16d
2025-10-08 12:29:14.582 [main] INFO  file.pruebas_iniciales.primera_prueba - 3250eb25f782271781724afecf625f48a3bb6d
2025-10-08 12:29:14.582 [main] INFO  file.pruebas_iniciales.primera_prueba - 3388f7a93a21c7c62805e56a6d4b559c416571
2025-10-08 12:29:14.582 [main] INFO  file.pruebas_iniciales.primera_prueba - 5c33a2859dc0137d6786d10ef9364151f173d6
2025-10-08 12:29:14.582 [main] INFO  file.pruebas_iniciales.primera_prueba - 760ac68cf9bdb1480e10dcb90ff6cc258e83e2
2025-10-08 12:29:14.582 [main] INFO  file.pruebas_iniciales.primera_prueba - c41662f3800d051431bb977a5982ab075fbced
2025-10-08 12:29:14.582 [main] INFO  file.pruebas_iniciales.primera_prueba - d76324b971951adc07f9906024cffa565077fe
2025-10-08 12:29:14.582 [main] INFO  file.pruebas_iniciales.primera_prueba - f1edb316c52c4db0e3fb860e536f1f790ddc37
2025-10-08 12:29:14.582 [main] INFO  file.pruebas_iniciales.primera_prueba - 14d1692e8394d608e04ccc219c0f15a45ccdda
2025-10-08 12:29:14.583 [main] INFO  file.pruebas_iniciales.primera_prueba - 2b4dcc70649a58f7dac167334192fa63d9abc8
2025-10-08 12:29:14.583 [main] INFO  file.pruebas_iniciales.primera_prueba - 32e5ecfe521fc4de527594d23a08a03b8bc29f
2025-10-08 12:29:14.583 [main] INFO  file.pruebas_iniciales.primera_prueba - 5472fbf9d778b0bfc6130a17ae692af305cc32
2025-10-08 12:29:14.583 [main] INFO  file.pruebas_iniciales.primera_prueba - 6abe05699b4a4d708524ba0d8a6ebbd734ec1a
2025-10-08 12:29:14.583 [main] INFO  file.pruebas_iniciales.primera_prueba - e18ba22504d3870a0dec83f0a2bd521e6cc2f6
2025-10-08 12:29:14.583 [main] INFO  file.pruebas_iniciales.primera_prueba - 03d2592deac461f90d14181c7f253b56c69db1
2025-10-08 12:29:14.583 [main] INFO  file.pruebas_iniciales.primera_prueba - 0d67170112bd06160fc4de54bfd84bf41fe21e
2025-10-08 12:29:14.583 [main] INFO  file.pruebas_iniciales.primera_prueba - 6fc11fad87130d705b28cb860c0166232a7bec
2025-10-08 12:29:14.583 [main] INFO  file.pruebas_iniciales.primera_prueba - d268ce10cf5ed54a759d209df6c89be41fe371
2025-10-08 12:29:14.583 [main] INFO  file.pruebas_iniciales.primera_prueba - fe16f0ede20912e0f40fae26d2d049868f0f52
2025-10-08 12:29:14.584 [main] INFO  file.pruebas_iniciales.primera_prueba - b4ea2fa475d4f70b8175d5610a7227b19df606
2025-10-08 12:29:14.584 [main] INFO  file.pruebas_iniciales.primera_prueba - da5fc10d5058dc61da3561a0113c69316bf2a1
2025-10-08 12:29:14.584 [main] INFO  file.pruebas_iniciales.primera_prueba - 0c6431293b16edf0889446e9f2b884cc5a3feb
2025-10-08 12:29:14.584 [main] INFO  file.pruebas_iniciales.primera_prueba - 67db03e9723c4d438576cfd2b6065d8d0220eb
2025-10-08 12:29:14.584 [main] INFO  file.pruebas_iniciales.primera_prueba - 77148357172098e57cae70e9b05f527dad6a90
2025-10-08 12:29:14.584 [main] INFO  file.pruebas_iniciales.primera_prueba - 7e2d8db794c466109467c0c0f20bfd9be70630
2025-10-08 12:29:14.584 [main] INFO  file.pruebas_iniciales.primera_prueba - 8f537f99b75fabea54b175d7d1b39cd5b802fa
2025-10-08 12:29:14.584 [main] INFO  file.pruebas_iniciales.primera_prueba - cdc57ac2285d92cca56bfcb57659c5e4e74e70
2025-10-08 12:29:14.585 [main] INFO  file.pruebas_iniciales.primera_prueba - d6ff9f3c366428c6591f45d10c864a5776bda5
2025-10-08 12:29:14.585 [main] INFO  file.pruebas_iniciales.primera_prueba - e7cac69d249bd5856e1bb22dce49d6c0111550
2025-10-08 12:29:14.585 [main] INFO  file.pruebas_iniciales.primera_prueba - f0c2c8fb1f2720eb276eef37b8a4f2f8086175
2025-10-08 12:29:14.585 [main] INFO  file.pruebas_iniciales.primera_prueba - f1f9fade4cb2cacc2ab599b9172a44b4373baf
2025-10-08 12:29:14.585 [main] INFO  file.pruebas_iniciales.primera_prueba - 81b446b5ca89c91671fdb9f7e2ddff4215de67
2025-10-08 12:29:14.585 [main] INFO  file.pruebas_iniciales.primera_prueba - 9e6018de74dc0c6cb2ac4816cdb9e8593b865d
2025-10-08 12:29:14.585 [main] INFO  file.pruebas_iniciales.primera_prueba - a17a79083eb74f8e162f9f6a4649b0f8e5d63a
2025-10-08 12:29:14.585 [main] INFO  file.pruebas_iniciales.primera_prueba - b84257abb554933abe0803f1e5246f5b5ac442
2025-10-08 12:29:14.585 [main] INFO  file.pruebas_iniciales.primera_prueba - c83f97c93aebeace1721363de90a3ca1dece74
2025-10-08 12:29:14.586 [main] INFO  file.pruebas_iniciales.primera_prueba - 013d87a5ecd7516efb2bae64486f9163cc54e6
2025-10-08 12:29:14.586 [main] INFO  file.pruebas_iniciales.primera_prueba - 179c838b80d790d9d6e57fd92c469b423aa9f3
2025-10-08 12:29:14.586 [main] INFO  file.pruebas_iniciales.primera_prueba - 3691c1f66e635b70c65b9540f20207378b5392
2025-10-08 12:29:14.586 [main] INFO  file.pruebas_iniciales.primera_prueba - 8170afd4930730901ecb84fee511b77fc3f4ff
2025-10-08 12:29:14.586 [main] INFO  file.pruebas_iniciales.primera_prueba - c78ee36d9f1576a4f725e82196b724d8aaca54
2025-10-08 12:29:14.586 [main] INFO  file.pruebas_iniciales.primera_prueba - cb1ec779d10e451bdbd044e7c0100db43090d4
2025-10-08 12:29:14.586 [main] INFO  file.pruebas_iniciales.primera_prueba - 028cfd99eb2d40c900628960db42478de13bfa
2025-10-08 12:29:14.586 [main] INFO  file.pruebas_iniciales.primera_prueba - 422c8370b21952d07b7750d5cc83fb2deb1ca0
2025-10-08 12:29:14.587 [main] INFO  file.pruebas_iniciales.primera_prueba - 763bf6f09c623a482a2d8591fd79bc2baae5ff
2025-10-08 12:29:14.587 [main] INFO  file.pruebas_iniciales.primera_prueba - 7f030735a9a8894f58090a195b603e104df474
2025-10-08 12:29:14.587 [main] INFO  file.pruebas_iniciales.primera_prueba - 8433c443a3f75c99669da17ff75b1f43b56db1
2025-10-08 12:29:14.587 [main] INFO  file.pruebas_iniciales.primera_prueba - de986ca7fa608885e2c559d77b73b56b043b3e
2025-10-08 12:29:14.587 [main] INFO  file.pruebas_iniciales.primera_prueba - 0200456899f293b6647e2dd2e8a9045e5eeffa
2025-10-08 12:29:14.587 [main] INFO  file.pruebas_iniciales.primera_prueba - 07ccdf95a4a1a439a6cc590b4667adb3462704
2025-10-08 12:29:14.587 [main] INFO  file.pruebas_iniciales.primera_prueba - 352c0c83e5f431e4861eba9c186a03e6889607
2025-10-08 12:29:14.587 [main] INFO  file.pruebas_iniciales.primera_prueba - 7679c765c0b7cb591f1bcf409a1b039afd3aef
2025-10-08 12:29:14.587 [main] INFO  file.pruebas_iniciales.primera_prueba - a6f2663ac06e6102876c0abc7374a5bb67327c
2025-10-08 12:29:14.587 [main] INFO  file.pruebas_iniciales.primera_prueba - b5f6f614077e7e7d6fb980c4720dc90fb9d5cb
2025-10-08 12:29:14.587 [main] INFO  file.pruebas_iniciales.primera_prueba - 38d3cccaf36f52ba919327f2562e7fbb93ab2d
2025-10-08 12:29:14.587 [main] INFO  file.pruebas_iniciales.primera_prueba - 3f4708db84ac8fd0f5cc47c634f38c013fe9e4
2025-10-08 12:29:14.587 [main] INFO  file.pruebas_iniciales.primera_prueba - a6fdc4ca3201c5efea6cf0aaef521e9b901b2d
2025-10-08 12:29:14.588 [main] INFO  file.pruebas_iniciales.primera_prueba - c41c8a644a200f13566f039398ce71fb7e0e07
2025-10-08 12:29:14.588 [main] INFO  file.pruebas_iniciales.primera_prueba - 143c4777bb30d9fee9f7be1062249381822c4d
2025-10-08 12:29:14.588 [main] INFO  file.pruebas_iniciales.primera_prueba - 4ca9cece4fbff603e4cb25be3888f435d5a365
2025-10-08 12:29:14.588 [main] INFO  file.pruebas_iniciales.primera_prueba - 63374dce4db841a863548cca07090e3889e9cf
2025-10-08 12:29:14.588 [main] INFO  file.pruebas_iniciales.primera_prueba - 908f5856ac60773cb105c029b59dafac06db53
2025-10-08 12:29:14.588 [main] INFO  file.pruebas_iniciales.primera_prueba - ada260596e077468db1cd66433ea48a5e6e664
2025-10-08 12:29:14.588 [main] INFO  file.pruebas_iniciales.primera_prueba - b2c6cb58678dd0fdc3171f194ac68c479f76d5
2025-10-08 12:29:14.588 [main] INFO  file.pruebas_iniciales.primera_prueba - d7fba58fad75325dde382418b446547907d541
2025-10-08 12:29:14.589 [main] INFO  file.pruebas_iniciales.primera_prueba - 2891e20ac7f01b2957dffc684625c5f45383fb
2025-10-08 12:29:14.589 [main] INFO  file.pruebas_iniciales.primera_prueba - b0d8f4cf2924c299794d0c68bbd990d9821c55
2025-10-08 12:29:14.589 [main] INFO  file.pruebas_iniciales.primera_prueba - cfb67b24e049989359d739056ef08649e4b497
2025-10-08 12:29:14.589 [main] INFO  file.pruebas_iniciales.primera_prueba - 2463fe809fd31ed0db743c6693415e04801eb3
2025-10-08 12:29:14.589 [main] INFO  file.pruebas_iniciales.primera_prueba - 2ba2a154fb7555f1bcc2357effdfb4cb6a3272
2025-10-08 12:29:14.589 [main] INFO  file.pruebas_iniciales.primera_prueba - 39334150521284d19adea968643dda65da3bbb
2025-10-08 12:29:14.589 [main] INFO  file.pruebas_iniciales.primera_prueba - 39b44ef15a5fafffdd698e536cafaf72513988
2025-10-08 12:29:14.589 [main] INFO  file.pruebas_iniciales.primera_prueba - a0b7769013920648b17f3f51ba3e88139fdf0e
2025-10-08 12:29:14.589 [main] INFO  file.pruebas_iniciales.primera_prueba - 3740d366ee3eacbdad995409a6213cd7b7cacc
2025-10-08 12:29:14.589 [main] INFO  file.pruebas_iniciales.primera_prueba - 8d14b955341c65f57ff6bdfdbae3d8cee9b894
2025-10-08 12:29:14.590 [main] INFO  file.pruebas_iniciales.primera_prueba - b325bd9c7b891e143aed49efa0dbbe0a6029f1
2025-10-08 12:29:14.590 [main] INFO  file.pruebas_iniciales.primera_prueba - c1a584e272bc1a83c4eda08fad1a4572d1d5d0
2025-10-08 12:29:14.590 [main] INFO  file.pruebas_iniciales.primera_prueba - c93c88f5ca3e55a1ab38e0fd5f270e05696c0d
2025-10-08 12:29:14.590 [main] INFO  file.pruebas_iniciales.primera_prueba - 0750bfacd1c423785ca4339dae955e35db9164
2025-10-08 12:29:14.590 [main] INFO  file.pruebas_iniciales.primera_prueba - d587c1d059b519c66ff64bde13f2fb584832c4
2025-10-08 12:29:14.590 [main] INFO  file.pruebas_iniciales.primera_prueba - ec97358cf550862fd343fc9a73c159d4c0ab10
2025-10-08 12:29:14.590 [main] INFO  file.pruebas_iniciales.primera_prueba - 00092f4e3ba5baa7bd4b5e324e577e9ba1ea97
2025-10-08 12:29:14.590 [main] INFO  file.pruebas_iniciales.primera_prueba - 08408e9627f0cb9047f05ef012ad23e9b783c5
2025-10-08 12:29:14.590 [main] INFO  file.pruebas_iniciales.primera_prueba - 17cb95d44beb6a5db302f26b6d34504a5bde50
2025-10-08 12:29:14.590 [main] INFO  file.pruebas_iniciales.primera_prueba - 354123ac4334fd94febc9feae5bb519ef9de45
2025-10-08 12:29:14.591 [main] INFO  file.pruebas_iniciales.primera_prueba - 4cfa7944eb3454ed539d2ee51ebd9c03779b9e
2025-10-08 12:29:14.591 [main] INFO  file.pruebas_iniciales.primera_prueba - 6d03211902764b6092a29d2b08b2bfea80f654
2025-10-08 12:29:14.591 [main] INFO  file.pruebas_iniciales.primera_prueba - 706009c81bea86615fb6d1f7710ea01292300b
2025-10-08 12:29:14.591 [main] INFO  file.pruebas_iniciales.primera_prueba - cfe915cbcbd5344e2c5090c17719a3d9fd549c
2025-10-08 12:29:14.591 [main] INFO  file.pruebas_iniciales.primera_prueba - 261256b10baf82c370e87adc831780a0a14bb4
2025-10-08 12:29:14.591 [main] INFO  file.pruebas_iniciales.primera_prueba - 83981f6442db9c19003d5bf05cc5f15ac28122
2025-10-08 12:29:14.591 [main] INFO  file.pruebas_iniciales.primera_prueba - 877944ad10d2e8b4fd5983f3aad12fd0c45d25
2025-10-08 12:29:14.591 [main] INFO  file.pruebas_iniciales.primera_prueba - b543a441b58453520979030b9ab88bad739fb7
2025-10-08 12:29:14.591 [main] INFO  file.pruebas_iniciales.primera_prueba - c0478ac574fdc5a75302b187b4fef3e93ec40d
2025-10-08 12:29:14.591 [main] INFO  file.pruebas_iniciales.primera_prueba - 05fd741c0328b1636654113370a23a1fe8686a
2025-10-08 12:29:14.591 [main] INFO  file.pruebas_iniciales.primera_prueba - 3a75db029cc8f73dca1399d4bab9cdbade064f
2025-10-08 12:29:14.591 [main] INFO  file.pruebas_iniciales.primera_prueba - a8a1b970417a926c0b38a3dc7c804974c9f5d6
2025-10-08 12:29:14.591 [main] INFO  file.pruebas_iniciales.primera_prueba - bd5c42dad8131e1c79ec8319d676eb3807cddb
2025-10-08 12:29:14.592 [main] INFO  file.pruebas_iniciales.primera_prueba - e5885ef5ef844a48fae8aa968a4da6ed5e86b9
2025-10-08 12:29:14.592 [main] INFO  file.pruebas_iniciales.primera_prueba - 0636b7036e560d1a1ff80d24704c6c1e1b2dee
2025-10-08 12:29:14.592 [main] INFO  file.pruebas_iniciales.primera_prueba - 20e40db2347222cfe7a95424059c7082f0e03c
2025-10-08 12:29:14.592 [main] INFO  file.pruebas_iniciales.primera_prueba - 2abaf1b9dc8692d78b3e5c3ed9451209567187
2025-10-08 12:29:14.592 [main] INFO  file.pruebas_iniciales.primera_prueba - 72051a2156baad8e13e80cb18867c14e634645
2025-10-08 12:29:14.592 [main] INFO  file.pruebas_iniciales.primera_prueba - 8c932a8f640c33884e5869b606a20127d1995e
2025-10-08 12:29:14.592 [main] INFO  file.pruebas_iniciales.primera_prueba - 9b6dcfa52ac1170b94304d444db468a29d47ba
2025-10-08 12:29:14.592 [main] INFO  file.pruebas_iniciales.primera_prueba - a08986c3110646964f6eb6a115b903165c408d
2025-10-08 12:29:14.592 [main] INFO  file.pruebas_iniciales.primera_prueba - b611da081676d42f6c3f78a2c91e7bcedddedb
2025-10-08 12:29:14.593 [main] INFO  file.pruebas_iniciales.primera_prueba - 0c81b5d5d022909abeceb7406fa786c299ba68
2025-10-08 12:29:14.593 [main] INFO  file.pruebas_iniciales.primera_prueba - 1d96b6741ce22fea6f34ffb22e371f3c59fcf4
2025-10-08 12:29:14.593 [main] INFO  file.pruebas_iniciales.primera_prueba - 8dc03d9fbb1406f015624c6341f22dedbb8766
2025-10-08 12:29:14.593 [main] INFO  file.pruebas_iniciales.primera_prueba - 9c779c30dcea44b3fa466e6bdad0eee2f3cc8f
2025-10-08 12:29:14.593 [main] INFO  file.pruebas_iniciales.primera_prueba - c17c000dfc5e4193e9e2725ccdf3eeca5e9244
2025-10-08 12:29:14.593 [main] INFO  file.pruebas_iniciales.primera_prueba - f08c25e239e0158a937859ac6edd819f7b152a
2025-10-08 12:29:14.593 [main] INFO  file.pruebas_iniciales.primera_prueba - 8da5b05624a6bd0acbe5704f728832b8898f4c
2025-10-08 12:29:14.593 [main] INFO  file.pruebas_iniciales.primera_prueba - f2c18b959f32ad079e3f7c6d3fd3cb67899e2e
2025-10-08 12:29:14.593 [main] INFO  file.pruebas_iniciales.primera_prueba - 08c1025ee4618c4737057f403e11936758c99d
2025-10-08 12:29:14.594 [main] INFO  file.pruebas_iniciales.primera_prueba - 34e97b53c05b3921610d07dcfb4193a5a94d7e
2025-10-08 12:29:14.594 [main] INFO  file.pruebas_iniciales.primera_prueba - 363a9a6c82fc3f4d3f7b1968ccda2d7f134010
2025-10-08 12:29:14.594 [main] INFO  file.pruebas_iniciales.primera_prueba - 39dab3ca8e80156ad5517fd0ebe888e5d43e45
2025-10-08 12:29:14.594 [main] INFO  file.pruebas_iniciales.primera_prueba - 3dfd75c238077f262308f40d77be535ec58288
2025-10-08 12:29:14.594 [main] INFO  file.pruebas_iniciales.primera_prueba - 48e32abc1008ac95eeed8fdc6c4d1f8aaa8712
2025-10-08 12:29:14.594 [main] INFO  file.pruebas_iniciales.primera_prueba - 957007fa721e46bfe4acbf956fcb153b58d37a
2025-10-08 12:29:14.594 [main] INFO  file.pruebas_iniciales.primera_prueba - 96a60a5aa4816cca98fd5f37074e1022569995
2025-10-08 12:29:14.594 [main] INFO  file.pruebas_iniciales.primera_prueba - 980e49c9758464570ea9ab642a23780275c35e
2025-10-08 12:29:14.594 [main] INFO  file.pruebas_iniciales.primera_prueba - ef3716abf2e17bdd8104333a1dd3403f4b4d6c
2025-10-08 12:29:14.594 [main] INFO  file.pruebas_iniciales.primera_prueba - 78218fef08903e078030abeac4c6d2b114583d
2025-10-08 12:29:14.595 [main] INFO  file.pruebas_iniciales.primera_prueba - 2ce167617982612f5f6fcea3295917f211052e
2025-10-08 12:29:14.595 [main] INFO  file.pruebas_iniciales.primera_prueba - 324acd5aeded6732effae69c801417bdde019d
2025-10-08 12:29:14.595 [main] INFO  file.pruebas_iniciales.primera_prueba - b1d96c9b864711771cb82a5df2bd6866879914
2025-10-08 12:29:14.595 [main] INFO  file.pruebas_iniciales.primera_prueba - b66c3b41c2a1cf005a366335594c7ea371507a
2025-10-08 12:29:14.595 [main] INFO  file.pruebas_iniciales.primera_prueba - eb7b6fa4bb4b1fe73769632acc2d8b476d8150
2025-10-08 12:29:14.595 [main] INFO  file.pruebas_iniciales.primera_prueba - 15216a697fd96fc868a475a3991fa0ad4d352b
2025-10-08 12:29:14.595 [main] INFO  file.pruebas_iniciales.primera_prueba - 4016a2b735648a366a307a280a29ffea8c4a61
2025-10-08 12:29:14.595 [main] INFO  file.pruebas_iniciales.primera_prueba - 71ad2b46b3cf0d33544867d48724cb25d91093
2025-10-08 12:29:14.595 [main] INFO  file.pruebas_iniciales.primera_prueba - 7a966ce0a6721a80b4865b21adc9eb9d312e0a
2025-10-08 12:29:14.595 [main] INFO  file.pruebas_iniciales.primera_prueba - a3c0950e8c2b9561fef3ff01807ec5eb6b0cbd
2025-10-08 12:29:14.595 [main] INFO  file.pruebas_iniciales.primera_prueba - 4fb63eb9f01ebaa7dcc567e124ccdf1ba57a59
2025-10-08 12:29:14.595 [main] INFO  file.pruebas_iniciales.primera_prueba - 8fc9f4f29e77b6484109361699a7cf2cfa600b
2025-10-08 12:29:14.595 [main] INFO  file.pruebas_iniciales.primera_prueba - ac12cdb59753356a4b55851849aaccd7edbf3b
2025-10-08 12:29:14.596 [main] INFO  file.pruebas_iniciales.primera_prueba - 0eee365bf87a8dfb856201c9d436725436568b
2025-10-08 12:29:14.596 [main] INFO  file.pruebas_iniciales.primera_prueba - 6395894d873d2288a4abe8fedbcdf092698f2f
2025-10-08 12:29:14.596 [main] INFO  file.pruebas_iniciales.primera_prueba - 8f410e1d13aa70d6cecad2078a69334a32dc18
2025-10-08 12:29:14.596 [main] INFO  file.pruebas_iniciales.primera_prueba - 987fa20fba47ff1a25be68b44790155aa8ec8f
2025-10-08 12:29:14.596 [main] INFO  file.pruebas_iniciales.primera_prueba - b304ecf5de0738161d4741da6cd9dedf7c833e
2025-10-08 12:29:14.596 [main] INFO  file.pruebas_iniciales.primera_prueba - 235083d8f7675b0f28e4d8512a714ec44a395e
2025-10-08 12:29:14.596 [main] INFO  file.pruebas_iniciales.primera_prueba - 27d0a58546eeb9bc6a51fcc212501472816ede
2025-10-08 12:29:14.596 [main] INFO  file.pruebas_iniciales.primera_prueba - 2aaa7640726588bcd3d57e1de4b1315b7f315e
2025-10-08 12:29:14.596 [main] INFO  file.pruebas_iniciales.primera_prueba - 410d22b09efe65d765901aaa29d3f90de199b9
2025-10-08 12:29:14.596 [main] INFO  file.pruebas_iniciales.primera_prueba - 4c47326a9007c025c005b1f654d644e05fa846
2025-10-08 12:29:14.596 [main] INFO  file.pruebas_iniciales.primera_prueba - b23b958ffdef8a5d14ece9f4116bcfc3075395
2025-10-08 12:29:14.597 [main] INFO  file.pruebas_iniciales.primera_prueba - d3e774869769f8d522e265d3c0a5669c484701
2025-10-08 12:29:14.597 [main] INFO  file.pruebas_iniciales.primera_prueba - e6d8182dc9f83f9fdbcf0e935e1688c736a8fc
2025-10-08 12:29:14.597 [main] INFO  file.pruebas_iniciales.primera_prueba - 3ef9220382d7d0e636d778dffd0ce6990ab615
2025-10-08 12:29:14.597 [main] INFO  file.pruebas_iniciales.primera_prueba - 77c60e9b48c00b31cfd858cf76bd1de4d13bd4
2025-10-08 12:29:14.597 [main] INFO  file.pruebas_iniciales.primera_prueba - 90735340d3915ef95ad759be064946c8e41f4a
2025-10-08 12:29:14.597 [main] INFO  file.pruebas_iniciales.primera_prueba - bb1111e45f808088a93f3a0cca98f73c69a808
2025-10-08 12:29:14.597 [main] INFO  file.pruebas_iniciales.primera_prueba - e386782091065e682cb044175d7d7c35117925
2025-10-08 12:29:14.597 [main] INFO  file.pruebas_iniciales.primera_prueba - ee334e495558aa0380613d59a36f5398e5c174
2025-10-08 12:29:14.597 [main] INFO  file.pruebas_iniciales.primera_prueba - f0537554067babf189d4b8b89c644f64873614
2025-10-08 12:29:14.598 [main] INFO  file.pruebas_iniciales.primera_prueba - 2f02e2c3643e7b5c42dd62547b45c898d716c0
2025-10-08 12:29:14.598 [main] INFO  file.pruebas_iniciales.primera_prueba - 4c326ff1398c167925973be8e83c9eb97fbf44
2025-10-08 12:29:14.598 [main] INFO  file.pruebas_iniciales.primera_prueba - 6dcf8c049a876899412b36072da4bc5eb9a2ec
2025-10-08 12:29:14.598 [main] INFO  file.pruebas_iniciales.primera_prueba - 98bd25bed4b67370fac0857941adc97220958c
2025-10-08 12:29:14.598 [main] INFO  file.pruebas_iniciales.primera_prueba - 0fee79d65a63da55d7438e0042d8b2f4bcc243
2025-10-08 12:29:14.598 [main] INFO  file.pruebas_iniciales.primera_prueba - 55de35957fd5a8abb3df52b60282f9b81e566c
2025-10-08 12:29:14.598 [main] INFO  file.pruebas_iniciales.primera_prueba - 94205e64a6c489827c9ab33b1e3a9280135c0b
2025-10-08 12:29:14.598 [main] INFO  file.pruebas_iniciales.primera_prueba - a7b2c63cdf3f64b54d45fde89ec2bcbf3a9be0
2025-10-08 12:29:14.598 [main] INFO  file.pruebas_iniciales.primera_prueba - e92113ae9048347d30e4709fd6d3a42e23dcd0
2025-10-08 12:29:14.598 [main] INFO  file.pruebas_iniciales.primera_prueba - feedccbd0b2aeeabac66628a9fbd00418b3349
2025-10-08 12:29:14.600 [main] INFO  file.pruebas_iniciales.primera_prueba - 3b755bf50c6b03d8714a9c6184705e6a08389f
2025-10-08 12:29:14.600 [main] INFO  file.pruebas_iniciales.primera_prueba - 7a32285d0fc7249a8b83e6931e653d9018f6af
2025-10-08 12:29:14.600 [main] INFO  file.pruebas_iniciales.primera_prueba - 93eb4013b542bd8926512df1e048e7d2d5460d
2025-10-08 12:29:14.600 [main] INFO  file.pruebas_iniciales.primera_prueba - f645e97be72a954c9d19d0d88c4190dac9795c
2025-10-08 12:29:14.600 [main] INFO  file.pruebas_iniciales.primera_prueba - 262c79982784ee9b250c2f0b4ed5ff0fde5b4c
2025-10-08 12:29:14.600 [main] INFO  file.pruebas_iniciales.primera_prueba - 29b3613c34d35fae131f364217cfab1daa512a
2025-10-08 12:29:14.600 [main] INFO  file.pruebas_iniciales.primera_prueba - 032baf24a13eff27e16a978bd7d41becfa5b2e
2025-10-08 12:29:14.600 [main] INFO  file.pruebas_iniciales.primera_prueba - 2c8ba0ec018fe62eca95293c6fb7098e6ff6c1
2025-10-08 12:29:14.600 [main] INFO  file.pruebas_iniciales.primera_prueba - 5b4a75436619d86a5e7c512316100695745e79
2025-10-08 12:29:14.601 [main] INFO  file.pruebas_iniciales.primera_prueba - b172e2fc4689c98189f36eb763868e655bc437
2025-10-08 12:29:14.601 [main] INFO  file.pruebas_iniciales.primera_prueba - ce98805e298408c920780cc075e6ef2acfbc51
2025-10-08 12:29:14.601 [main] INFO  file.pruebas_iniciales.primera_prueba - d3f3617f49d0ced5c2f7d4f4cfd65067de5faa
2025-10-08 12:29:14.601 [main] INFO  file.pruebas_iniciales.primera_prueba - 1a824261f9f27a7bd7bb9ef50d9e5f2354ec7d
2025-10-08 12:29:14.601 [main] INFO  file.pruebas_iniciales.primera_prueba - 1cfad977c428db9e89d250e2164b94e385e299
2025-10-08 12:29:14.601 [main] INFO  file.pruebas_iniciales.primera_prueba - 24121eb80abe7bef7cb5b57297a810725213cd
2025-10-08 12:29:14.601 [main] INFO  file.pruebas_iniciales.primera_prueba - 34bfaacc1f829dcd020bda3e22af296eece56c
2025-10-08 12:29:14.601 [main] INFO  file.pruebas_iniciales.primera_prueba - 4666cb5e9016d30e357e9bd0c3b30610ce2c13
2025-10-08 12:29:14.601 [main] INFO  file.pruebas_iniciales.primera_prueba - 8a05aa0f9152a0f9f36ec9a583b1cfcd4689de
2025-10-08 12:29:14.602 [main] INFO  file.pruebas_iniciales.primera_prueba - 28394c76862868e7c130bbcb7757fd95a0380e
2025-10-08 12:29:14.602 [main] INFO  file.pruebas_iniciales.primera_prueba - 339bc3316789cc3b0be45a33ba2b308140df30
2025-10-08 12:29:14.602 [main] INFO  file.pruebas_iniciales.primera_prueba - 48ce7404a74ebd694778826373985718d28be5
2025-10-08 12:29:14.602 [main] INFO  file.pruebas_iniciales.primera_prueba - 5b622b5898bbda95d7272c20f13b60f6abae62
2025-10-08 12:29:14.602 [main] INFO  file.pruebas_iniciales.primera_prueba - 6623b51eb59a4a6bd55cb8ac3a0bf432ea3326
2025-10-08 12:29:14.602 [main] INFO  file.pruebas_iniciales.primera_prueba - 894e8ece99c25d08e1c836a1da3d96e2c20583
2025-10-08 12:29:14.602 [main] INFO  file.pruebas_iniciales.primera_prueba - d717671c18547757e61612322f043d9d4036a0
2025-10-08 12:29:14.602 [main] INFO  file.pruebas_iniciales.primera_prueba - 98b894a8d1b420b85a434db4943671eda80132
2025-10-08 12:29:14.602 [main] INFO  file.pruebas_iniciales.primera_prueba - 9e65f7684a48895e056a254e08f9e5e574e745
2025-10-08 12:29:14.602 [main] INFO  file.pruebas_iniciales.primera_prueba - c51f06b2b80fbd1ec0b4298d85675943925ed1
2025-10-08 12:29:14.603 [main] INFO  file.pruebas_iniciales.primera_prueba - dd639e4ea4800753c1dbdb333093410e843492
2025-10-08 12:29:14.603 [main] INFO  file.pruebas_iniciales.primera_prueba - df4b4175d6bca9ded38a81a501c222e2c5c951
2025-10-08 12:29:14.603 [main] INFO  file.pruebas_iniciales.primera_prueba - fa68e5b5e89a07262438b168ffc0b1458367c1
2025-10-08 12:29:14.603 [main] INFO  file.pruebas_iniciales.primera_prueba - 1d4e6aae0e0a95b324b8b4c9e3802cb17c438f
2025-10-08 12:29:14.603 [main] INFO  file.pruebas_iniciales.primera_prueba - 52308fafd405dd90519e15568e082e2b60cbd0
2025-10-08 12:29:14.603 [main] INFO  file.pruebas_iniciales.primera_prueba - 5c1bc9c02198a2c8813bde01d3df444046ec7a
2025-10-08 12:29:14.603 [main] INFO  file.pruebas_iniciales.primera_prueba - 838e80b69c172fad685183f855654ddc1cccd0
2025-10-08 12:29:14.603 [main] INFO  file.pruebas_iniciales.primera_prueba - c605de543008127a133830c82cf77278ec6c45
2025-10-08 12:29:14.603 [main] INFO  file.pruebas_iniciales.primera_prueba - e2b4cac93e65441867ad2e5fd8722d21fb855a
2025-10-08 12:29:14.604 [main] INFO  file.pruebas_iniciales.primera_prueba - 0d298e3f9eee6fdf2c4d36ad2572c26c816cdb
2025-10-08 12:29:14.604 [main] INFO  file.pruebas_iniciales.primera_prueba - 2b2263508e4939a68d57821091abc7d6bc5ad6
2025-10-08 12:29:14.604 [main] INFO  file.pruebas_iniciales.primera_prueba - 7531f99ff1ba8935c5480b6ed873b81658c0af
2025-10-08 12:29:14.604 [main] INFO  file.pruebas_iniciales.primera_prueba - ae7fa47ce2de2c48c1f7bfc5bf7db8c3d2523b
2025-10-08 12:29:14.604 [main] INFO  file.pruebas_iniciales.primera_prueba - 01754f994c7dc7cc26fbd97962bce1e719338d
2025-10-08 12:29:14.604 [main] INFO  file.pruebas_iniciales.primera_prueba - 3f87622e8c3bf9bfbe3bd4293898e610dcb273
2025-10-08 12:29:14.604 [main] INFO  file.pruebas_iniciales.primera_prueba - 4fa08e4a21d7901356a0cca0574e1a94b33f7b
2025-10-08 12:29:14.604 [main] INFO  file.pruebas_iniciales.primera_prueba - 58d4b8525da0e6d9957d4662fbf56204c933a2
2025-10-08 12:29:14.604 [main] INFO  file.pruebas_iniciales.primera_prueba - 8de8f4c9d294ecc616398899677a98fcd69cea
2025-10-08 12:29:14.604 [main] INFO  file.pruebas_iniciales.primera_prueba - c2f9a73ddff915bf9f7d9be3b6915818945c11
2025-10-08 12:29:14.604 [main] INFO  file.pruebas_iniciales.primera_prueba - ffa5ca84ce0caff2cd4a2f84065955991a910c
2025-10-08 12:29:14.604 [main] INFO  file.pruebas_iniciales.primera_prueba - 164705878747b5e6875fb76dfab6dc4372bf67
2025-10-08 12:29:14.605 [main] INFO  file.pruebas_iniciales.primera_prueba - 56f98f24c3c47454a691becb8386733839c133
2025-10-08 12:29:14.605 [main] INFO  file.pruebas_iniciales.primera_prueba - d4f5b4c67f38e47e3b654e0c96958c356ebe6d
2025-10-08 12:29:14.605 [main] INFO  file.pruebas_iniciales.primera_prueba - 34c246b8484ffc918a9e706543d32779463745
2025-10-08 12:29:14.605 [main] INFO  file.pruebas_iniciales.primera_prueba - 39f879c62498fa2f07e8d96bd62a70b58cba4c
2025-10-08 12:29:14.605 [main] INFO  file.pruebas_iniciales.primera_prueba - bd403ac665228853dd8fa54b8f4427af1721c0
2025-10-08 12:29:14.605 [main] INFO  file.pruebas_iniciales.primera_prueba - dff8ee6d3820466a9ee6935e3263edf919545d
2025-10-08 12:29:14.605 [main] INFO  file.pruebas_iniciales.primera_prueba - ea0a9c1cdb8af4c76b1bddd26c4da69c6df62a
2025-10-08 12:29:14.605 [main] INFO  file.pruebas_iniciales.primera_prueba - f4160f7cdbddbb883854330db6fcae63102c89
2025-10-08 12:29:14.605 [main] INFO  file.pruebas_iniciales.primera_prueba - 3e797ee75aaa66c932f86fde772fbd68deffbf
2025-10-08 12:29:14.605 [main] INFO  file.pruebas_iniciales.primera_prueba - 79c9707623ec81ed0e3d825fede574ff55aa07
2025-10-08 12:29:14.605 [main] INFO  file.pruebas_iniciales.primera_prueba - 356b203efff4f88bb61210c4e2eff818afd910
2025-10-08 12:29:14.605 [main] INFO  file.pruebas_iniciales.primera_prueba - 43e03062715c7cc1ce2bd0e6a2c17edc6c9d68
2025-10-08 12:29:14.605 [main] INFO  file.pruebas_iniciales.primera_prueba - 49566bb43ffbe0c2ddb2050c76354f92a28123
2025-10-08 12:29:14.606 [main] INFO  file.pruebas_iniciales.primera_prueba - c04567f070dd664d952da1f0e9410d4b5d0037
2025-10-08 12:29:14.606 [main] INFO  file.pruebas_iniciales.primera_prueba - 4547f5cc3a4fc986b94eebaa1437ad1387f3fc
2025-10-08 12:29:14.606 [main] INFO  file.pruebas_iniciales.primera_prueba - ae2b3e4e431272a505db9185bbfa7072dbbedc
2025-10-08 12:29:14.606 [main] INFO  file.pruebas_iniciales.primera_prueba - c7ac082d7e5cd2005b49eabe37d9239e5f534b
2025-10-08 12:29:14.606 [main] INFO  file.pruebas_iniciales.primera_prueba - d2794d46d09ed53ba47145811710079c2959fc
2025-10-08 12:29:14.606 [main] INFO  file.pruebas_iniciales.primera_prueba - 3a4259ca5b74305ee90fa92b3a968e542a6ebb
2025-10-08 12:29:14.606 [main] INFO  file.pruebas_iniciales.primera_prueba - 3a9f6d66ee7c748e92ade0a4a9c762b64297ab
2025-10-08 12:29:14.606 [main] INFO  file.pruebas_iniciales.primera_prueba - 4fb98e4bc64912b948f1d7a72efd151eece6c1
2025-10-08 12:29:14.606 [main] INFO  file.pruebas_iniciales.primera_prueba - 7d412c03778e99638f56d180715d395245919b
2025-10-08 12:29:14.606 [main] INFO  file.pruebas_iniciales.primera_prueba - e58f6b71255721f6958b1f19c3134d36562308
2025-10-08 12:29:14.607 [main] INFO  file.pruebas_iniciales.primera_prueba - f7ad08ff4af7073507f870341792d3162aacb6
2025-10-08 12:29:14.607 [main] INFO  file.pruebas_iniciales.primera_prueba - 05ec56ff4078aa223eb824ec8549c1dd92e9b0
2025-10-08 12:29:14.607 [main] INFO  file.pruebas_iniciales.primera_prueba - 1e2e95fdfce1c948b2054e2177e7a86ccd7d41
2025-10-08 12:29:14.607 [main] INFO  file.pruebas_iniciales.primera_prueba - 2a4c038c1fc90c3cad0095a97b44df42c09660
2025-10-08 12:29:14.607 [main] INFO  file.pruebas_iniciales.primera_prueba - 361405ccac7ea1136426b54f5b1d61ee46b45e
2025-10-08 12:29:14.607 [main] INFO  file.pruebas_iniciales.primera_prueba - 3e039bd1b76350515ce909c8ca1d9851ae0d5b
2025-10-08 12:29:14.607 [main] INFO  file.pruebas_iniciales.primera_prueba - 4817e0a330191ac6eaaef74cd8b271a1d96f87
2025-10-08 12:29:14.607 [main] INFO  file.pruebas_iniciales.primera_prueba - 677746ee9b67d2421569b5844bd04ad2ff66d8
2025-10-08 12:29:14.607 [main] INFO  file.pruebas_iniciales.primera_prueba - 71b86631c6cfde0651ac1bcdbe0a7310f58b32
2025-10-08 12:29:14.607 [main] INFO  file.pruebas_iniciales.primera_prueba - 83b2900394eb5b13858f7179e040eeb741ecdc
2025-10-08 12:29:14.607 [main] INFO  file.pruebas_iniciales.primera_prueba - d263d24f26e4b1888aafe3ec654ded56cbea78
2025-10-08 12:29:14.607 [main] INFO  file.pruebas_iniciales.primera_prueba - d683d17118b70e46011ddc3562b455d0a4f866
2025-10-08 12:29:14.607 [main] INFO  file.pruebas_iniciales.primera_prueba - ea9199aed4e4585263b91634ef28874472b0b4
2025-10-08 12:29:14.608 [main] INFO  file.pruebas_iniciales.primera_prueba - 18503e794bde7c1d3bffda09875298d7f05c1b
2025-10-08 12:29:14.608 [main] INFO  file.pruebas_iniciales.primera_prueba - 4d61a0fbf8f09e27d05ddb0963f51c43c31218
2025-10-08 12:29:14.608 [main] INFO  file.pruebas_iniciales.primera_prueba - d7d831b00d2e263826ea410ef67c36a9c57630
2025-10-08 12:29:14.608 [main] INFO  file.pruebas_iniciales.primera_prueba - f57d5dc64b890402113ec35b6c4ebec8b87260
2025-10-08 12:29:14.608 [main] INFO  file.pruebas_iniciales.primera_prueba - bbd6bf50051933968012007b85f532899e35cd
2025-10-08 12:29:14.609 [main] INFO  file.pruebas_iniciales.primera_prueba - be7478b8acb04bc2a48f0fb96f46282a4dc4a2
2025-10-08 12:29:14.609 [main] INFO  file.pruebas_iniciales.primera_prueba - ec7f7b265762d27c9d501345cd38f0510d66fc
2025-10-08 12:29:14.609 [main] INFO  file.pruebas_iniciales.primera_prueba - f6f62e73d09bc7adefbd52147760b95af50325
2025-10-08 12:29:14.609 [main] INFO  file.pruebas_iniciales.primera_prueba - 0cdcdebb5a5c1a9317de09fb1afb0cd4056553
2025-10-08 12:29:14.609 [main] INFO  file.pruebas_iniciales.primera_prueba - 1a67e4dc1e825064bfece312794a04d2ef8c5b
2025-10-08 12:29:14.609 [main] INFO  file.pruebas_iniciales.primera_prueba - 3d611996d037250d7c83fe7c15c55ef2a996b2
2025-10-08 12:29:14.609 [main] INFO  file.pruebas_iniciales.primera_prueba - 4128835f5616d43bf1d3f844c0ecd4f9fe0f3c
2025-10-08 12:29:14.609 [main] INFO  file.pruebas_iniciales.primera_prueba - 47087d89fc8fa639f07d8793bf513f433bbcde
2025-10-08 12:29:14.609 [main] INFO  file.pruebas_iniciales.primera_prueba - d8c65ca85031a7089b4ae5d70e6a4fbc6a5665
2025-10-08 12:29:14.610 [main] INFO  file.pruebas_iniciales.primera_prueba - eb24014252338b6cb1cfb8089a08e15d82fa7b
2025-10-08 12:29:14.610 [main] INFO  file.pruebas_iniciales.primera_prueba - 27ac2c285f95d638702599300801b7e6eb6bf5
2025-10-08 12:29:14.610 [main] INFO  file.pruebas_iniciales.primera_prueba - 42ef9d80744471621996778e420ec594aa4f25
2025-10-08 12:29:14.610 [main] INFO  file.pruebas_iniciales.primera_prueba - 7559195f583fffc1bf3e0238d853bf644bf966
2025-10-08 12:29:14.610 [main] INFO  file.pruebas_iniciales.primera_prueba - b284c217c249be9e3d0f288def8d49bab6122b
2025-10-08 12:29:14.610 [main] INFO  file.pruebas_iniciales.primera_prueba - c454afd751ede98b1b98f0f761adf5f21b9c72
2025-10-08 12:29:14.610 [main] INFO  file.pruebas_iniciales.primera_prueba - f23240633e23587d4289df9f8b0aeb5e0a590c
2025-10-08 12:29:14.611 [main] INFO  file.pruebas_iniciales.primera_prueba - 0bd6c41d7ca07f663290e024537b85c2b020e6
2025-10-08 12:29:14.611 [main] INFO  file.pruebas_iniciales.primera_prueba - 1f17b235e6441c2f19dccbb1f6639a661226d7
2025-10-08 12:29:14.611 [main] INFO  file.pruebas_iniciales.primera_prueba - 4a3ab30d4661f66ef813cc9eb8270c1de72bcc
2025-10-08 12:29:14.611 [main] INFO  file.pruebas_iniciales.primera_prueba - 8b43b251b9c37f7a10a17097cccdb7290699db
2025-10-08 12:29:14.611 [main] INFO  file.pruebas_iniciales.primera_prueba - 49012d4b0b043a174540f72e1bf60ad8c37c5c
2025-10-08 12:29:14.611 [main] INFO  file.pruebas_iniciales.primera_prueba - 589a2dc614cb14c26ee48def1577bda6a98317
2025-10-08 12:29:14.611 [main] INFO  file.pruebas_iniciales.primera_prueba - 6b3a3ed20d025e84fe2423de89cfcab4bc6bcb
2025-10-08 12:29:14.611 [main] INFO  file.pruebas_iniciales.primera_prueba - 742cffca3aafd1b4f756a3c4d335617a7e6e61
2025-10-08 12:29:14.611 [main] INFO  file.pruebas_iniciales.primera_prueba - d2769b0e2b030e11acf960807d3a231a4a11bc
2025-10-08 12:29:14.611 [main] INFO  file.pruebas_iniciales.primera_prueba - ed5d00e113519ceef0ffa180458535b15620fc
2025-10-08 12:29:14.612 [main] INFO  file.pruebas_iniciales.primera_prueba - 36195453d5381de07e75bb29e877120f4984b0
2025-10-08 12:29:14.612 [main] INFO  file.pruebas_iniciales.primera_prueba - 3c6ab3f7eae85dcf042b9448580408e254b167
2025-10-08 12:29:14.612 [main] INFO  file.pruebas_iniciales.primera_prueba - 6f89f2254f279c753e8f4484b15fb7352a5a56
2025-10-08 12:29:14.612 [main] INFO  file.pruebas_iniciales.primera_prueba - 858b91ecfbbb95d1211b79a1a2277decb04847
2025-10-08 12:29:14.612 [main] INFO  file.pruebas_iniciales.primera_prueba - 863977890401f7158f3d921ad9a3be30cee75c
2025-10-08 12:29:14.612 [main] INFO  file.pruebas_iniciales.primera_prueba - 918e060767bec9c2f85c01d95632b8069e3e04
2025-10-08 12:29:14.612 [main] INFO  file.pruebas_iniciales.primera_prueba - a6585cddc37b7fc8285f89a03015542ca110f5
2025-10-08 12:29:14.612 [main] INFO  file.pruebas_iniciales.primera_prueba - cba1e81580a24f4bb686cf365799e00ca6d939
2025-10-08 12:29:14.612 [main] INFO  file.pruebas_iniciales.primera_prueba - d40a04268fa86bd4c8fa6661d2f734f8c0b71e
2025-10-08 12:29:14.612 [main] INFO  file.pruebas_iniciales.primera_prueba - ed48cd63adafd4c2ec1a28e7791f52519278ab
2025-10-08 12:29:14.612 [main] INFO  file.pruebas_iniciales.primera_prueba - 0644061f960358f9f2c62846fe9df6bfa30d92
2025-10-08 12:29:14.612 [main] INFO  file.pruebas_iniciales.primera_prueba - 5fcb295ef8a82b67b2410cda411a07d0266434
2025-10-08 12:29:14.613 [main] INFO  file.pruebas_iniciales.primera_prueba - a5d977951ccdfedf6e21f7fe07f1ac54b3b2ce
2025-10-08 12:29:14.613 [main] INFO  file.pruebas_iniciales.primera_prueba - b7a743144ca60454ee0a75a0619d6e5be4b8e5
2025-10-08 12:29:14.613 [main] INFO  file.pruebas_iniciales.primera_prueba - d423f49046bbd74fc45d8be815f47e1bc4bcbd
2025-10-08 12:29:14.613 [main] INFO  file.pruebas_iniciales.primera_prueba - 1b6256e620738e215f736cb4bfc507eb698cb4
2025-10-08 12:29:14.613 [main] INFO  file.pruebas_iniciales.primera_prueba - 558bd1d4556d04e9b70d5ff566f52a1300744f
2025-10-08 12:29:14.613 [main] INFO  file.pruebas_iniciales.primera_prueba - 632d62ad41d3758f09211e5ea0bc6825dcf8b8
2025-10-08 12:29:14.613 [main] INFO  file.pruebas_iniciales.primera_prueba - 94bfa5dadc1a754cf26e35198d5e65bc8c6176
2025-10-08 12:29:14.613 [main] INFO  file.pruebas_iniciales.primera_prueba - a493ffc62ab80c89e5a97bca4748b2917d89e5
2025-10-08 12:29:14.613 [main] INFO  file.pruebas_iniciales.primera_prueba - ac989844760ea93d711f909e26d1b43f40bd4f
2025-10-08 12:29:14.613 [main] INFO  file.pruebas_iniciales.primera_prueba - c041fcd67ea0c0e1826a39d9ccf04a3db313fe
2025-10-08 12:29:14.613 [main] INFO  file.pruebas_iniciales.primera_prueba - 32c0e9c74d9c1f724d538d0b53f383a36627c8
2025-10-08 12:29:14.613 [main] INFO  file.pruebas_iniciales.primera_prueba - 4ae3eabe12bda7911cd79ce1ad3749fdc7c230
2025-10-08 12:29:14.613 [main] INFO  file.pruebas_iniciales.primera_prueba - 67cb3b8cfccabbe76e8582d00f7be2337c2cd8
2025-10-08 12:29:14.613 [main] INFO  file.pruebas_iniciales.primera_prueba - 891ce0c1a42d8ad9a6f8a90d95cadbca3a4b0e
2025-10-08 12:29:14.613 [main] INFO  file.pruebas_iniciales.primera_prueba - c62b013e2b9a29537a801f2420c7d0387fbbf4
2025-10-08 12:29:14.613 [main] INFO  file.pruebas_iniciales.primera_prueba - c930d8ccac35f75f94eedd4461cd54ce347032
2025-10-08 12:29:14.613 [main] INFO  file.pruebas_iniciales.primera_prueba - e80a3f8baab61dbc6b0ef2c5999b1c1876931a
2025-10-08 12:29:14.614 [main] INFO  file.pruebas_iniciales.primera_prueba - 136b6fc83bb5646da9b71c25545597d519cabf
2025-10-08 12:29:14.614 [main] INFO  file.pruebas_iniciales.primera_prueba - 2ba179823f8c9f3fa9dfefc780863e87deb36b
2025-10-08 12:29:14.614 [main] INFO  file.pruebas_iniciales.primera_prueba - 6859477f245e660a0ff89683843c1069beab9a
2025-10-08 12:29:14.614 [main] INFO  file.pruebas_iniciales.primera_prueba - f4b858f0f5e9569d6dbcd75675799f2115bbde
2025-10-08 12:29:14.614 [main] INFO  file.pruebas_iniciales.primera_prueba - 6668dbc870df27b512d071eabbf37f92a64111
2025-10-08 12:29:14.614 [main] INFO  file.pruebas_iniciales.primera_prueba - ebcb90393aade46dff3486e49702a0a72de511
2025-10-08 12:29:14.614 [main] INFO  file.pruebas_iniciales.primera_prueba - ee6fc646aebd4c5c39a11eaddfa0905a4a498f
2025-10-08 12:29:14.615 [main] INFO  file.pruebas_iniciales.primera_prueba - 1622d7c42b73cf20f9f39c13c576be7c72f5ef
2025-10-08 12:29:14.615 [main] INFO  file.pruebas_iniciales.primera_prueba - 1a622a32842f7fd5300f1efb6ad6f9c418c6f2
2025-10-08 12:29:14.615 [main] INFO  file.pruebas_iniciales.primera_prueba - 2e6c4a3125b987a8c454ca4800fea86c34437e
2025-10-08 12:29:14.615 [main] INFO  file.pruebas_iniciales.primera_prueba - 321df663fadc84509df280264466ed93b30c5b
2025-10-08 12:29:14.615 [main] INFO  file.pruebas_iniciales.primera_prueba - 59e97492e8eb5b39c57d8eb92ed49fd2be4324
2025-10-08 12:29:14.615 [main] INFO  file.pruebas_iniciales.primera_prueba - 915ab8f3092af608455df7cbf70eb75f6a3875
2025-10-08 12:29:14.615 [main] INFO  file.pruebas_iniciales.primera_prueba - b8da443dcf8d0d9b4523e44a78b664958b4a63
2025-10-08 12:29:14.615 [main] INFO  file.pruebas_iniciales.primera_prueba - ca1008c3a8ab066cf59681e33f626ad83b86d6
2025-10-08 12:29:14.615 [main] INFO  file.pruebas_iniciales.primera_prueba - 18d3a8b3e871cf7bd4bbde9a1443f2cbea0cd6
2025-10-08 12:29:14.615 [main] INFO  file.pruebas_iniciales.primera_prueba - 6a64eb8791f5582c4a1c165424a42801af5dc2
2025-10-08 12:29:14.616 [main] INFO  file.pruebas_iniciales.primera_prueba - 93881db31fc17d9ddff3aa2cbf7feb2426e82d
2025-10-08 12:29:14.616 [main] INFO  file.pruebas_iniciales.primera_prueba - d9b4a79c4f5ae38097ad1ad3d09b619daf1144
2025-10-08 12:29:14.616 [main] INFO  file.pruebas_iniciales.primera_prueba - 462a6cf4a5380e037352977c750defd2aaed72
2025-10-08 12:29:14.616 [main] INFO  file.pruebas_iniciales.primera_prueba - 565a08c831b4494c874bef83464f5041434de5
2025-10-08 12:29:14.616 [main] INFO  file.pruebas_iniciales.primera_prueba - 6c5abfaf092bf31a15378c5c55bbaad54619fd
2025-10-08 12:29:14.616 [main] INFO  file.pruebas_iniciales.primera_prueba - 9cc3ec76238b27cdfa4468b5a1bdabf2e75469
2025-10-08 12:29:14.616 [main] INFO  file.pruebas_iniciales.primera_prueba - cb9c91dc3c178d215289ef0b0730028d56ba2d
2025-10-08 12:29:14.616 [main] INFO  file.pruebas_iniciales.primera_prueba - e582651b5ef7e9799c9d45560d8b55bd9f66f7
2025-10-08 12:29:14.616 [main] INFO  file.pruebas_iniciales.primera_prueba - e658813e35d982e1bbe28a5358236abbb10e93
2025-10-08 12:29:14.617 [main] INFO  file.pruebas_iniciales.primera_prueba - 70801ea332a43db3f1e2415033977e9c87e268
2025-10-08 12:29:14.617 [main] INFO  file.pruebas_iniciales.primera_prueba - 758dfa8e3a2ae6686c3e8d8354cafa22ea1f9b
2025-10-08 12:29:14.617 [main] INFO  file.pruebas_iniciales.primera_prueba - cc25f3f0896a4e77d9608318742a543b8e9e7c
2025-10-08 12:29:14.617 [main] INFO  file.pruebas_iniciales.primera_prueba - e84193c28b47781ea698c7323b924a2439e3e6
2025-10-08 12:29:14.618 [main] INFO  file.pruebas_iniciales.primera_prueba - 3b38bf24a3905d756d4d2dfb97034725851dc1
2025-10-08 12:29:14.618 [main] INFO  file.pruebas_iniciales.primera_prueba - 7c0a7d4463273d84329331151af0a5edb5e8ca
2025-10-08 12:29:14.618 [main] INFO  file.pruebas_iniciales.primera_prueba - 4b0983062eb591c9c0b48c37700d2be2579c15
2025-10-08 12:29:14.618 [main] INFO  file.pruebas_iniciales.primera_prueba - 4febd923dae82a08d2365ec6ee8e9465e2d55c
2025-10-08 12:29:14.618 [main] INFO  file.pruebas_iniciales.primera_prueba - 7545bb9f9e2af9dbeea4de9ea7b75d032d2c20
2025-10-08 12:29:14.618 [main] INFO  file.pruebas_iniciales.primera_prueba - 9198909cffbff07b33b9c55cff46d71bbd29fb
2025-10-08 12:29:14.618 [main] INFO  file.pruebas_iniciales.primera_prueba - cb52288f3935a3223efa805ec7eecb53201a96
2025-10-08 12:29:14.618 [main] INFO  file.pruebas_iniciales.primera_prueba - d48c7f1905f03edaf4a1a9909fbaf0ddcfccd8
2025-10-08 12:29:14.618 [main] INFO  file.pruebas_iniciales.primera_prueba - 26ae37cbc3587421d6889eadd1d91fbf1994d4
2025-10-08 12:29:14.620 [main] INFO  file.pruebas_iniciales.primera_prueba - 56bc0c34379e9257f5d2403f759915a2422129
2025-10-08 12:29:14.620 [main] INFO  file.pruebas_iniciales.primera_prueba - 6368a5ae3cb77921ee34667a5bf948b9a0da5a
2025-10-08 12:29:14.620 [main] INFO  file.pruebas_iniciales.primera_prueba - 7172eb5c3750e0fda3a16f218bce57099e6e48
2025-10-08 12:29:14.620 [main] INFO  file.pruebas_iniciales.primera_prueba - 7319df03ea6d9eae3ac07a2756fda859d54ab4
2025-10-08 12:29:14.620 [main] INFO  file.pruebas_iniciales.primera_prueba - 7b94ae2683a4439577bd6c88ded78a38804aa6
2025-10-08 12:29:14.620 [main] INFO  file.pruebas_iniciales.primera_prueba - 87a638b493ac5587dc19f741dc0f59149db408
2025-10-08 12:29:14.620 [main] INFO  file.pruebas_iniciales.primera_prueba - c58d8d747e10fa67f0b5c513ce3fd2b539117d
2025-10-08 12:29:14.620 [main] INFO  file.pruebas_iniciales.primera_prueba - f95584ddee9f617685b7fa7225acc588370dc4
2025-10-08 12:29:14.621 [main] INFO  file.pruebas_iniciales.primera_prueba - 14fca9c30cc6ada41f8bad498e37e5438724e0
2025-10-08 12:29:14.621 [main] INFO  file.pruebas_iniciales.primera_prueba - 5118b9a8276ead5249b489cd7c0b7847289716
2025-10-08 12:29:14.621 [main] INFO  file.pruebas_iniciales.primera_prueba - 81474616328507313032c342bd97563fbb20ea
2025-10-08 12:29:14.621 [main] INFO  file.pruebas_iniciales.primera_prueba - 87f5083623b375139afb391af71cc533a7dd37
2025-10-08 12:29:14.621 [main] INFO  file.pruebas_iniciales.primera_prueba - 8f8a892144ccde56f4b8ef7a2e45707bdd3290
2025-10-08 12:29:14.621 [main] INFO  file.pruebas_iniciales.primera_prueba - a542e1b9e3ce0f00d622e0418598c7d89ea136
2025-10-08 12:29:14.621 [main] INFO  file.pruebas_iniciales.primera_prueba - c1c86424d337f7f87a4cbcf85dbe3ada09f7c9
2025-10-08 12:29:14.621 [main] INFO  file.pruebas_iniciales.primera_prueba - e2167b7c6699718760b67267f233bd3e8a6a01
2025-10-08 12:29:14.621 [main] INFO  file.pruebas_iniciales.primera_prueba - ed6387bf180738aeee66bd482351abe9046b23
2025-10-08 12:29:14.621 [main] INFO  file.pruebas_iniciales.primera_prueba - 1a9e1754e02a8b040dc5a9b95c24144daa80d6
2025-10-08 12:29:14.621 [main] INFO  file.pruebas_iniciales.primera_prueba - 4c0ff3392c3652ad7b293a59ff5d318ba1c7b7
2025-10-08 12:29:14.621 [main] INFO  file.pruebas_iniciales.primera_prueba - 63e1d61898150b98b5ae12905588dc5cd5eb65
2025-10-08 12:29:14.621 [main] INFO  file.pruebas_iniciales.primera_prueba - ab1d9baf29da24ceea89f53af8535368fbf22e
2025-10-08 12:29:14.621 [main] INFO  file.pruebas_iniciales.primera_prueba - 119b39b23faa58f653c04f323c6910886aaee5
2025-10-08 12:29:14.623 [main] INFO  file.pruebas_iniciales.primera_prueba - 305001bc0618c58edc6481e6e60ca3f53d041b
2025-10-08 12:29:14.623 [main] INFO  file.pruebas_iniciales.primera_prueba - 593ffaa3a4b45f8da2e17840b2f90c43f76972
2025-10-08 12:29:14.623 [main] INFO  file.pruebas_iniciales.primera_prueba - 5ee21bbdcf067580e8d99042b794747712e98c
2025-10-08 12:29:14.623 [main] INFO  file.pruebas_iniciales.primera_prueba - 8a3070fe34c611c42c0d3ad3013a0dce358be0
2025-10-08 12:29:14.623 [main] INFO  file.pruebas_iniciales.primera_prueba - d985eafc2e37ff3c1b6f116ff652e4c7bfaeb9
2025-10-08 12:29:14.623 [main] INFO  file.pruebas_iniciales.primera_prueba - fb929f01cf7dd2e6acee3830266c9f26324a64
2025-10-08 12:29:14.624 [main] INFO  file.pruebas_iniciales.primera_prueba - 2d55854eead89917e0ae6176658b95c8596cb6
2025-10-08 12:29:14.624 [main] INFO  file.pruebas_iniciales.primera_prueba - 3e5b33d042aaed5d801d9748c0ef4c85bcb6b2
2025-10-08 12:29:14.624 [main] INFO  file.pruebas_iniciales.primera_prueba - 45b8cbe924e04cc5a354598c294edbc6cdbc0f
2025-10-08 12:29:14.624 [main] INFO  file.pruebas_iniciales.primera_prueba - 859751b947393a3c28c8ddb9d68581b68b51ad
2025-10-08 12:29:14.624 [main] INFO  file.pruebas_iniciales.primera_prueba - e8840b8786fb5ad16dae1175b7b9e1009eaa54
2025-10-08 12:29:14.624 [main] INFO  file.pruebas_iniciales.primera_prueba - fcf706a824f143d6da0d26721312a22a838830
2025-10-08 12:29:14.625 [main] INFO  file.pruebas_iniciales.primera_prueba - 37ddbacafc9acba2a4d006783085b3b7ea8d2a
2025-10-08 12:29:14.625 [main] INFO  file.pruebas_iniciales.primera_prueba - 39e1b009557078e91c7a7a1f0c07a4082496ef
2025-10-08 12:29:14.625 [main] INFO  file.pruebas_iniciales.primera_prueba - 6ba484b737c284e6be9f4399331c794576b176
2025-10-08 12:29:14.625 [main] INFO  file.pruebas_iniciales.primera_prueba - 754b8fbac98e021353238a6e3611a14047fdb6
2025-10-08 12:29:14.625 [main] INFO  file.pruebas_iniciales.primera_prueba - f95f5c7de13d95369dbb839efdc6122f4daf99
2025-10-08 12:29:14.625 [main] INFO  file.pruebas_iniciales.primera_prueba - fad4eefaa4d1411a1eaa3887537966361d7584
2025-10-08 12:29:14.625 [main] INFO  file.pruebas_iniciales.primera_prueba - 6258f65f1ec76b3fa1b62a23cff0ccca47861a
2025-10-08 12:29:14.625 [main] INFO  file.pruebas_iniciales.primera_prueba - 6559c1dd7c5017407ef34670596eadbbbcafcf
2025-10-08 12:29:14.625 [main] INFO  file.pruebas_iniciales.primera_prueba - 824cef90c30378f365979985e769e304eecdc3
2025-10-08 12:29:14.625 [main] INFO  file.pruebas_iniciales.primera_prueba - ddaacfb400a7e1895d7e44bf5a351de108e0b9
2025-10-08 12:29:14.625 [main] INFO  file.pruebas_iniciales.primera_prueba - f0a8e140eb13e7d6fe6da418d1752a180fc74c
2025-10-08 12:29:14.625 [main] INFO  file.pruebas_iniciales.primera_prueba - 2a3e69fcb777e5490819f57605d67018d1f27d
2025-10-08 12:29:14.626 [main] INFO  file.pruebas_iniciales.primera_prueba - 2ba517a4b447bebc00ed3d1e784228226aef3b
2025-10-08 12:29:14.626 [main] INFO  file.pruebas_iniciales.primera_prueba - 79a5a007c70bd8a6f93245c08ef094bbf378aa
2025-10-08 12:29:14.626 [main] INFO  file.pruebas_iniciales.primera_prueba - 972e8beb496a4391a849b668770529a88a4d99
2025-10-08 12:29:14.626 [main] INFO  file.pruebas_iniciales.primera_prueba - beab5aa6310e0db0151e792944ded3ab31773b
2025-10-08 12:29:14.626 [main] INFO  file.pruebas_iniciales.primera_prueba - bebfc2edbbbec4974b0ae5d3d569f4be16cb8f
2025-10-08 12:29:14.626 [main] INFO  file.pruebas_iniciales.primera_prueba - f79ff1da1ca73a5d659c768c2504059a48755f
2025-10-08 12:29:14.626 [main] INFO  file.pruebas_iniciales.primera_prueba - 1faeb9391299c2ab6d1f07656f742dd238c4ce
2025-10-08 12:29:14.626 [main] INFO  file.pruebas_iniciales.primera_prueba - 427d87cfb4565dfc550de2063efb5167847327
2025-10-08 12:29:14.626 [main] INFO  file.pruebas_iniciales.primera_prueba - 4e577ead9051be8d0c244ee9b6f2d380b80319
2025-10-08 12:29:14.626 [main] INFO  file.pruebas_iniciales.primera_prueba - 7f02dabad6588f7663326729be158ca5a08362
2025-10-08 12:29:14.626 [main] INFO  file.pruebas_iniciales.primera_prueba - b872492c9eb24380deb3ae5b64c060412de32f
2025-10-08 12:29:14.626 [main] INFO  file.pruebas_iniciales.primera_prueba - e2f639d89f641ec42a2ba4e8772ee8a75ce384
2025-10-08 12:29:14.626 [main] INFO  file.pruebas_iniciales.primera_prueba - f26c0203a7844de00dbfc56e6a35d8ed3c022c
2025-10-08 12:29:14.627 [main] INFO  file.pruebas_iniciales.primera_prueba - fee8d9a22b5031e27aa0a7ff02e218c2143c85
2025-10-08 12:29:14.627 [main] INFO  file.pruebas_iniciales.primera_prueba - 05430068546aad11301cf29809a489c0cadd26
2025-10-08 12:29:14.627 [main] INFO  file.pruebas_iniciales.primera_prueba - 083795fd8f6c704e960611ce9c6748735d0ceb
2025-10-08 12:29:14.627 [main] INFO  file.pruebas_iniciales.primera_prueba - 140f94d06ad144ffe6f0df94401742bb11c105
2025-10-08 12:29:14.627 [main] INFO  file.pruebas_iniciales.primera_prueba - 23458ab15a79b2413ef7d0057c555d69f38fc6
2025-10-08 12:29:14.627 [main] INFO  file.pruebas_iniciales.primera_prueba - 2dce3cc54c25e8360886edfea0d3033a84c5a6
2025-10-08 12:29:14.628 [main] INFO  file.pruebas_iniciales.primera_prueba - 3b41986bb61972d6b48298f5fa9b388048b76a
2025-10-08 12:29:14.628 [main] INFO  file.pruebas_iniciales.primera_prueba - 715eaee21936fc9c46af63fc7e8820a794c7f2
2025-10-08 12:29:14.628 [main] INFO  file.pruebas_iniciales.primera_prueba - 7369c010f932bde445dd96870e0fe4a1aeee32
2025-10-08 12:29:14.628 [main] INFO  file.pruebas_iniciales.primera_prueba - 7984bb6c3f1e10e23bb2027abcfa84ae076ca5
2025-10-08 12:29:14.628 [main] INFO  file.pruebas_iniciales.primera_prueba - d35a34bf9bcb5c315cebb4bf81b01f3855f337
2025-10-08 12:29:14.628 [main] INFO  file.pruebas_iniciales.primera_prueba - 8637bc565891ee149a7c6e71e8760d20e434eb
2025-10-08 12:29:14.628 [main] INFO  file.pruebas_iniciales.primera_prueba - 954517525ee269696d8b0618951ee92510693c
2025-10-08 12:29:14.628 [main] INFO  file.pruebas_iniciales.primera_prueba - a0f3bacbb4ed4e2e294e343d20952fd3f2edd9
2025-10-08 12:29:14.628 [main] INFO  file.pruebas_iniciales.primera_prueba - a9bba6cd149b541c7035be0048ad4e83461a45
2025-10-08 12:29:14.628 [main] INFO  file.pruebas_iniciales.primera_prueba - df3b1f360838ed2fb5b967e741c8fa187252b9
2025-10-08 12:29:14.629 [main] INFO  file.pruebas_iniciales.primera_prueba - f4577d836322d6adc4d48682fbd22523c77b3c
2025-10-08 12:29:14.629 [main] INFO  file.pruebas_iniciales.primera_prueba - fbc91ffb2ea8628ff74d2726abbb86bcf12f64
2025-10-08 12:29:14.629 [main] INFO  file.pruebas_iniciales.primera_prueba - 36cd4c8e9113d7e543dbbdf3c9c43b0d3dd24a
2025-10-08 12:29:14.629 [main] INFO  file.pruebas_iniciales.primera_prueba - 7b63fa3fc126836a595c9bafc05b52d67e36c9
2025-10-08 12:29:14.629 [main] INFO  file.pruebas_iniciales.primera_prueba - d3f05a472ce4ca2f0bc8d04e90ee26bbae9d43
2025-10-08 12:29:14.629 [main] INFO  file.pruebas_iniciales.primera_prueba - f03865bb13ca0629ba5b31d867174b82dec9c0
2025-10-08 12:29:14.629 [main] INFO  file.pruebas_iniciales.primera_prueba - 13f3a8e05dff840c2dafe59031705c07b29ae8
2025-10-08 12:29:14.629 [main] INFO  file.pruebas_iniciales.primera_prueba - 5daf3f7f974c1bdbb7de059de2b0b46719b1d1
2025-10-08 12:29:14.629 [main] INFO  file.pruebas_iniciales.primera_prueba - 65b1b25b177fdebd1ea9a7d14cba48d3b364b6
2025-10-08 12:29:14.629 [main] INFO  file.pruebas_iniciales.primera_prueba - cd169f91039e492de7452e55c25ac044e60f2a
2025-10-08 12:29:14.630 [main] INFO  file.pruebas_iniciales.primera_prueba - 1bb409bad74bb7d632558299b4ec9fb46c5033
2025-10-08 12:29:14.630 [main] INFO  file.pruebas_iniciales.primera_prueba - 390f501d055f97f1a023eb11d0916f4992c3e9
2025-10-08 12:29:14.630 [main] INFO  file.pruebas_iniciales.primera_prueba - 658b67533ad54dcf7ff9bb305fa5b641bff36a
2025-10-08 12:29:14.630 [main] INFO  file.pruebas_iniciales.primera_prueba - 82dae75d255a26183a7967b6aaddf9f94880e4
2025-10-08 12:29:14.630 [main] INFO  file.pruebas_iniciales.primera_prueba - a1daceffa5c4478b22c69c7a2c6d6dad2c35e7
2025-10-08 12:29:14.630 [main] INFO  file.pruebas_iniciales.primera_prueba - a745fde5c2c90060b4b749d064cc36a42fb582
2025-10-08 12:29:14.630 [main] INFO  file.pruebas_iniciales.primera_prueba - d45f455d66ce6e807859e073125e52720cbc2d
2025-10-08 12:29:14.630 [main] INFO  file.pruebas_iniciales.primera_prueba - e9997b0b4726e57c27b2f7b21462b604ff8a88
2025-10-08 12:29:14.630 [main] INFO  file.pruebas_iniciales.primera_prueba - ea5578a7673119829d7f3f7e78078f01381630
2025-10-08 12:29:14.630 [main] INFO  file.pruebas_iniciales.primera_prueba - f3794e15bcb21647054cee123fc95019610522
2025-10-08 12:29:14.630 [main] INFO  file.pruebas_iniciales.primera_prueba - ffde76cb6690350a757596f922e265cec42873
2025-10-08 12:29:14.630 [main] INFO  file.pruebas_iniciales.primera_prueba - 07a98ff94cd267607e84d6b44691af3afbd5d8
2025-10-08 12:29:14.631 [main] INFO  file.pruebas_iniciales.primera_prueba - 07e854fbf7f59496f9c3119b6e43e4fd500a1f
2025-10-08 12:29:14.631 [main] INFO  file.pruebas_iniciales.primera_prueba - 2518d8e03ee43a0eeff473ad5a658c005a2a2b
2025-10-08 12:29:14.631 [main] INFO  file.pruebas_iniciales.primera_prueba - 2d1db097939c23f1d90fe2565484a7b5ca9e55
2025-10-08 12:29:14.631 [main] INFO  file.pruebas_iniciales.primera_prueba - 52810edd95d3add72674146bb2d3d6801def26
2025-10-08 12:29:14.631 [main] INFO  file.pruebas_iniciales.primera_prueba - 596d972dbe120590e34b9a9fea4a672127d850
2025-10-08 12:29:14.631 [main] INFO  file.pruebas_iniciales.primera_prueba - 0777eafc7fecc5474839a0d7d0ea56dc4f6804
2025-10-08 12:29:14.631 [main] INFO  file.pruebas_iniciales.primera_prueba - 238fe08cd4ddaf4ba6109a7ac397b6aa8346f0
2025-10-08 12:29:14.631 [main] INFO  file.pruebas_iniciales.primera_prueba - 2f1c97ec8c5f971958eaf22597e15b150e3d80
2025-10-08 12:29:14.631 [main] INFO  file.pruebas_iniciales.primera_prueba - df4a9e781fdbae72c4b82af60ffb3953ee0afc
2025-10-08 12:29:14.631 [main] INFO  file.pruebas_iniciales.primera_prueba - 05a6f04bcb1402bba463b3c57c0afe1c917909
2025-10-08 12:29:14.632 [main] INFO  file.pruebas_iniciales.primera_prueba - 0eb94aa27e4e6ef9da50ac2dfb26fbd6c64d61
2025-10-08 12:29:14.632 [main] INFO  file.pruebas_iniciales.primera_prueba - 343b420ce30bff612cdd6edb59b55039dbff2f
2025-10-08 12:29:14.632 [main] INFO  file.pruebas_iniciales.primera_prueba - 561e2cc1cae42b72cbbff93d2c43aa45ffc3a9
2025-10-08 12:29:14.632 [main] INFO  file.pruebas_iniciales.primera_prueba - 62881635c3be9ad795c0e60b853dc4583c50d6
2025-10-08 12:29:14.632 [main] INFO  file.pruebas_iniciales.primera_prueba - ba3c507e87f3ea9106b6b44ee60d738dd65ea9
2025-10-08 12:29:14.632 [main] INFO  file.pruebas_iniciales.primera_prueba - 199439f7671a16872f747172a4172340fd17ad
2025-10-08 12:29:14.632 [main] INFO  file.pruebas_iniciales.primera_prueba - 64f976666fbb9832abef874b41077b6529aaa6
2025-10-08 12:29:14.632 [main] INFO  file.pruebas_iniciales.primera_prueba - 6cbbc5a4ddc6ac859a03e225eb39f23398f048
2025-10-08 12:29:14.632 [main] INFO  file.pruebas_iniciales.primera_prueba - 7e94dbab01b05e7e4500df65219ec02ca30e01
2025-10-08 12:29:14.632 [main] INFO  file.pruebas_iniciales.primera_prueba - 8b79b67c2ccebcce72caa82720cb1eece04e7a
2025-10-08 12:29:14.632 [main] INFO  file.pruebas_iniciales.primera_prueba - a47c158ebabade9e81bd5f36ce2f30a594ebbb
2025-10-08 12:29:14.633 [main] INFO  file.pruebas_iniciales.primera_prueba - c77286db97bd1d1befb9a1fac2c0700a42d605
2025-10-08 12:29:14.633 [main] INFO  file.pruebas_iniciales.primera_prueba - 0c84c9dbcd7eb5f32d53bc620b3cf32e4c02bb
2025-10-08 12:29:14.633 [main] INFO  file.pruebas_iniciales.primera_prueba - 769f2b8931b6a32f4321afd53a3c120762db5b
2025-10-08 12:29:14.633 [main] INFO  file.pruebas_iniciales.primera_prueba - 88c100be8a3df3a08ed174d3cdddf754bfc03d
2025-10-08 12:29:14.633 [main] INFO  file.pruebas_iniciales.primera_prueba - de34961096076e3ad578310142d8e33859d1bb
2025-10-08 12:29:14.633 [main] INFO  file.pruebas_iniciales.primera_prueba - 00dffe0ce4751d351690a7e1d299460b75f757
2025-10-08 12:29:14.633 [main] INFO  file.pruebas_iniciales.primera_prueba - 221a810aa926faeff7af59fa9241b509fdf763
2025-10-08 12:29:14.633 [main] INFO  file.pruebas_iniciales.primera_prueba - 3853146a871680dcc0ab2a920f490f85c15b40
2025-10-08 12:29:14.633 [main] INFO  file.pruebas_iniciales.primera_prueba - 4add8c5ca7191f18539cb4cbb03b411b1aae78
2025-10-08 12:29:14.633 [main] INFO  file.pruebas_iniciales.primera_prueba - 6f4736ace1faea4659a4677fcce03228aceb1e
2025-10-08 12:29:14.634 [main] INFO  file.pruebas_iniciales.primera_prueba - b4d707b5b141e5a0edf7933a1b150a463ea4cd
2025-10-08 12:29:14.634 [main] INFO  file.pruebas_iniciales.primera_prueba - b94a10c69a3968f82131e8b824b68bde91979f
2025-10-08 12:29:14.634 [main] INFO  file.pruebas_iniciales.primera_prueba - be6dc1ac3c1d9d582585599d04a11f07f3423a
2025-10-08 12:29:14.634 [main] INFO  file.pruebas_iniciales.primera_prueba - ee3cbc9a7fb4242b2f2becb901674986dc4389
2025-10-08 12:29:14.634 [main] INFO  file.pruebas_iniciales.primera_prueba - 32acb441ad7ecd418413038c7add02d44e31ec
2025-10-08 12:29:14.634 [main] INFO  file.pruebas_iniciales.primera_prueba - 54ab9e6f0d9aed54ea47a0185f12d277a18d58
2025-10-08 12:29:14.634 [main] INFO  file.pruebas_iniciales.primera_prueba - 6888e366bdf289a9d1b6b87551808d9638b9a9
2025-10-08 12:29:14.634 [main] INFO  file.pruebas_iniciales.primera_prueba - 71a1f2ca135b5d354fd6a2bfcd713a3de675a6
2025-10-08 12:29:14.634 [main] INFO  file.pruebas_iniciales.primera_prueba - b5cfc799ec6169151d1a396ce8b891948ba27d
2025-10-08 12:29:14.635 [main] INFO  file.pruebas_iniciales.primera_prueba - 012937669161f51c3331672817c96194b8f81a
2025-10-08 12:29:14.635 [main] INFO  file.pruebas_iniciales.primera_prueba - 0716fe2f25069c4e60cc2c69a44378ee1ce73b
2025-10-08 12:29:14.635 [main] INFO  file.pruebas_iniciales.primera_prueba - 72da8d09203cabd78701aedef3e63f8db9941c
2025-10-08 12:29:14.635 [main] INFO  file.pruebas_iniciales.primera_prueba - f8e95f22d49873a64ba29ca5f820454d348ba1
2025-10-08 12:29:14.635 [main] INFO  file.pruebas_iniciales.primera_prueba - 0a055a26232537b506e9aacf23bcc2692ec4dc
2025-10-08 12:29:14.635 [main] INFO  file.pruebas_iniciales.primera_prueba - 28a2b379b96e1a89ce079ab6fa5eafd795203e
2025-10-08 12:29:14.635 [main] INFO  file.pruebas_iniciales.primera_prueba - 51975b9a747070e4e84873548ca86f57bf0635
2025-10-08 12:29:14.635 [main] INFO  file.pruebas_iniciales.primera_prueba - 77f527bdd74ca9b2dccf3628df6ee841a9352c
2025-10-08 12:29:14.635 [main] INFO  file.pruebas_iniciales.primera_prueba - 9039f8bb1b3bd4f40be120e677f8e623fd01a4
2025-10-08 12:29:14.635 [main] INFO  file.pruebas_iniciales.primera_prueba - be0526a92c790e74b5890f5f275e1092af8627
2025-10-08 12:29:14.636 [main] INFO  file.pruebas_iniciales.primera_prueba - 54b86717d2ce15b32e35ca4138bc89fd9b549d
2025-10-08 12:29:14.636 [main] INFO  file.pruebas_iniciales.primera_prueba - 8554d1934519f282bcdee6d63dedd0d7231962
2025-10-08 12:29:14.636 [main] INFO  file.pruebas_iniciales.primera_prueba - 9ca1f47721e4361a9943750aad6d1d90b9fb1c
2025-10-08 12:29:14.636 [main] INFO  file.pruebas_iniciales.primera_prueba - bda4f75ede498c957c44824c6491281fc500b7
2025-10-08 12:29:14.636 [main] INFO  file.pruebas_iniciales.primera_prueba - dcf487d1be43fc33dd86d687012d0904e7b514
2025-10-08 12:29:14.636 [main] INFO  file.pruebas_iniciales.primera_prueba - f0f6cdbff64eee33660d4ade6410728494fae5
2025-10-08 12:29:14.636 [main] INFO  file.pruebas_iniciales.primera_prueba - 0eb308ee88a174c2580d8061b0a727688953f5
2025-10-08 12:29:14.636 [main] INFO  file.pruebas_iniciales.primera_prueba - 26c37a08578a9e194fdd3d4fd2095f8f0b0caf
2025-10-08 12:29:14.636 [main] INFO  file.pruebas_iniciales.primera_prueba - 2cbabac3b98052634faebff3b4fdf7c0093379
2025-10-08 12:29:14.636 [main] INFO  file.pruebas_iniciales.primera_prueba - 2fa011602da2f538e586e504d1a0f68156327d
2025-10-08 12:29:14.637 [main] INFO  file.pruebas_iniciales.primera_prueba - 9a4e182ffe03f6b50691caee5cae28984dcc3e
2025-10-08 12:29:14.637 [main] INFO  file.pruebas_iniciales.primera_prueba - db8b00ee50cac05103246a50d32f3f9fbdcc97
2025-10-08 12:29:14.637 [main] INFO  file.pruebas_iniciales.primera_prueba - 3452fd8347cc6c3798ef6fd98e764da7f05fb8
2025-10-08 12:29:14.637 [main] INFO  file.pruebas_iniciales.primera_prueba - 6682efce1dc16db0c5031a1003a3edbe396bac
2025-10-08 12:29:14.637 [main] INFO  file.pruebas_iniciales.primera_prueba - 724b77071afcbd9bb398053e05adaf7ac9405a
2025-10-08 12:29:14.637 [main] INFO  file.pruebas_iniciales.primera_prueba - 7d6427e6fa1074b79ccd52ef67ac15c5637e85
2025-10-08 12:29:14.637 [main] INFO  file.pruebas_iniciales.primera_prueba - bf75d348224a0d24a2ebd35ee20489c998171c
2025-10-08 12:29:14.637 [main] INFO  file.pruebas_iniciales.primera_prueba - ee360fbf81aa71d7ffdaa3f86d779a9805a8a4
2025-10-08 12:29:14.637 [main] INFO  file.pruebas_iniciales.primera_prueba - 868f6a5e24f71464df7d2da5a3c71ef3f6053c
2025-10-08 12:29:14.637 [main] INFO  file.pruebas_iniciales.primera_prueba - bf8e5211b6a04431b29bc5ab1269fb2676782d
2025-10-08 12:29:14.637 [main] INFO  file.pruebas_iniciales.primera_prueba - e7d68006b132e53ba8cf315963c88a29773b85
2025-10-08 12:29:14.638 [main] INFO  file.pruebas_iniciales.primera_prueba - e954781aba9bbe7dc63fbcd1ae8ef4a9def4eb
2025-10-08 12:29:14.638 [main] INFO  file.pruebas_iniciales.primera_prueba - 059b9522121f9de1e9b20a81d93a7b67338d6f
2025-10-08 12:29:14.638 [main] INFO  file.pruebas_iniciales.primera_prueba - 19f7f564753b47767259b5a16787039330dd00
2025-10-08 12:29:14.638 [main] INFO  file.pruebas_iniciales.primera_prueba - 37fb2e4bca5ec7510383d7e55ea7b6b759e05a
2025-10-08 12:29:14.638 [main] INFO  file.pruebas_iniciales.primera_prueba - 5aa1ed0045369e78776981146afbe5db3b5d53
2025-10-08 12:29:14.638 [main] INFO  file.pruebas_iniciales.primera_prueba - 6e9cc25c576376f92965c2dd56e477bb6562f4
2025-10-08 12:29:14.638 [main] INFO  file.pruebas_iniciales.primera_prueba - d0319df9dbf9d5bfaf7e4711449e4855d00fcd
2025-10-08 12:29:14.638 [main] INFO  file.pruebas_iniciales.primera_prueba - b58d1e9e5043e8876d06c74ae404bba0cf1ba6
2025-10-08 12:29:14.638 [main] INFO  file.pruebas_iniciales.primera_prueba - c0c92367a8afd2c4888bfc5175569e115535ed
2025-10-08 12:29:14.638 [main] INFO  file.pruebas_iniciales.primera_prueba - dcfc95c53dd3c3e82416ca16d4a60d205fea06
2025-10-08 12:29:14.639 [main] INFO  file.pruebas_iniciales.primera_prueba - 029e263d71edac618c580f60aeb3250bb44ed0
2025-10-08 12:29:14.639 [main] INFO  file.pruebas_iniciales.primera_prueba - 2fefae1d83493ba5af4490d1bddd3e09bd5c68
2025-10-08 12:29:14.639 [main] INFO  file.pruebas_iniciales.primera_prueba - af1a09111737aee3c899330e161fc8b185bbc1
2025-10-08 12:29:14.639 [main] INFO  file.pruebas_iniciales.primera_prueba - d1fcc00c6c149692c7e6a4ea7a9186f1de063b
2025-10-08 12:29:14.639 [main] INFO  file.pruebas_iniciales.primera_prueba - d735634a94ec61ca0ff3f315c1746367f591a5
2025-10-08 12:29:14.639 [main] INFO  file.pruebas_iniciales.primera_prueba - 865f5e103c1e1c151befd22d52c7d9c40fdac2
2025-10-08 12:29:14.639 [main] INFO  file.pruebas_iniciales.primera_prueba - 9cacc56d04a2c2b30534019c6438bc26f11962
2025-10-08 12:29:14.639 [main] INFO  file.pruebas_iniciales.primera_prueba - ea7850666687285cab5d4be1da3658d2a0cda8
2025-10-08 12:29:14.639 [main] INFO  file.pruebas_iniciales.primera_prueba - 02ead3d3e1feb67e10cfb682418791b560581c
2025-10-08 12:29:14.639 [main] INFO  file.pruebas_iniciales.primera_prueba - 406b312ac35f270cf1569a8af71efbe7387c0b
2025-10-08 12:29:14.639 [main] INFO  file.pruebas_iniciales.primera_prueba - 5cd7f370da1346fc9995dc1728d6ac409b82cd
2025-10-08 12:29:14.639 [main] INFO  file.pruebas_iniciales.primera_prueba - 805074e308dba9c71a7ba5c0a88d3dac05fb6e
2025-10-08 12:29:14.640 [main] INFO  file.pruebas_iniciales.primera_prueba - cf3cfe95e57f6c8515feff1b020684550e9b09
2025-10-08 12:29:14.640 [main] INFO  file.pruebas_iniciales.primera_prueba - d19c06e26074c560f39d0385a4724741726b43
2025-10-08 12:29:14.640 [main] INFO  file.pruebas_iniciales.primera_prueba - 173a12df31c79ca981e5e812c0b12ce9c46f23
2025-10-08 12:29:14.640 [main] INFO  file.pruebas_iniciales.primera_prueba - 4eff510fc397eeddec1b522edb285a1c8b8a0f
2025-10-08 12:29:14.640 [main] INFO  file.pruebas_iniciales.primera_prueba - 5fbd034e3e58fa0c0b62b0f94d0dfbfd918d94
2025-10-08 12:29:14.640 [main] INFO  file.pruebas_iniciales.primera_prueba - 94077ca2fcb01333b143c53620cae4aca0d3a8
2025-10-08 12:29:14.641 [main] INFO  file.pruebas_iniciales.primera_prueba - 9c2f422da32881ca916133acf064d25ead6192
2025-10-08 12:29:14.641 [main] INFO  file.pruebas_iniciales.primera_prueba - a5cbc082429e6363ab7c1e82cf1694e0a427e3
2025-10-08 12:29:14.641 [main] INFO  file.pruebas_iniciales.primera_prueba - 00cad2f88cc81d914b2c989b85ddedb6464c19
2025-10-08 12:29:14.641 [main] INFO  file.pruebas_iniciales.primera_prueba - 48f536d50cd60354f13016aec845359b4f986d
2025-10-08 12:29:14.641 [main] INFO  file.pruebas_iniciales.primera_prueba - 68ef36cd2de3a14ddddf25aa9f5d4e95731e18
2025-10-08 12:29:14.641 [main] INFO  file.pruebas_iniciales.primera_prueba - 727b2faba620c7078fe3eebafcb5f667ed885f
2025-10-08 12:29:14.641 [main] INFO  file.pruebas_iniciales.primera_prueba - 8dac679a8f375bd6a9f788a590f23898d598a1
2025-10-08 12:29:14.642 [main] INFO  file.pruebas_iniciales.primera_prueba - a94ae0aeb87a9f450f1a9dbcd8bbde359058d1
2025-10-08 12:29:14.642 [main] INFO  file.pruebas_iniciales.primera_prueba - a991953cb04fa415e0ad5fbcc318da218d0e1d
2025-10-08 12:29:14.642 [main] INFO  file.pruebas_iniciales.primera_prueba - acd9ca923aac1b102813188069d80937c20660
2025-10-08 12:29:14.642 [main] INFO  file.pruebas_iniciales.primera_prueba - bdec2d71b6a5ce4ae49efc37516809c50e4d5e
2025-10-08 12:29:14.642 [main] INFO  file.pruebas_iniciales.primera_prueba - ce9cacf1161dde2eb93de7699102169b909dee
2025-10-08 12:29:14.642 [main] INFO  file.pruebas_iniciales.primera_prueba - dfe3d1ba5cf3ee31b3ecc1ced89044a1f3b7a9
2025-10-08 12:29:14.642 [main] INFO  file.pruebas_iniciales.primera_prueba - 132ff8f092b832abae4a106334aedb2a42b793
2025-10-08 12:29:14.642 [main] INFO  file.pruebas_iniciales.primera_prueba - 1a7bcd451ae3f206fee68d08e85819a5d42e24
2025-10-08 12:29:14.642 [main] INFO  file.pruebas_iniciales.primera_prueba - 2f1a81b97ccb54a703cb0ae8970af26cbda305
2025-10-08 12:29:14.643 [main] INFO  file.pruebas_iniciales.primera_prueba - 405b3b32436569d6c9166762efd07fff07e534
2025-10-08 12:29:14.643 [main] INFO  file.pruebas_iniciales.primera_prueba - 48dc2aea7972740a75cef1f648d9c45fe11fd2
2025-10-08 12:29:14.643 [main] INFO  file.pruebas_iniciales.primera_prueba - a37a10bf6cc009fe2a7cfe8baf86483cd7c049
2025-10-08 12:29:14.643 [main] INFO  file.pruebas_iniciales.primera_prueba - aaa2a3a9193d6478ec30c22c3d765cfadd72e1
2025-10-08 12:29:14.643 [main] INFO  file.pruebas_iniciales.primera_prueba - ccaed38d89b9e19dad6ce04b0f81bb1a53014b
2025-10-08 12:29:14.643 [main] INFO  file.pruebas_iniciales.primera_prueba - ecd8131aac2c7185ad72daf94ac2333f69cfcd
2025-10-08 12:29:14.643 [main] INFO  file.pruebas_iniciales.primera_prueba - fa32aa4b013b87e7218783dbc68c20d97325d0
2025-10-08 12:29:14.643 [main] INFO  file.pruebas_iniciales.primera_prueba - 23f652f52455607a15f34676450cfba9132645
2025-10-08 12:29:14.643 [main] INFO  file.pruebas_iniciales.primera_prueba - 67015429b5c11e055824c66c7536791f45eb2b
2025-10-08 12:29:14.643 [main] INFO  file.pruebas_iniciales.primera_prueba - 87be2ff8ea85d964b80a533b7fe7efed128f3f
2025-10-08 12:29:14.643 [main] INFO  file.pruebas_iniciales.primera_prueba - 8fc0d52ae8b17ee1a7404340c45527488a9cd0
2025-10-08 12:29:14.643 [main] INFO  file.pruebas_iniciales.primera_prueba - e6112ce05442af7325c7be84320e5b7e87b26c
2025-10-08 12:29:14.643 [main] INFO  file.pruebas_iniciales.primera_prueba - f3511ef189f5173ea56aaf58192bbb8c545e43
2025-10-08 12:29:14.643 [main] INFO  file.pruebas_iniciales.primera_prueba - 27489bfc93702ca161f3be7e069078ca1a4da5
2025-10-08 12:29:14.643 [main] INFO  file.pruebas_iniciales.primera_prueba - 6bb3817326b9fe51b8b8b98ab8db602fd85ed3
2025-10-08 12:29:14.643 [main] INFO  file.pruebas_iniciales.primera_prueba - 77cfe230cae4e294b2ea04d743dfc4433731fc
2025-10-08 12:29:14.643 [main] INFO  file.pruebas_iniciales.primera_prueba - 917d00a1630a17bb4022b1ea4d7cf44a10f650
2025-10-08 12:29:14.643 [main] INFO  file.pruebas_iniciales.primera_prueba - e783339efa6a81b741653cb49607897581be48
2025-10-08 12:29:14.643 [main] INFO  file.pruebas_iniciales.primera_prueba - f365a89ea5cdc5a4164a74ce3884d3937eac6c
2025-10-08 12:29:14.644 [main] INFO  file.pruebas_iniciales.primera_prueba - 2a690e53ac3aa04f5dc7e07480dbb4a0ee17fc
2025-10-08 12:29:14.644 [main] INFO  file.pruebas_iniciales.primera_prueba - 639a93cf7dfee327def6d3dcae55245784f378
2025-10-08 12:29:14.644 [main] INFO  file.pruebas_iniciales.primera_prueba - 6cb85f9fd13d68ac80d4b622692618805785ca
2025-10-08 12:29:14.644 [main] INFO  file.pruebas_iniciales.primera_prueba - 8b01adbd997ff5b81747ba5dca07f5fc7e87ab
2025-10-08 12:29:14.644 [main] INFO  file.pruebas_iniciales.primera_prueba - c16de585a0d18ccc53facc3a407801288f957e
2025-10-08 12:29:14.644 [main] INFO  file.pruebas_iniciales.primera_prueba - ca38276632fc26d3a40dfce73136e10a055936
2025-10-08 12:29:14.644 [main] INFO  file.pruebas_iniciales.primera_prueba - ee8ba977d8021bd9712796357d2394be6e41b6
2025-10-08 12:29:14.644 [main] INFO  file.pruebas_iniciales.primera_prueba - f7460d4ba70b9cbfc5125cd17bc4be6451d8b4
2025-10-08 12:29:14.645 [main] INFO  file.pruebas_iniciales.primera_prueba - 180453daf2f36e42d02604f7d63cf3823bc2a8
2025-10-08 12:29:14.645 [main] INFO  file.pruebas_iniciales.primera_prueba - 48586c2472566dc638ade60007adffc2b10552
2025-10-08 12:29:14.645 [main] INFO  file.pruebas_iniciales.primera_prueba - 56991d2d71a816f212ab86d7af70666a786cf6
2025-10-08 12:29:14.645 [main] INFO  file.pruebas_iniciales.primera_prueba - f53adf606b7118d898c2ece5f8dd79f653961d
2025-10-08 12:29:14.645 [main] INFO  file.pruebas_iniciales.primera_prueba - f6ab67beb0a68cd254b87ab473326fd2a31037
2025-10-08 12:29:14.645 [main] INFO  file.pruebas_iniciales.primera_prueba - 382370ec6286fa7b1577bc5b73ddb1aab2782d
2025-10-08 12:29:14.646 [main] INFO  file.pruebas_iniciales.primera_prueba - 6273d9424b73937ca6ad7933f6b7eeb60f4a3d
2025-10-08 12:29:14.646 [main] INFO  file.pruebas_iniciales.primera_prueba - 79309601e01d53586354bfaf968bd2325ee3fb
2025-10-08 12:29:14.646 [main] INFO  file.pruebas_iniciales.primera_prueba - 51191fae820701078a33bfa49931987fac5e29
2025-10-08 12:29:14.646 [main] INFO  file.pruebas_iniciales.primera_prueba - 564ff4af1dffe141c8b24b1c89cb56b2d30771
2025-10-08 12:29:14.646 [main] INFO  file.pruebas_iniciales.primera_prueba - b5c620ec028cab62f978190efee2656c7ac021
2025-10-08 12:29:14.646 [main] INFO  file.pruebas_iniciales.primera_prueba - 2d89fee56bab46cf1ed966b439ce440171b503
2025-10-08 12:29:14.646 [main] INFO  file.pruebas_iniciales.primera_prueba - 36273c47cc9a3a19d1925b489aa7791fa9f8c7
2025-10-08 12:29:14.646 [main] INFO  file.pruebas_iniciales.primera_prueba - 0c246d64f70fa21910558a7a5410a11909adbf
2025-10-08 12:29:14.646 [main] INFO  file.pruebas_iniciales.primera_prueba - 21b0352a776e32dfa73226c929b14a87697286
2025-10-08 12:29:14.646 [main] INFO  file.pruebas_iniciales.primera_prueba - 4b1e2406ec5418f2bb690251628dde11afa468
2025-10-08 12:29:14.647 [main] INFO  file.pruebas_iniciales.primera_prueba - 5cbfe5725496e2857666c58688c5bb7ada4c2b
2025-10-08 12:29:14.647 [main] INFO  file.pruebas_iniciales.primera_prueba - 715b2aec8e390a63c3ed669cb96c1e284a846b
2025-10-08 12:29:14.647 [main] INFO  file.pruebas_iniciales.primera_prueba - 94f3abef28e86cc76ab9909975b6fc6fddbef0
2025-10-08 12:29:14.647 [main] INFO  file.pruebas_iniciales.primera_prueba - ee6591e86b44e500b39ebedf785c343a1e2ee4
2025-10-08 12:29:14.647 [main] INFO  file.pruebas_iniciales.primera_prueba - f6ae95aac6d4103a9e596a09ab4b350fdfdc51
2025-10-08 12:29:14.647 [main] INFO  file.pruebas_iniciales.primera_prueba - 05f90bafe29e7515783223658157c8b16bd379
2025-10-08 12:29:14.647 [main] INFO  file.pruebas_iniciales.primera_prueba - 25354091b892bcbf19119408015f048e6f0dc6
2025-10-08 12:29:14.647 [main] INFO  file.pruebas_iniciales.primera_prueba - 42aeb2ec0c1e5b53f9800f5f63267272f472ca
2025-10-08 12:29:14.647 [main] INFO  file.pruebas_iniciales.primera_prueba - 4b88d3b5892b3c21c273ce1395dcd6a7e2a057
2025-10-08 12:29:14.647 [main] INFO  file.pruebas_iniciales.primera_prueba - aac7aa647fe5165c4ac5e981fba819d480c866
2025-10-08 12:29:14.647 [main] INFO  file.pruebas_iniciales.primera_prueba - e68eef898e721ed93c61a4dd891b675d5d8c6e
2025-10-08 12:29:14.647 [main] INFO  file.pruebas_iniciales.primera_prueba - 27d7b686434900c29a61df72585ab3452f40ee
2025-10-08 12:29:14.647 [main] INFO  file.pruebas_iniciales.primera_prueba - 4c675299e22d7fc2fc9a0986c80dad6376841d
2025-10-08 12:29:14.648 [main] INFO  file.pruebas_iniciales.primera_prueba - 5c82b012804274dc98821411363a31471ab123
2025-10-08 12:29:14.648 [main] INFO  file.pruebas_iniciales.primera_prueba - 71c86bfcdffdfcddef044dcaa52c48f0a26792
2025-10-08 12:29:14.648 [main] INFO  file.pruebas_iniciales.primera_prueba - 831afdd4c1a9dc03416af62c1670f5d37badd2
2025-10-08 12:29:14.648 [main] INFO  file.pruebas_iniciales.primera_prueba - 876bead4e46e9f55bfa9823f15c6c88cd29470
2025-10-08 12:29:14.648 [main] INFO  file.pruebas_iniciales.primera_prueba - a2bcca451b16c8c8bf0fb4d578bb13cb139850
2025-10-08 12:29:14.648 [main] INFO  file.pruebas_iniciales.primera_prueba - d116a82c8feb07fd28e07ccb30d0be2ad0cfb1
2025-10-08 12:29:14.648 [main] INFO  file.pruebas_iniciales.primera_prueba - f85550e724620f447e67356a7caea4d969b62f
2025-10-08 12:29:14.648 [main] INFO  file.pruebas_iniciales.primera_prueba - 5fa443d21df0e036b574789e2a4ff91c5a6d3a
2025-10-08 12:29:14.648 [main] INFO  file.pruebas_iniciales.primera_prueba - 646ea36919960c2600790c05683db5c7b5df44
2025-10-08 12:29:14.648 [main] INFO  file.pruebas_iniciales.primera_prueba - 84fc6f0ebfb30ebcaa2c4715b2cd9532dc073b
2025-10-08 12:29:14.648 [main] INFO  file.pruebas_iniciales.primera_prueba - 866f6bf7c76e01288e5a069f36e805f19ac212
2025-10-08 12:29:14.649 [main] INFO  file.pruebas_iniciales.primera_prueba - 9acdd1c24f33cb1de870ddc22723c2db70f68e
2025-10-08 12:29:14.649 [main] INFO  file.pruebas_iniciales.primera_prueba - b250b1d5db3e38294147d010c8a7cd43c97404
2025-10-08 12:29:14.649 [main] INFO  file.pruebas_iniciales.primera_prueba - b68ebaf3a462ddca1b7bf580a4a9e85d64eb36
2025-10-08 12:29:14.649 [main] INFO  file.pruebas_iniciales.primera_prueba - c430bd768e095c50c247f752bc6b476480437e
2025-10-08 12:29:14.649 [main] INFO  file.pruebas_iniciales.primera_prueba - 43ee59f6e0688f3d98cfb4a973382257e5d9d1
2025-10-08 12:29:14.649 [main] INFO  file.pruebas_iniciales.primera_prueba - 58fcba0dbce86980f54f8cc6040f3adeab3bb9
2025-10-08 12:29:14.649 [main] INFO  file.pruebas_iniciales.primera_prueba - 9a006b79e129ea313ec52b83682585c1b666f8
2025-10-08 12:29:14.649 [main] INFO  file.pruebas_iniciales.primera_prueba - b85833b29302c1f45cc51aba442f37c3275a3c
2025-10-08 12:29:14.649 [main] INFO  file.pruebas_iniciales.primera_prueba - badc29489bd414607a99f81841c34a780ce1ae
2025-10-08 12:29:14.650 [main] INFO  file.pruebas_iniciales.primera_prueba - 24436454fe6da23ee19d87bcbd25b40fe13213
2025-10-08 12:29:14.650 [main] INFO  file.pruebas_iniciales.primera_prueba - 33b6b2e70a2d6993c415f583601bc6745f63fb
2025-10-08 12:29:14.650 [main] INFO  file.pruebas_iniciales.primera_prueba - 49d1551e05a15884d4022db9180704c503413c
2025-10-08 12:29:14.650 [main] INFO  file.pruebas_iniciales.primera_prueba - 55e630d7d6448b8205bff6f3ff2b49bc35ccd2
2025-10-08 12:29:14.650 [main] INFO  file.pruebas_iniciales.primera_prueba - b0756956935ba6846d73372e9eb1e7feeb1080
2025-10-08 12:29:14.650 [main] INFO  file.pruebas_iniciales.primera_prueba - 6317004212096b06f3eddd6862234ddce57a52
2025-10-08 12:29:14.650 [main] INFO  file.pruebas_iniciales.primera_prueba - 788f2952f6df4e82be698ccd2a25ff73d4d491
2025-10-08 12:29:14.651 [main] INFO  file.pruebas_iniciales.primera_prueba - 9fd0c2b398219fe7aebf50683bf30963a290a5
2025-10-08 12:29:14.651 [main] INFO  file.pruebas_iniciales.primera_prueba - ab3e798c44958f37356d430243b3f33ce44add
2025-10-08 12:29:14.651 [main] INFO  file.pruebas_iniciales.primera_prueba - ce127aa0c613e3b892a1b6efb03bc8f6ff670f
2025-10-08 12:29:14.651 [main] INFO  file.pruebas_iniciales.primera_prueba - f87fe4cce3dae96aa093f56d282ba4568a2d20
2025-10-08 12:29:14.651 [main] INFO  file.pruebas_iniciales.primera_prueba - 09e78ecd372343283f4157dcfd918ec5165bb3
2025-10-08 12:29:14.651 [main] INFO  file.pruebas_iniciales.primera_prueba - 2801b8706e1952578574ced683398cd03be620
2025-10-08 12:29:14.651 [main] INFO  file.pruebas_iniciales.primera_prueba - 365ab11f9ba6b763735c8fd976420234bb3521
2025-10-08 12:29:14.651 [main] INFO  file.pruebas_iniciales.primera_prueba - 62a9f10e4d7e710824f351170358a4994d534f
2025-10-08 12:29:14.651 [main] INFO  file.pruebas_iniciales.primera_prueba - 6db2dd2bbb7e0bb8c4e37e89a1a9c4c03746a0
2025-10-08 12:29:14.651 [main] INFO  file.pruebas_iniciales.primera_prueba - b790f97b297016d0a2fc34c491ebd7586dd11f
2025-10-08 12:29:14.651 [main] INFO  file.pruebas_iniciales.primera_prueba - c40c55f49a3742855ce901d9266f6ea48deeaf
2025-10-08 12:29:14.651 [main] INFO  file.pruebas_iniciales.primera_prueba - 2c944549406b78273e7635fadaed5d7f331654
2025-10-08 12:29:14.651 [main] INFO  file.pruebas_iniciales.primera_prueba - a158079081fe7c2247c62a15e27d140c8bc598
2025-10-08 12:29:14.651 [main] INFO  file.pruebas_iniciales.primera_prueba - e72f403c40b81da925d934d189b851712627aa
2025-10-08 12:29:14.651 [main] INFO  file.pruebas_iniciales.primera_prueba - ebe433cca5e974794de1efd9f06319d718cdc2
2025-10-08 12:29:14.653 [main] INFO  file.pruebas_iniciales.primera_prueba - 0a475d80a9caabb31a37ea225edb03ddcb46a9
2025-10-08 12:29:14.653 [main] INFO  file.pruebas_iniciales.primera_prueba - 588eda23dc730a0c26ec3899f7ad814769434b
2025-10-08 12:29:14.653 [main] INFO  file.pruebas_iniciales.primera_prueba - 6da83d3d2eca52336a431a10b3d131dc6b5e70
2025-10-08 12:29:14.653 [main] INFO  file.pruebas_iniciales.primera_prueba - ab464808ecdb08714e09eeb979ae0e4e5d1738
2025-10-08 12:29:14.653 [main] INFO  file.pruebas_iniciales.primera_prueba - ba070d7ad76661cec41bd4dbc9c8fcd683ba55
2025-10-08 12:29:14.653 [main] INFO  file.pruebas_iniciales.primera_prueba - 074ed8da6e020126e6d61b58cf103c4d7dd848
2025-10-08 12:29:14.653 [main] INFO  file.pruebas_iniciales.primera_prueba - 31be6dedb06d8529026405542005050f0eb651
2025-10-08 12:29:14.653 [main] INFO  file.pruebas_iniciales.primera_prueba - 46124c2e3b9d5b22a73abe11d9d908546042df
2025-10-08 12:29:14.653 [main] INFO  file.pruebas_iniciales.primera_prueba - 9898a544f33a6c342ba7bb6912c7b566d733bb
2025-10-08 12:29:14.654 [main] INFO  file.pruebas_iniciales.primera_prueba - 23c21b8de5994cfa5f69f4009823f59eba44c1
2025-10-08 12:29:14.654 [main] INFO  file.pruebas_iniciales.primera_prueba - 80456e3d5eb953af74b174fedab10a2fd7e000
2025-10-08 12:29:14.654 [main] INFO  file.pruebas_iniciales.primera_prueba - 8a635d178e18466674de84da92d92bb148d2c0
2025-10-08 12:29:14.654 [main] INFO  file.pruebas_iniciales.primera_prueba - a1717c86cabe588a1ca0551e62a7472db8e90b
2025-10-08 12:29:14.654 [main] INFO  file.pruebas_iniciales.primera_prueba - b1e1dc80d0d49e39e4c564e0ea9792d7777764
2025-10-08 12:29:14.654 [main] INFO  file.pruebas_iniciales.primera_prueba - 16d71bab43a1708591e15e2ef6002d984dbe06
2025-10-08 12:29:14.654 [main] INFO  file.pruebas_iniciales.primera_prueba - 2d0731c78c7c141046213aa3cbcacfedce0c5f
2025-10-08 12:29:14.654 [main] INFO  file.pruebas_iniciales.primera_prueba - 4a59ff1eb30414f71542834fb0a9b761169ab3
2025-10-08 12:29:14.654 [main] INFO  file.pruebas_iniciales.primera_prueba - 5dc2100d438105ae6ae25841cabab5a59539c9
2025-10-08 12:29:14.654 [main] INFO  file.pruebas_iniciales.primera_prueba - 75f0cc26969fc8ceaf6ed95e7ec74ecb375574
2025-10-08 12:29:14.655 [main] INFO  file.pruebas_iniciales.primera_prueba - a64df2d36a092187b200bfcc13bf0d5dfddff0
2025-10-08 12:29:14.655 [main] INFO  file.pruebas_iniciales.primera_prueba - a6aea614761b9a49cd4cfd996961f8191ffe19
2025-10-08 12:29:14.655 [main] INFO  file.pruebas_iniciales.primera_prueba - a9c97144feb284cb210dbe1100b08b49c46b08
2025-10-08 12:29:14.655 [main] INFO  file.pruebas_iniciales.primera_prueba - b19aed5d38e0566db6fab66b2abcb612582601
2025-10-08 12:29:14.655 [main] INFO  file.pruebas_iniciales.primera_prueba - e2eb9adcfb2d3313ec85f5c28cedda950a3f9b
2025-10-08 12:29:14.655 [main] INFO  file.pruebas_iniciales.primera_prueba - ea499ecb5892cabd17996d154b5a5e8a70a516
2025-10-08 12:29:14.655 [main] INFO  file.pruebas_iniciales.primera_prueba - f45074860a35315ce9df7a9f68234069fe237a
2025-10-08 12:29:14.655 [main] INFO  file.pruebas_iniciales.primera_prueba - 524cd961d27b6695e755c6ef2d4d58cf38431e
2025-10-08 12:29:14.655 [main] INFO  file.pruebas_iniciales.primera_prueba - 6c7bb6dc8bbdc6f0f0720ed64ca7daca799746
2025-10-08 12:29:14.656 [main] INFO  file.pruebas_iniciales.primera_prueba - 9d4ff33f575385a774f85c8e8845e166e36fee
2025-10-08 12:29:14.656 [main] INFO  file.pruebas_iniciales.primera_prueba - 9f2579e326f3c7acdd0addba218f16ae6586c7
2025-10-08 12:29:14.656 [main] INFO  file.pruebas_iniciales.primera_prueba - 08d620db9cd78b1781119978daab58bd8c2f6b
2025-10-08 12:29:14.656 [main] INFO  file.pruebas_iniciales.primera_prueba - 5a6b420bcf2f748ffece2d4ab236bd6d526c2d
2025-10-08 12:29:14.656 [main] INFO  file.pruebas_iniciales.primera_prueba - 6022a8c4b73ecbffd06e2c50d0840e8e1887e8
2025-10-08 12:29:14.656 [main] INFO  file.pruebas_iniciales.primera_prueba - ae8d23aa35785fc2cf809e6416bf2fbf0ae0ea
2025-10-08 12:29:14.656 [main] INFO  file.pruebas_iniciales.primera_prueba - bcc3b3aefceeb458499c7228045bb50c9ea640
2025-10-08 12:29:14.656 [main] INFO  file.pruebas_iniciales.primera_prueba - 8b2131491bc09826081bcba887281a24efd4f3
2025-10-08 12:29:14.656 [main] INFO  file.pruebas_iniciales.primera_prueba - d161629ea452b3b0aa44dba28bacd9a00d9cd6
2025-10-08 12:29:14.656 [main] INFO  file.pruebas_iniciales.primera_prueba - e283bc5e25543e626d2fdbe405d3815a2a05e7
2025-10-08 12:29:14.657 [main] INFO  file.pruebas_iniciales.primera_prueba - 28e6c207e27654fbec460c4deedcc41e0a9da1
2025-10-08 12:29:14.657 [main] INFO  file.pruebas_iniciales.primera_prueba - 4ba594eb92f2b145d9765f700ae2765947c7bb
2025-10-08 12:29:14.657 [main] INFO  file.pruebas_iniciales.primera_prueba - 554f8d59dc48aa1b3f5be523923d97d51d1309
2025-10-08 12:29:14.657 [main] INFO  file.pruebas_iniciales.primera_prueba - c203adf69eee67fef6bb13190ccb9c9826caed
2025-10-08 12:29:14.657 [main] INFO  file.pruebas_iniciales.primera_prueba - 3792499c438c4f034580434747fbb21945e0d1
2025-10-08 12:29:14.657 [main] INFO  file.pruebas_iniciales.primera_prueba - 4eaa539c5f4b0f916828ed253989682ceaf93c
2025-10-08 12:29:14.657 [main] INFO  file.pruebas_iniciales.primera_prueba - 55accfe88e5bf276036b50a29b98e1a47b9523
2025-10-08 12:29:14.657 [main] INFO  file.pruebas_iniciales.primera_prueba - 932174b9ed860096364a209f3e1a8dcb67206a
2025-10-08 12:29:14.658 [main] INFO  file.pruebas_iniciales.primera_prueba - ad6d113b492d0cbc8fda858102bb6532be7816
2025-10-08 12:29:14.658 [main] INFO  file.pruebas_iniciales.primera_prueba - bb73c4e56bebde1e6e1d82895ef313c337b7c0
2025-10-08 12:29:14.658 [main] INFO  file.pruebas_iniciales.primera_prueba - c907f8902e6d02472d9c7090db2dcae48d4bed
2025-10-08 12:29:14.658 [main] INFO  file.pruebas_iniciales.primera_prueba - d0db7869f02886986a1bcbf31d932c2e6ca116
2025-10-08 12:29:14.658 [main] INFO  file.pruebas_iniciales.primera_prueba - 187265420b1090f2f08c8866ab51da557ade78
2025-10-08 12:29:14.658 [main] INFO  file.pruebas_iniciales.primera_prueba - 5b426e0a6332a2365ad2582964a1fec76103cc
2025-10-08 12:29:14.658 [main] INFO  file.pruebas_iniciales.primera_prueba - 61e0238e575ac25c7b307785360e553ff9a723
2025-10-08 12:29:14.658 [main] INFO  file.pruebas_iniciales.primera_prueba - 8828f5c1192eb0041f9300f2fa650e0f56b7b5
2025-10-08 12:29:14.658 [main] INFO  file.pruebas_iniciales.primera_prueba - d86bff2ef4370e36316e62092cc2f17f39f55a
2025-10-08 12:29:14.659 [main] INFO  file.pruebas_iniciales.primera_prueba - 0d37ce9575219ad5575a1784302ce514a970f2
2025-10-08 12:29:14.659 [main] INFO  file.pruebas_iniciales.primera_prueba - 2636dc22138883446f493e26070abc9bb3f3ff
2025-10-08 12:29:14.659 [main] INFO  file.pruebas_iniciales.primera_prueba - 58791498b6b2c8ff77e7b879972f76b6949970
2025-10-08 12:29:14.659 [main] INFO  file.pruebas_iniciales.primera_prueba - 800dc1e71e476ea3652cff62411ab04aff6129
2025-10-08 12:29:14.659 [main] INFO  file.pruebas_iniciales.primera_prueba - 934d688741a75331e2e4a5f60765e8855a6e2c
2025-10-08 12:29:14.659 [main] INFO  file.pruebas_iniciales.primera_prueba - 9538c5e039ceb3c482b11a49102a713c545141
2025-10-08 12:29:14.659 [main] INFO  file.pruebas_iniciales.primera_prueba - 9dae8915d1cf056048c23117a07d16c229b6cc
2025-10-08 12:29:14.659 [main] INFO  file.pruebas_iniciales.primera_prueba - b1cf96e246efd7ac17a3bdce6cc730581bd60b
2025-10-08 12:29:14.659 [main] INFO  file.pruebas_iniciales.primera_prueba - cc31310117b954ffb2a84cb2f8dc8fde717ad4
2025-10-08 12:29:14.659 [main] INFO  file.pruebas_iniciales.primera_prueba - dda14a054492739232af7ce60ea333f192df9b
2025-10-08 12:29:14.659 [main] INFO  file.pruebas_iniciales.primera_prueba - f1f83c5dfc656e90410f3abc88cc2b2bc406b3
2025-10-08 12:29:14.659 [main] INFO  file.pruebas_iniciales.primera_prueba - 1868ae0cd233e7a1989c95fe3c93a55aa5f242
2025-10-08 12:29:14.660 [main] INFO  file.pruebas_iniciales.primera_prueba - 5df115b98cd85b40936ea78322993ab79d9cc2
2025-10-08 12:29:14.660 [main] INFO  file.pruebas_iniciales.primera_prueba - 3f8ef0ca49c3108530e40741210a981af721a1
2025-10-08 12:29:14.660 [main] INFO  file.pruebas_iniciales.primera_prueba - 1e49ed138410cb5068c4b6fe76381469f78a2e
2025-10-08 12:29:14.660 [main] INFO  file.pruebas_iniciales.primera_prueba - f47c757649ee8030348a6a01eea326a09c1bad
2025-10-08 12:29:14.660 [main] INFO  file.pruebas_iniciales.primera_prueba - 3725117953ccb8c46434a9aa1306408ddc9166
2025-10-08 12:29:14.660 [main] INFO  file.pruebas_iniciales.primera_prueba - 5b0f2f61ec548c0334a453e602a4298a9e58af
2025-10-08 12:29:14.660 [main] INFO  file.pruebas_iniciales.primera_prueba - 8ae7f7984cbc7194525a383f5f65bd3a6cd2d6
2025-10-08 12:29:14.660 [main] INFO  file.pruebas_iniciales.primera_prueba - 94ee0ded1322ea8472fee90d5a3fa5f84dbe92
2025-10-08 12:29:14.660 [main] INFO  file.pruebas_iniciales.primera_prueba - b7ada0540507db9c2e023d69de2de48b5c1392
2025-10-08 12:29:14.661 [main] INFO  file.pruebas_iniciales.primera_prueba - c80d64a53a7ab28c35c889851bdc8cf58a49a2
2025-10-08 12:29:14.661 [main] INFO  file.pruebas_iniciales.primera_prueba - ca2f54a838fe5de56a2a95f908d52deacca98f
2025-10-08 12:29:14.661 [main] INFO  file.pruebas_iniciales.primera_prueba - e13e4bb05098d530ca86b2218285f1dfff3a20
2025-10-08 12:29:14.661 [main] INFO  file.pruebas_iniciales.primera_prueba - ed60372e1ffd2baeae479b4df2d61c7c9f3a62
2025-10-08 12:29:14.661 [main] INFO  file.pruebas_iniciales.primera_prueba - 231004bad9c1de2d17ea081a95e75a15669173
2025-10-08 12:29:14.661 [main] INFO  file.pruebas_iniciales.primera_prueba - 2c6c72797d9d42ab1dbadf7409b2b024f6a466
2025-10-08 12:29:14.661 [main] INFO  file.pruebas_iniciales.primera_prueba - 313d4b25e4b826b5efa4bed06fd69068761519
2025-10-08 12:29:14.661 [main] INFO  file.pruebas_iniciales.primera_prueba - b26f52fea274fff6a8af33367b2a1f482ae56a
2025-10-08 12:29:14.661 [main] INFO  file.pruebas_iniciales.primera_prueba - bd7dc15515a2b74e1d993a8a321933cd10c3f4
2025-10-08 12:29:14.662 [main] INFO  file.pruebas_iniciales.primera_prueba - da011134312203ac28b4c7357a112a7d72d570
2025-10-08 12:29:14.662 [main] INFO  file.pruebas_iniciales.primera_prueba - f2689119285a1547db3e5c5d48e905225cbb4c
2025-10-08 12:29:14.662 [main] INFO  file.pruebas_iniciales.primera_prueba - 016b67507ce32228e326025795650c8011269a
2025-10-08 12:29:14.662 [main] INFO  file.pruebas_iniciales.primera_prueba - 1b5f8618ff5f6f7b606b83cbbfd1cc72e1e401
2025-10-08 12:29:14.662 [main] INFO  file.pruebas_iniciales.primera_prueba - 32165681b5cd94d607279ca06eb07f7c0e73b1
2025-10-08 12:29:14.663 [main] INFO  file.pruebas_iniciales.primera_prueba - 62f9af5ff9d34918a2b2de509937f64dcfa92f
2025-10-08 12:29:14.663 [main] INFO  file.pruebas_iniciales.primera_prueba - 6b80c59caa32a4c8f20fe6809cb405e39180db
2025-10-08 12:29:14.663 [main] INFO  file.pruebas_iniciales.primera_prueba - 6c53f151bf27a16afdcdce18f4154bdfe705c7
2025-10-08 12:29:14.663 [main] INFO  file.pruebas_iniciales.primera_prueba - 804d4c5f114703f77f801ed51898e13edf712c
2025-10-08 12:29:14.663 [main] INFO  file.pruebas_iniciales.primera_prueba - 90679410a4314a6a4a54c2c785f5e604aa5045
2025-10-08 12:29:14.663 [main] INFO  file.pruebas_iniciales.primera_prueba - 9b9c8093a78b583e8185820d71d9360e242929
2025-10-08 12:29:14.663 [main] INFO  file.pruebas_iniciales.primera_prueba - b54c2880d7df5984ffac35efceede11bf6f9c5
2025-10-08 12:29:14.663 [main] INFO  file.pruebas_iniciales.primera_prueba - 05b6feed59ac64891ceddc912eae0ef96ac84e
2025-10-08 12:29:14.663 [main] INFO  file.pruebas_iniciales.primera_prueba - 6ac09b2a42e15ad996e8284b9b5570ebeb56cf
2025-10-08 12:29:14.663 [main] INFO  file.pruebas_iniciales.primera_prueba - 83a0d2fea64bba8c12af65a753fea1110915e2
2025-10-08 12:29:14.663 [main] INFO  file.pruebas_iniciales.primera_prueba - a900b49ebcd794559dac86da7b2d6a8b960915
2025-10-08 12:29:14.663 [main] INFO  file.pruebas_iniciales.primera_prueba - ed26a131ad5f87eac1ab6f0f9788eeea2cf6f6
2025-10-08 12:29:14.663 [main] INFO  file.pruebas_iniciales.primera_prueba - f7bcc0628533b3ec87273b29d9e43930430c81
2025-10-08 12:29:14.663 [main] INFO  file.pruebas_iniciales.primera_prueba - fc4436c2a0f201d329cdb7d560c2b6d8b30b69
2025-10-08 12:29:14.663 [main] INFO  file.pruebas_iniciales.primera_prueba - 6fb77e93ac8a536b5dbade616d63abd00626c5
2025-10-08 12:29:14.664 [main] INFO  file.pruebas_iniciales.primera_prueba - 08034432f113003b5ea43cb0c72c1083631268
2025-10-08 12:29:14.664 [main] INFO  file.pruebas_iniciales.primera_prueba - 3ed27ef2baafd2bd6b3a2611998c8134b26ef9
2025-10-08 12:29:14.664 [main] INFO  file.pruebas_iniciales.primera_prueba - 4f25f5122a7b84e8f36d6d0357277595d0a9c9
2025-10-08 12:29:14.664 [main] INFO  file.pruebas_iniciales.primera_prueba - b162fd4bb40b6d2f297b77bb46517c05cfe33c
2025-10-08 12:29:14.664 [main] INFO  file.pruebas_iniciales.primera_prueba - b6c69d2713962f9bde7ed97692865d784050bc
2025-10-08 12:29:14.664 [main] INFO  file.pruebas_iniciales.primera_prueba - bd1c428d1418096fd04f3d27d76e97d060e8fa
2025-10-08 12:29:14.664 [main] INFO  file.pruebas_iniciales.primera_prueba - c46ac9012274b53dd19654b9857230e6c575b0
2025-10-08 12:29:14.664 [main] INFO  file.pruebas_iniciales.primera_prueba - cb8dd48c01591af18343889ba3d16306068eec
2025-10-08 12:29:14.664 [main] INFO  file.pruebas_iniciales.primera_prueba - 87fcb8e78b16f352b3f9c49d6bc306fe820886
2025-10-08 12:29:14.665 [main] INFO  file.pruebas_iniciales.primera_prueba - c03702da1301abf174ee23938e42e497853178
2025-10-08 12:29:14.665 [main] INFO  file.pruebas_iniciales.primera_prueba - 2bbbd5b17586e00290131b4eaf3f369b163d7f
2025-10-08 12:29:14.665 [main] INFO  file.pruebas_iniciales.primera_prueba - 2c16652c8d678156cd79591d85b775b1a666cd
2025-10-08 12:29:14.665 [main] INFO  file.pruebas_iniciales.primera_prueba - 35c756f9318111ccc9ce8528b844000eebbc23
2025-10-08 12:29:14.665 [main] INFO  file.pruebas_iniciales.primera_prueba - 3d29324550d077b0e11b0b886daa089e839072
2025-10-08 12:29:14.665 [main] INFO  file.pruebas_iniciales.primera_prueba - 70e373424c30a86fedb827148641243786b461
2025-10-08 12:29:14.665 [main] INFO  file.pruebas_iniciales.primera_prueba - a15a86f8a25fdbe14e1bcfbae56814f48e925a
2025-10-08 12:29:14.665 [main] INFO  file.pruebas_iniciales.primera_prueba - ccf921d08532295b0fa0b7d0102d83c0f55999
2025-10-08 12:29:14.666 [main] INFO  file.pruebas_iniciales.primera_prueba - 5de7e2c0477ff2714df3273c25292d86bd6214
2025-10-08 12:29:14.666 [main] INFO  file.pruebas_iniciales.primera_prueba - 7cb56f44fb4fa51aded2fd5ba743656cf04612
2025-10-08 12:29:14.666 [main] INFO  file.pruebas_iniciales.primera_prueba - 8b0a8bf0978c26498cc399900fdf795280215b
2025-10-08 12:29:14.666 [main] INFO  file.pruebas_iniciales.primera_prueba - 9330a10d9e878b5153b30a476f8d49bc475ce0
2025-10-08 12:29:14.666 [main] INFO  file.pruebas_iniciales.primera_prueba - a24c94ff417bfc3768ac2c2ddc798adf0ac6fe
2025-10-08 12:29:14.666 [main] INFO  file.pruebas_iniciales.primera_prueba - c58ee3e7c1e9ae6a10857104b54b96ed5dffbb
2025-10-08 12:29:14.666 [main] INFO  file.pruebas_iniciales.primera_prueba - d03a56470d00cecf3c033e073c9b000bfb44cc
2025-10-08 12:29:14.666 [main] INFO  file.pruebas_iniciales.primera_prueba - d5d67708ac1516ee9aaf2b3bd55c2b95b97edc
2025-10-08 12:29:14.666 [main] INFO  file.pruebas_iniciales.primera_prueba - 526ed0e22d70de2c8b0da1611ef98c3f7af209
2025-10-08 12:29:14.666 [main] INFO  file.pruebas_iniciales.primera_prueba - 6b7ae4bf0e986a10ccd68da764092f7dcf8285
2025-10-08 12:29:14.667 [main] INFO  file.pruebas_iniciales.primera_prueba - 7149b2b328759a94df283d119f8c6863579078
2025-10-08 12:29:14.667 [main] INFO  file.pruebas_iniciales.primera_prueba - 9371adc008c0f7f8a52e591b5c182f9fd7ad18
2025-10-08 12:29:14.667 [main] INFO  file.pruebas_iniciales.primera_prueba - b7ab0666203b8de81de0e065521f211ceaddbe
2025-10-08 12:29:14.667 [main] INFO  file.pruebas_iniciales.primera_prueba - ce33bfdaa4debaaf1604b6fc0ad1dc98a3c37c
2025-10-08 12:29:14.667 [main] INFO  file.pruebas_iniciales.primera_prueba - dcdd244f0f869c589111d7973bec1bfcf77f6b
2025-10-08 12:29:14.667 [main] INFO  file.pruebas_iniciales.primera_prueba - 5d7b4f1b6a29c40859897144f155e6d13ddba5
2025-10-08 12:29:14.667 [main] INFO  file.pruebas_iniciales.primera_prueba - df85cf9981e5a9b60380c5d1ab024284458615
2025-10-08 12:29:14.667 [main] INFO  file.pruebas_iniciales.primera_prueba - ed758a2feeed988d20a1fad4a413de7cf94c5f
2025-10-08 12:29:14.667 [main] INFO  file.pruebas_iniciales.primera_prueba - 114d63a6dded8bdea9acbe7bdb6ee3ba6baffb
2025-10-08 12:29:14.667 [main] INFO  file.pruebas_iniciales.primera_prueba - 776809be5dab6e24e1f843a8a426f6f140518c
2025-10-08 12:29:14.667 [main] INFO  file.pruebas_iniciales.primera_prueba - 913e0e69c316c2234cdccf0cd260b77e671225
2025-10-08 12:29:14.667 [main] INFO  file.pruebas_iniciales.primera_prueba - f703fcc3ffd987954d32331594904a988c25f0
2025-10-08 12:29:14.667 [main] INFO  file.pruebas_iniciales.primera_prueba - 04f3b9c291db85a8ef9091c4c67b477efcb8e2
2025-10-08 12:29:14.667 [main] INFO  file.pruebas_iniciales.primera_prueba - 3a4119cf46427ae42e1805c376ba0f84725c94
2025-10-08 12:29:14.668 [main] INFO  file.pruebas_iniciales.primera_prueba - 588b84308e3611549ef98ef75f2cb2a4519838
2025-10-08 12:29:14.668 [main] INFO  file.pruebas_iniciales.primera_prueba - 5a754588438f667c4fa40739168e8fa21ff8ab
2025-10-08 12:29:14.668 [main] INFO  file.pruebas_iniciales.primera_prueba - 78a7bf4eecf005ad7e6ca2abd27bd039eb9152
2025-10-08 12:29:14.668 [main] INFO  file.pruebas_iniciales.primera_prueba - 9af4d5b885b4cf699a9be59cd51ea898e75620
2025-10-08 12:29:14.668 [main] INFO  file.pruebas_iniciales.primera_prueba - ddd5dd7ebfba64b7a31c63234d584272e89a09
2025-10-08 12:29:14.668 [main] INFO  file.pruebas_iniciales.primera_prueba - 18cf124cc79d2ba57bc44db6a74dcc61c8533c
2025-10-08 12:29:14.668 [main] INFO  file.pruebas_iniciales.primera_prueba - 6339d47e364de7917e537c873be17d24b2a36e
2025-10-08 12:29:14.668 [main] INFO  file.pruebas_iniciales.primera_prueba - 6768ca9b70160604557b77738fcbf7132d7a89
2025-10-08 12:29:14.669 [main] INFO  file.pruebas_iniciales.primera_prueba - e81455da8d16eeb7402e644a9957a31e27c5fa
2025-10-08 12:29:14.669 [main] INFO  file.pruebas_iniciales.primera_prueba - f5d3c2c8c92a879302c0c4b707e894895e7783
2025-10-08 12:29:14.669 [main] INFO  file.pruebas_iniciales.primera_prueba - 5181bb57d486ef670dc41279e4e69d8c4f4282
2025-10-08 12:29:14.669 [main] INFO  file.pruebas_iniciales.primera_prueba - 77e771f51286d025d684d679483792eaf0ec5f
2025-10-08 12:29:14.669 [main] INFO  file.pruebas_iniciales.primera_prueba - 820ba95b96148ae79fd1ea38561fb338f42421
2025-10-08 12:29:14.669 [main] INFO  file.pruebas_iniciales.primera_prueba - b7196baa82dbfa53b7948650a20199a9d2f09e
2025-10-08 12:29:14.669 [main] INFO  file.pruebas_iniciales.primera_prueba - d621dee481f877bfac57b50b6dc101824bec9c
2025-10-08 12:29:14.669 [main] INFO  file.pruebas_iniciales.primera_prueba - d865875bed1a07468c9e2602a3465f5675249c
2025-10-08 12:29:14.669 [main] INFO  file.pruebas_iniciales.primera_prueba - 056708af3adbe02d0a7c297432ead5956b9631
2025-10-08 12:29:14.669 [main] INFO  file.pruebas_iniciales.primera_prueba - 15e5209e0a4511df6bfcd4f864b49c7910e142
2025-10-08 12:29:14.669 [main] INFO  file.pruebas_iniciales.primera_prueba - 80f0d2247ab07a15d0717ebd1e3fa9953e43d8
2025-10-08 12:29:14.669 [main] INFO  file.pruebas_iniciales.primera_prueba - 94c124abfc785ef58b078db649f691e5c6f2d9
2025-10-08 12:29:14.670 [main] INFO  file.pruebas_iniciales.primera_prueba - d118a73a468ff90a66669321161e3b8aeb378e
2025-10-08 12:29:14.670 [main] INFO  file.pruebas_iniciales.primera_prueba - d882ed286735148672b080be4c8215836314df
2025-10-08 12:29:14.670 [main] INFO  file.pruebas_iniciales.primera_prueba - dcd4ac3cb8d75f490ba8f12c584451a8c02257
2025-10-08 12:29:14.670 [main] INFO  file.pruebas_iniciales.primera_prueba - eb53a446543eb4535ff8045eb6e0e12687ffd8
2025-10-08 12:29:14.670 [main] INFO  file.pruebas_iniciales.primera_prueba - f9f26675631b13cadbc6880bb422bce3ffdf51
2025-10-08 12:29:14.670 [main] INFO  file.pruebas_iniciales.primera_prueba - 074f5988efa8d8826af475f80aa8df095f99dd
2025-10-08 12:29:14.670 [main] INFO  file.pruebas_iniciales.primera_prueba - 1929f926b241c2c36d4fdcdc548e635fc64547
2025-10-08 12:29:14.670 [main] INFO  file.pruebas_iniciales.primera_prueba - 2469945a6308aacf9ef28fa069f24c0c8693d2
2025-10-08 12:29:14.670 [main] INFO  file.pruebas_iniciales.primera_prueba - 4f08a80f1d0181cd9495edd45ec6fa2cc271bc
2025-10-08 12:29:14.670 [main] INFO  file.pruebas_iniciales.primera_prueba - 5ab610c298e4d3e4094e1161c59faff2c53758
2025-10-08 12:29:14.670 [main] INFO  file.pruebas_iniciales.primera_prueba - 6ca440dad3696eb6f823e0ce51feadff79d857
2025-10-08 12:29:14.670 [main] INFO  file.pruebas_iniciales.primera_prueba - 9efabeead6dfbfd5565094644b8ebcacd08467
2025-10-08 12:29:14.670 [main] INFO  file.pruebas_iniciales.primera_prueba - c26fdaab59e21f4ae1fe5ea6f742610caa416f
2025-10-08 12:29:14.671 [main] INFO  file.pruebas_iniciales.primera_prueba - 3d0a4807c889b3de6fe88933e7368ded52f0e3
2025-10-08 12:29:14.671 [main] INFO  file.pruebas_iniciales.primera_prueba - 84c5115a09e04d43b3ea8d8907e8e7071d64c6
2025-10-08 12:29:14.671 [main] INFO  file.pruebas_iniciales.primera_prueba - 8af5418b7b9661449152e18cee73c8d0b2b5ef
2025-10-08 12:29:14.671 [main] INFO  file.pruebas_iniciales.primera_prueba - 9e4ea3abf06f719214f3a18e0dbe0a04db41df
2025-10-08 12:29:14.671 [main] INFO  file.pruebas_iniciales.primera_prueba - a319354a4df88a5465b696b8306625d82c94ff
2025-10-08 12:29:14.671 [main] INFO  file.pruebas_iniciales.primera_prueba - 375c4a10309745fadf11b18c58f426fdd9e61b
2025-10-08 12:29:14.671 [main] INFO  file.pruebas_iniciales.primera_prueba - 7c6d7501f4e4ae007c0bfb3688316f26f921b0
2025-10-08 12:29:14.671 [main] INFO  file.pruebas_iniciales.primera_prueba - 9de29bb2d1d6434b8b29ae775ad8c2e48c5391
2025-10-08 12:29:14.671 [main] INFO  file.pruebas_iniciales.primera_prueba - 9ff0cbfeb413675b9fc294dbd1feb3fee0a8e3
2025-10-08 12:29:14.671 [main] INFO  file.pruebas_iniciales.primera_prueba - df2e739981d1b48ab149faac339557be4c0937
2025-10-08 12:29:14.671 [main] INFO  file.pruebas_iniciales.primera_prueba - e2c9ec414be07c554a4690c5c9586ccd65f759
2025-10-08 12:29:14.671 [main] INFO  file.pruebas_iniciales.primera_prueba - 08b1c023ec8b20f512888fe07c5bd3ff77bb8f
2025-10-08 12:29:14.671 [main] INFO  file.pruebas_iniciales.primera_prueba - 1684224dd727a4c87c6296534517e9d5dc31b2
2025-10-08 12:29:14.671 [main] INFO  file.pruebas_iniciales.primera_prueba - 25a1197996fdc7b802ab4dc247533efb4e9ec2
2025-10-08 12:29:14.671 [main] INFO  file.pruebas_iniciales.primera_prueba - 757af4fd2f14f9fa0fde14f2bb61f0987fa83a
2025-10-08 12:29:14.671 [main] INFO  file.pruebas_iniciales.primera_prueba - 7c14aba0564ad383153a5ab6fa05a404558bc0
2025-10-08 12:29:14.671 [main] INFO  file.pruebas_iniciales.primera_prueba - ab9f3468c4a9dbcaaf09b8ae0f311adf3247c3
2025-10-08 12:29:14.671 [main] INFO  file.pruebas_iniciales.primera_prueba - ce3b57d57dd0b7816c5bb18210285a73cf623a
2025-10-08 12:29:14.671 [main] INFO  file.pruebas_iniciales.primera_prueba - edeb67be04293f240bce0380230df05e2056fd
2025-10-08 12:29:14.671 [main] INFO  file.pruebas_iniciales.primera_prueba - ddb749caf1ebc3d41601887146d9e549590b9f
2025-10-08 12:29:14.673 [main] INFO  file.pruebas_iniciales.primera_prueba - 75db98528027a3c5d1160eb5813c7980970997
2025-10-08 12:29:14.673 [main] INFO  file.pruebas_iniciales.primera_prueba - 1ccb8659874f6aada7255b616cc3c8b4d04ba2
2025-10-08 12:29:14.673 [main] INFO  file.pruebas_iniciales.primera_prueba - 540b0f3d7375986b5ad7ab08650cd499df166d
2025-10-08 12:29:14.673 [main] INFO  file.pruebas_iniciales.primera_prueba - a1201ef1ce4127af931de337867fc39f917f99
2025-10-08 12:29:14.673 [main] INFO  file.pruebas_iniciales.primera_prueba - bbabd35dedb85043ea9e06818618fb009cacca
2025-10-08 12:29:14.673 [main] INFO  file.pruebas_iniciales.primera_prueba - 88cee30de2cadf5e84543103a2827374d9e96d
2025-10-08 12:29:14.673 [main] INFO  file.pruebas_iniciales.primera_prueba - a463311629337baa75c9baf115de0ed792457e
2025-10-08 12:29:14.673 [main] INFO  file.pruebas_iniciales.primera_prueba - a9aa3071537a992620286c51d354ea7d983a04
2025-10-08 12:29:14.673 [main] INFO  file.pruebas_iniciales.primera_prueba - e72ad29dc6f8269624a4b1fc6af314e7de8ba5
2025-10-08 12:29:14.673 [main] INFO  file.pruebas_iniciales.primera_prueba - f426b521e45ff06e0aa3e9258194310ef82733
2025-10-08 12:29:14.673 [main] INFO  file.pruebas_iniciales.primera_prueba - 14c0a2e04b6c2b30f90a344639fe4284c94e38
2025-10-08 12:29:14.674 [main] INFO  file.pruebas_iniciales.primera_prueba - 20eb444aa397be103108734ab5a96c0462e775
2025-10-08 12:29:14.674 [main] INFO  file.pruebas_iniciales.primera_prueba - 3775de38a423513725b9c35be7dfccf3b47a65
2025-10-08 12:29:14.674 [main] INFO  file.pruebas_iniciales.primera_prueba - 8d293d3228c3d481ae41c1970255ab594144a7
2025-10-08 12:29:14.674 [main] INFO  file.pruebas_iniciales.primera_prueba - 9434400f800afaaf2429740dad9124d0e7bb29
2025-10-08 12:29:14.674 [main] INFO  file.pruebas_iniciales.primera_prueba - b41d6cbeb606b01a828e506743266b877a31bd
2025-10-08 12:29:14.674 [main] INFO  file.pruebas_iniciales.primera_prueba - 7e77021781d7e255c6b2a744a45bee5843ad2a
2025-10-08 12:29:14.674 [main] INFO  file.pruebas_iniciales.primera_prueba - b498d5ecf58a756c8087667fd44985c6f9bd0f
2025-10-08 12:29:14.674 [main] INFO  file.pruebas_iniciales.primera_prueba - 25f2f91a2cbb7c48a423c3bdd37c8a0c81d692
2025-10-08 12:29:14.674 [main] INFO  file.pruebas_iniciales.primera_prueba - 46d733d790c19039800bd57ebee3be1fd53286
2025-10-08 12:29:14.674 [main] INFO  file.pruebas_iniciales.primera_prueba - 5502e6ebc8a4abdc0ee42e0846ee7e606f9016
2025-10-08 12:29:14.674 [main] INFO  file.pruebas_iniciales.primera_prueba - 916109187e87d6098f21ca85e792526f89ea23
2025-10-08 12:29:14.675 [main] INFO  file.pruebas_iniciales.primera_prueba - c63f4e92762bcc22199af0801826c6917c408e
2025-10-08 12:29:14.675 [main] INFO  file.pruebas_iniciales.primera_prueba - fb67afd017d05b33fb798119861166cc60e8c2
2025-10-08 12:29:14.675 [main] INFO  file.pruebas_iniciales.primera_prueba - 9b047b127886b8182e1de59548540a24c6af1b
2025-10-08 12:29:14.675 [main] INFO  file.pruebas_iniciales.primera_prueba - d08b4f497f8cf74e9067d8a7973bb40759b3b7
2025-10-08 12:29:14.675 [main] INFO  file.pruebas_iniciales.primera_prueba - 3c13dcc5920a45dc0f0ae68012abe13e2e7f75
2025-10-08 12:29:14.675 [main] INFO  file.pruebas_iniciales.primera_prueba - 718f661a4da41976fe31b43826fe6e147a6e6e
2025-10-08 12:29:14.675 [main] INFO  file.pruebas_iniciales.primera_prueba - a6ac38be6b7ebfa996b333d94d7fbd2e2e5a16
2025-10-08 12:29:14.675 [main] INFO  file.pruebas_iniciales.primera_prueba - b5813c3d99058acbe2a75cb3179dccf1b45bf6
2025-10-08 12:29:14.675 [main] INFO  file.pruebas_iniciales.primera_prueba - bdd54a306c8f774e6a87312e7e80f14585a454
2025-10-08 12:29:14.675 [main] INFO  file.pruebas_iniciales.primera_prueba - c351ff8679c60167414f1273382c463f8900aa
2025-10-08 12:29:14.676 [main] INFO  file.pruebas_iniciales.primera_prueba - e07fbfd463b986a33a9df6c04025a7c6368cdf
2025-10-08 12:29:14.676 [main] INFO  file.pruebas_iniciales.primera_prueba - e1e396573d18ab5e52d3dc6c1a294ad91494d3
2025-10-08 12:29:14.676 [main] INFO  file.pruebas_iniciales.primera_prueba - f28f9886070303f974af81f91cf9c9f32e8ae6
2025-10-08 12:29:14.676 [main] INFO  file.pruebas_iniciales.primera_prueba - 32e0c2be75fe0d3b902acf2b1935128357c821
2025-10-08 12:29:14.676 [main] INFO  file.pruebas_iniciales.primera_prueba - 710eaa1391501c93189190a685bec05a97c4a0
2025-10-08 12:29:14.676 [main] INFO  file.pruebas_iniciales.primera_prueba - 86c6c3363a073c19e9a7a79e1ad5a5e4c7ad2f
2025-10-08 12:29:14.676 [main] INFO  file.pruebas_iniciales.primera_prueba - c4153634efd7ef5a53b2c4a52bf3cbdc81a4ff
2025-10-08 12:29:14.677 [main] INFO  file.pruebas_iniciales.primera_prueba - 5e9884477f65c34f92f3f35bb240b1fa3241ce
2025-10-08 12:29:14.677 [main] INFO  file.pruebas_iniciales.primera_prueba - 9170df8de11e1ecffe1d8df58280adb09ee091
2025-10-08 12:29:14.677 [main] INFO  file.pruebas_iniciales.primera_prueba - 95b7dc32c4b340f18645e948401250d09ce201
2025-10-08 12:29:14.677 [main] INFO  file.pruebas_iniciales.primera_prueba - ac7f94917ef35b647169fb38d1942f4e3ec9b4
2025-10-08 12:29:14.677 [main] INFO  file.pruebas_iniciales.primera_prueba - 179469c5f4950e3e9e736bd99ee01fe6cad207
2025-10-08 12:29:14.677 [main] INFO  file.pruebas_iniciales.primera_prueba - 3d7a58ac308c0746790d409093a7e3cb632204
2025-10-08 12:29:14.677 [main] INFO  file.pruebas_iniciales.primera_prueba - 42ccd07976dfafaf0da7b8775699e5193ad636
2025-10-08 12:29:14.677 [main] INFO  file.pruebas_iniciales.primera_prueba - 48317fc2b1406478f0ee240347d26c8adc932f
2025-10-08 12:29:14.677 [main] INFO  file.pruebas_iniciales.primera_prueba - 584c66b51d55bddcc23057d23143df1ab7a42c
2025-10-08 12:29:14.677 [main] INFO  file.pruebas_iniciales.primera_prueba - 65cde9c9ac87486dc2761abee9d7fdb07520b3
2025-10-08 12:29:14.677 [main] INFO  file.pruebas_iniciales.primera_prueba - 9b86b903f99b4c53a5d0d02c08826aabeeffb7
2025-10-08 12:29:14.678 [main] INFO  file.pruebas_iniciales.primera_prueba - 1dc7d7fc6d5cd13ae34da116c4962fc058e5a2
2025-10-08 12:29:14.678 [main] INFO  file.pruebas_iniciales.primera_prueba - 4a14dafbab34c3bc0873e90f588f12b93cd8c6
2025-10-08 12:29:14.678 [main] INFO  file.pruebas_iniciales.primera_prueba - d902b38f03d9bd8e9dbd8014c547a2d20b5115
2025-10-08 12:29:14.678 [main] INFO  file.pruebas_iniciales.primera_prueba - f2261bc4d5fbff7b32a554a85b7b7e81055167
2025-10-08 12:29:14.678 [main] INFO  file.pruebas_iniciales.primera_prueba - 1a3987ed8322a815b054d669eafe046f20bbb0
2025-10-08 12:29:14.678 [main] INFO  file.pruebas_iniciales.primera_prueba - 44324ee44271ff4c129fea8e5c634cf64a2b9f
2025-10-08 12:29:14.678 [main] INFO  file.pruebas_iniciales.primera_prueba - 976988aa9213d9195c816d528c4e75375401cf
2025-10-08 12:29:14.678 [main] INFO  file.pruebas_iniciales.primera_prueba - c63685be68ef4e1b8bed7c3a9911818b7552c6
2025-10-08 12:29:14.678 [main] INFO  file.pruebas_iniciales.primera_prueba - e427617f11e52b3122e4e8f84578e5c5c59630
2025-10-08 12:29:14.679 [main] INFO  file.pruebas_iniciales.primera_prueba - feafadfe755ec7d01384ecdc237eecbb0508c4
2025-10-08 12:29:14.679 [main] INFO  file.pruebas_iniciales.primera_prueba - 2949401aa100135c6bc15a906dfcd8ab62e700
2025-10-08 12:29:14.679 [main] INFO  file.pruebas_iniciales.primera_prueba - 93138d40fd17792bd51b2c3d5338a4b454b420
2025-10-08 12:29:14.679 [main] INFO  file.pruebas_iniciales.primera_prueba - 9daa13afb7b9dbde6dee7a8bee61600a68e373
2025-10-08 12:29:14.679 [main] INFO  file.pruebas_iniciales.primera_prueba - aa2cb339e56a642fa0aa7b255dbe39cd000089
2025-10-08 12:29:14.679 [main] INFO  file.pruebas_iniciales.primera_prueba - f2922138c4ead319eb953524f49cb278d08665
2025-10-08 12:29:14.679 [main] INFO  file.pruebas_iniciales.primera_prueba - fedcfe53eada060bda86947f2dcc36aac982bb
2025-10-08 12:29:14.679 [main] INFO  file.pruebas_iniciales.primera_prueba - 051a6f973e69a86e6f07f1a1c87f17a31c7235
2025-10-08 12:29:14.679 [main] INFO  file.pruebas_iniciales.primera_prueba - 37834a8a16f83bfbbbed019f8678cbd2f7d285
2025-10-08 12:29:14.679 [main] INFO  file.pruebas_iniciales.primera_prueba - 97a7f1cb2389f85fe6381425d29f0a9866fb65
2025-10-08 12:29:14.679 [main] INFO  file.pruebas_iniciales.primera_prueba - bb93ce6e0922207a7219312e92888666c2736c
2025-10-08 12:29:14.679 [main] INFO  file.pruebas_iniciales.primera_prueba - f79d6c54db7b5cb367af39c96be28fbee71fbd
2025-10-08 12:29:14.679 [main] INFO  file.pruebas_iniciales.primera_prueba - 52c9bc4554107ebc75e7270c9e2e0e242eac5f
2025-10-08 12:29:14.680 [main] INFO  file.pruebas_iniciales.primera_prueba - 84ef95eb69ca647181900cc1e88e3c19f057dd
2025-10-08 12:29:14.680 [main] INFO  file.pruebas_iniciales.primera_prueba - b0f0fe4c8ab9541262e59d1c5ce9ebbe52d7bf
2025-10-08 12:29:14.680 [main] INFO  file.pruebas_iniciales.primera_prueba - d72a27b8f1eb1d414ffd1ba38d7c9493304829
2025-10-08 12:29:14.680 [main] INFO  file.pruebas_iniciales.primera_prueba - 0e80c9c36fce1d14c802ecd960f3ce507c6d42
2025-10-08 12:29:14.680 [main] INFO  file.pruebas_iniciales.primera_prueba - 12a96485b06cbc6ecde50b63169a67ed148522
2025-10-08 12:29:14.680 [main] INFO  file.pruebas_iniciales.primera_prueba - 339b984027810d4fdf60d46d1082c0fe3e2cbb
2025-10-08 12:29:14.680 [main] INFO  file.pruebas_iniciales.primera_prueba - 5605182e6fe7fc337c4f81ff3c9572befaf35c
2025-10-08 12:29:14.680 [main] INFO  file.pruebas_iniciales.primera_prueba - a6d68d547258be15cd78fdbcb5568d14edac7f
2025-10-08 12:29:14.681 [main] INFO  file.pruebas_iniciales.primera_prueba - 5069274f425f0209372a86fd2a3e9265ebf0e6
2025-10-08 12:29:14.681 [main] INFO  file.pruebas_iniciales.primera_prueba - 68e52df44ba59cddf8bb5a5e683aae022d48d1
2025-10-08 12:29:14.681 [main] INFO  file.pruebas_iniciales.primera_prueba - ad3657f51dbadbe585f8b610fa93349c37fbfd
2025-10-08 12:29:14.681 [main] INFO  file.pruebas_iniciales.primera_prueba - 3bb35b13b59ba87184bf1009f142f7f611e6e0
2025-10-08 12:29:14.681 [main] INFO  file.pruebas_iniciales.primera_prueba - 43a5c23990c203cad0d2a0fdf844a444d7df51
2025-10-08 12:29:14.681 [main] INFO  file.pruebas_iniciales.primera_prueba - 6639d92f32b01afe3e3354483d9161e1b7f76c
2025-10-08 12:29:14.681 [main] INFO  file.pruebas_iniciales.primera_prueba - 892e94e57d8f67e15cdcfd4e7081807c2eed41
2025-10-08 12:29:14.681 [main] INFO  file.pruebas_iniciales.primera_prueba - 9baf1e24842342bc90938e874e5bc41ed3b817
2025-10-08 12:29:14.681 [main] INFO  file.pruebas_iniciales.primera_prueba - c802436e895d130b4a3f497592c6cc955cc53b
2025-10-08 12:29:14.682 [main] INFO  file.pruebas_iniciales.primera_prueba - e6fdacc7e44bf1b68aad4c0b5d3959735c352d
2025-10-08 12:29:14.682 [main] INFO  file.pruebas_iniciales.primera_prueba - 00c761ed4ae97de5a5c5c14528d00aea86bd90
2025-10-08 12:29:14.682 [main] INFO  file.pruebas_iniciales.primera_prueba - 09354444e10be17c1331145c979ea64e72438c
2025-10-08 12:29:14.682 [main] INFO  file.pruebas_iniciales.primera_prueba - 44d038766bbf743ca6b5a76b57eeea7e3337f3
2025-10-08 12:29:14.682 [main] INFO  file.pruebas_iniciales.primera_prueba - 6fa7729df201aac3ecd56509b7a32ef036a612
2025-10-08 12:29:14.682 [main] INFO  file.pruebas_iniciales.primera_prueba - 74a4f8204046b4e0dd4fb091fe06588773a3f1
2025-10-08 12:29:14.682 [main] INFO  file.pruebas_iniciales.primera_prueba - 9982bfe176682c879f148ccaa57cd336071e04
2025-10-08 12:29:14.682 [main] INFO  file.pruebas_iniciales.primera_prueba - af7fe51a30ff3ead8d78175cf604839b10f84c
2025-10-08 12:29:14.682 [main] INFO  file.pruebas_iniciales.primera_prueba - b04f04030f45c56dc9eb3f738b063f24ba75b4
2025-10-08 12:29:14.682 [main] INFO  file.pruebas_iniciales.primera_prueba - 2874ae63c90294f7f46ad0044764cef0bc9fa6
2025-10-08 12:29:14.683 [main] INFO  file.pruebas_iniciales.primera_prueba - 565f82804e14d4b6c617b962f2e665b5efd697
2025-10-08 12:29:14.683 [main] INFO  file.pruebas_iniciales.primera_prueba - 62c940e23cfa65e97fc5b349ce7a2903f6b004
2025-10-08 12:29:14.683 [main] INFO  file.pruebas_iniciales.primera_prueba - 6f4f0321c0639a4b9f26477144373ee2a03c38
2025-10-08 12:29:14.683 [main] INFO  file.pruebas_iniciales.primera_prueba - 84fc5308b756bcb20ef396ab68caa40401ea0a
2025-10-08 12:29:14.683 [main] INFO  file.pruebas_iniciales.primera_prueba - 8b2768ed84991b00ac7820802111fef74f9eb6
2025-10-08 12:29:14.683 [main] INFO  file.pruebas_iniciales.primera_prueba - afa5a52380a4bb7ebf9b0f62ad47bd57319f88
2025-10-08 12:29:14.683 [main] INFO  file.pruebas_iniciales.primera_prueba - d54c3ecb97254ba99cf7de5bb695abf273eaf5
2025-10-08 12:29:14.683 [main] INFO  file.pruebas_iniciales.primera_prueba - pack-7d2a674d6dcaccb8d14707003d8aeff46a46407a.idx
2025-10-08 12:29:14.683 [main] INFO  file.pruebas_iniciales.primera_prueba - pack-7d2a674d6dcaccb8d14707003d8aeff46a46407a.pack
2025-10-08 12:29:14.683 [main] INFO  file.pruebas_iniciales.primera_prueba - pack-7d2a674d6dcaccb8d14707003d8aeff46a46407a.rev
2025-10-08 12:29:14.683 [main] INFO  file.pruebas_iniciales.primera_prueba - pack-995216584300660388b0e6a0f0f47034ef21e681.idx
2025-10-08 12:29:14.683 [main] INFO  file.pruebas_iniciales.primera_prueba - pack-995216584300660388b0e6a0f0f47034ef21e681.pack
2025-10-08 12:29:14.683 [main] INFO  file.pruebas_iniciales.primera_prueba - pack-995216584300660388b0e6a0f0f47034ef21e681.rev
2025-10-08 12:29:14.683 [main] INFO  file.pruebas_iniciales.primera_prueba - pack-a21492ae686ccd977ba3a2c9b36dd759466995d3.idx
2025-10-08 12:29:14.684 [main] INFO  file.pruebas_iniciales.primera_prueba - pack-a21492ae686ccd977ba3a2c9b36dd759466995d3.pack
2025-10-08 12:29:14.684 [main] INFO  file.pruebas_iniciales.primera_prueba - pack-a21492ae686ccd977ba3a2c9b36dd759466995d3.rev
2025-10-08 12:29:14.684 [main] INFO  file.pruebas_iniciales.primera_prueba - pack-a46239fa4183537ac82913919c9d2d6fe3b157f3.idx
2025-10-08 12:29:14.684 [main] INFO  file.pruebas_iniciales.primera_prueba - pack-a46239fa4183537ac82913919c9d2d6fe3b157f3.pack
2025-10-08 12:29:14.684 [main] INFO  file.pruebas_iniciales.primera_prueba - pack-a46239fa4183537ac82913919c9d2d6fe3b157f3.rev
2025-10-08 12:29:14.684 [main] INFO  file.pruebas_iniciales.primera_prueba - pack-cc8fee757418a296b2810f67df3951301e2ee296.idx
2025-10-08 12:29:14.684 [main] INFO  file.pruebas_iniciales.primera_prueba - pack-cc8fee757418a296b2810f67df3951301e2ee296.pack
2025-10-08 12:29:14.684 [main] INFO  file.pruebas_iniciales.primera_prueba - pack-cc8fee757418a296b2810f67df3951301e2ee296.rev
2025-10-08 12:29:14.684 [main] INFO  file.pruebas_iniciales.primera_prueba - ORIG_HEAD
2025-10-08 12:29:14.684 [main] INFO  file.pruebas_iniciales.primera_prueba - main
2025-10-08 12:29:14.684 [main] INFO  file.pruebas_iniciales.primera_prueba - main
2025-10-08 12:29:14.685 [main] INFO  file.pruebas_iniciales.primera_prueba - .gitignore
2025-10-08 12:29:14.685 [main] INFO  file.pruebas_iniciales.primera_prueba - .bak_0.log
2025-10-08 12:29:14.685 [main] INFO  file.pruebas_iniciales.primera_prueba - .bak_1.log
2025-10-08 12:29:14.685 [main] INFO  file.pruebas_iniciales.primera_prueba - .bak_2.log
2025-10-08 12:29:14.685 [main] INFO  file.pruebas_iniciales.primera_prueba - .bak_3.log
2025-10-08 12:29:14.685 [main] INFO  file.pruebas_iniciales.primera_prueba - .bak_4.log
2025-10-08 12:29:14.686 [main] INFO  file.pruebas_iniciales.primera_prueba - .bak_5.log
2025-10-08 12:29:14.686 [main] INFO  file.pruebas_iniciales.primera_prueba - .bak_6.log
2025-10-08 12:29:14.686 [main] INFO  file.pruebas_iniciales.primera_prueba - .bak_7.log
2025-10-08 12:29:14.686 [main] INFO  file.pruebas_iniciales.primera_prueba - .bak_8.log
2025-10-08 12:29:14.686 [main] INFO  file.pruebas_iniciales.primera_prueba - .bak_9.log
2025-10-08 12:29:14.686 [main] INFO  file.pruebas_iniciales.primera_prueba - .lock
2025-10-08 12:29:14.686 [main] INFO  file.pruebas_iniciales.primera_prueba - .lock_info
2025-10-08 12:29:14.686 [main] INFO  file.pruebas_iniciales.primera_prueba - .log
2025-10-08 12:29:14.687 [main] INFO  file.pruebas_iniciales.primera_prueba - .tasks.xml.zip
2025-10-08 12:29:14.687 [main] INFO  file.pruebas_iniciales.primera_prueba - repositories.xml.zip
2025-10-08 12:29:14.687 [main] INFO  file.pruebas_iniciales.primera_prueba - tasks.xml.zip
2025-10-08 12:29:14.688 [main] INFO  file.pruebas_iniciales.primera_prueba - versions.json
2025-10-08 12:29:14.689 [main] INFO  file.pruebas_iniciales.primera_prueba - .location
2025-10-08 12:29:14.690 [main] INFO  file.pruebas_iniciales.primera_prueba - .location
2025-10-08 12:29:14.690 [main] INFO  file.pruebas_iniciales.primera_prueba - .markers.snap
2025-10-08 12:29:14.690 [main] INFO  file.pruebas_iniciales.primera_prueba - .syncinfo.snap
2025-10-08 12:29:14.690 [main] INFO  file.pruebas_iniciales.primera_prueba - .markers
2025-10-08 12:29:14.690 [main] INFO  file.pruebas_iniciales.primera_prueba - .markers.snap
2025-10-08 12:29:14.690 [main] INFO  file.pruebas_iniciales.primera_prueba - .syncinfo.snap
2025-10-08 12:29:14.691 [main] INFO  file.pruebas_iniciales.primera_prueba - .markers
2025-10-08 12:29:14.691 [main] INFO  file.pruebas_iniciales.primera_prueba - history.version
2025-10-08 12:29:14.692 [main] INFO  file.pruebas_iniciales.primera_prueba - properties.index
2025-10-08 12:29:14.692 [main] INFO  file.pruebas_iniciales.primera_prueba - properties.version
2025-10-08 12:29:14.692 [main] INFO  file.pruebas_iniciales.primera_prueba - org.eclipse.core.resources
2025-10-08 12:29:14.692 [main] INFO  file.pruebas_iniciales.primera_prueba - Docker.prefs
2025-10-08 12:29:14.692 [main] INFO  file.pruebas_iniciales.primera_prueba - org.eclipse.core.resources.prefs
2025-10-08 12:29:14.692 [main] INFO  file.pruebas_iniciales.primera_prueba - org.eclipse.core.variables.prefs
2025-10-08 12:29:14.693 [main] INFO  file.pruebas_iniciales.primera_prueba - org.eclipse.debug.ui.prefs
2025-10-08 12:29:14.693 [main] INFO  file.pruebas_iniciales.primera_prueba - org.eclipse.egit.core.prefs
2025-10-08 12:29:14.693 [main] INFO  file.pruebas_iniciales.primera_prueba - org.eclipse.jdt.core.prefs
2025-10-08 12:29:14.693 [main] INFO  file.pruebas_iniciales.primera_prueba - org.eclipse.jdt.debug.ui.prefs
2025-10-08 12:29:14.693 [main] INFO  file.pruebas_iniciales.primera_prueba - org.eclipse.jdt.junit.prefs
2025-10-08 12:29:14.693 [main] INFO  file.pruebas_iniciales.primera_prueba - org.eclipse.jdt.launching.prefs
2025-10-08 12:29:14.693 [main] INFO  file.pruebas_iniciales.primera_prueba - org.eclipse.jdt.ui.prefs
2025-10-08 12:29:14.693 [main] INFO  file.pruebas_iniciales.primera_prueba - org.eclipse.jsch.core.prefs
2025-10-08 12:29:14.693 [main] INFO  file.pruebas_iniciales.primera_prueba - org.eclipse.m2e.apt.prefs
2025-10-08 12:29:14.693 [main] INFO  file.pruebas_iniciales.primera_prueba - org.eclipse.m2e.discovery.prefs
2025-10-08 12:29:14.693 [main] INFO  file.pruebas_iniciales.primera_prueba - org.eclipse.mylyn.context.core.prefs
2025-10-08 12:29:14.694 [main] INFO  file.pruebas_iniciales.primera_prueba - org.eclipse.mylyn.monitor.ui.prefs
2025-10-08 12:29:14.694 [main] INFO  file.pruebas_iniciales.primera_prueba - org.eclipse.mylyn.tasks.ui.prefs
2025-10-08 12:29:14.694 [main] INFO  file.pruebas_iniciales.primera_prueba - org.eclipse.pde.api.tools.prefs
2025-10-08 12:29:14.694 [main] INFO  file.pruebas_iniciales.primera_prueba - org.eclipse.ui.ide.prefs
2025-10-08 12:29:14.694 [main] INFO  file.pruebas_iniciales.primera_prueba - org.eclipse.ui.workbench.prefs
2025-10-08 12:29:14.694 [main] INFO  file.pruebas_iniciales.primera_prueba - org.springframework.ide.eclipse.boot.dash.prefs
2025-10-08 12:29:14.694 [main] INFO  file.pruebas_iniciales.primera_prueba - org.springframework.ide.eclipse.boot.launch.prefs
2025-10-08 12:29:14.694 [main] INFO  file.pruebas_iniciales.primera_prueba - org.springframework.ide.eclipse.imports.prefs
2025-10-08 12:29:14.694 [main] INFO  file.pruebas_iniciales.primera_prueba - org.springsource.ide.eclipse.commons.ui.prefs
2025-10-08 12:29:14.694 [main] INFO  file.pruebas_iniciales.primera_prueba - Libreria_main.launch
2025-10-08 12:29:14.694 [main] INFO  file.pruebas_iniciales.primera_prueba - Main.launch
2025-10-08 12:29:14.695 [main] INFO  file.pruebas_iniciales.primera_prueba - dialog_settings.xml
2025-10-08 12:29:14.695 [main] INFO  file.pruebas_iniciales.primera_prueba - launchConfigurationHistory.xml
2025-10-08 12:29:14.695 [main] INFO  file.pruebas_iniciales.primera_prueba - workbench.xmi
2025-10-08 12:29:14.695 [main] INFO  file.pruebas_iniciales.primera_prueba - .project
2025-10-08 12:29:14.695 [main] INFO  file.pruebas_iniciales.primera_prueba - org.eclipse.core.resources.prefs
2025-10-08 12:29:14.695 [main] INFO  file.pruebas_iniciales.primera_prueba - 1865797976.index
2025-10-08 12:29:14.695 [main] INFO  file.pruebas_iniciales.primera_prueba - assumedExternalFilesCache
2025-10-08 12:29:14.696 [main] INFO  file.pruebas_iniciales.primera_prueba - externalFilesCache
2025-10-08 12:29:14.696 [main] INFO  file.pruebas_iniciales.primera_prueba - externalLibsTimeStamps
2025-10-08 12:29:14.696 [main] INFO  file.pruebas_iniciales.primera_prueba - javaLikeNames.txt
2025-10-08 12:29:14.696 [main] INFO  file.pruebas_iniciales.primera_prueba - nonChainingJarsCache
2025-10-08 12:29:14.696 [main] INFO  file.pruebas_iniciales.primera_prueba - savedIndexNames.txt
2025-10-08 12:29:14.696 [main] INFO  file.pruebas_iniciales.primera_prueba - variablesAndContainers.dat
2025-10-08 12:29:14.696 [main] INFO  file.pruebas_iniciales.primera_prueba - .install.xml
2025-10-08 12:29:14.696 [main] INFO  file.pruebas_iniciales.primera_prueba - libraryInfos.xml
2025-10-08 12:29:14.696 [main] INFO  file.pruebas_iniciales.primera_prueba - dialog_settings.xml
2025-10-08 12:29:14.696 [main] INFO  file.pruebas_iniciales.primera_prueba - OpenTypeHistory.xml
2025-10-08 12:29:14.696 [main] INFO  file.pruebas_iniciales.primera_prueba - QualifiedTypeNameHistory.xml
2025-10-08 12:29:14.697 [main] INFO  file.pruebas_iniciales.primera_prueba - refactorings.history
2025-10-08 12:29:14.697 [main] INFO  file.pruebas_iniciales.primera_prueba - refactorings.index
2025-10-08 12:29:14.698 [main] INFO  file.pruebas_iniciales.primera_prueba - refactorings.history
2025-10-08 12:29:14.698 [main] INFO  file.pruebas_iniciales.primera_prueba - refactorings.index
2025-10-08 12:29:14.698 [main] INFO  file.pruebas_iniciales.primera_prueba - dialog_settings.xml
2025-10-08 12:29:14.698 [main] INFO  file.pruebas_iniciales.primera_prueba - workspacestate.properties
2025-10-08 12:29:14.698 [main] INFO  file.pruebas_iniciales.primera_prueba - workspaceState.ser
2025-10-08 12:29:14.698 [main] INFO  file.pruebas_iniciales.primera_prueba - dialog_settings.xml
2025-10-08 12:29:14.698 [main] INFO  file.pruebas_iniciales.primera_prueba - 0.log
2025-10-08 12:29:14.698 [main] INFO  file.pruebas_iniciales.primera_prueba - logback.2.7.100.20250418-1315.xml
2025-10-08 12:29:14.700 [main] INFO  file.pruebas_iniciales.primera_prueba - clean-cache.properties
2025-10-08 12:29:14.701 [main] INFO  file.pruebas_iniciales.primera_prueba - manifest.json
2025-10-08 12:29:14.701 [main] INFO  file.pruebas_iniciales.primera_prueba - protocols.json
2025-10-08 12:29:14.701 [main] INFO  file.pruebas_iniciales.primera_prueba - BrowserMetrics-spare.pma
2025-10-08 12:29:14.702 [main] INFO  file.pruebas_iniciales.primera_prueba - crl-set
2025-10-08 12:29:14.702 [main] INFO  file.pruebas_iniciales.primera_prueba - manifest.json
2025-10-08 12:29:14.703 [main] INFO  file.pruebas_iniciales.primera_prueba - 000ac7dc9366969db9d1e41810a3a27c747a7623535d856eecc2de86cfed80c7
2025-10-08 12:29:14.703 [main] INFO  file.pruebas_iniciales.primera_prueba - 00af3f07b5abb71f6d30337e1eef62fa280f06ef19485c0cf6b72171f92ccc0a
2025-10-08 12:29:14.703 [main] INFO  file.pruebas_iniciales.primera_prueba - 4b81b4df3ad971287e1ae02c449344fcfa5d20431de17b2ba8854cc9cdce4089
2025-10-08 12:29:14.703 [main] INFO  file.pruebas_iniciales.primera_prueba - 89f43cb3df807293de2772d5f01ac2fc1482b38ccc8fdaee859b80642b7a0487
2025-10-08 12:29:14.703 [main] INFO  file.pruebas_iniciales.primera_prueba - 95fd9d48e4fc245a3f3a99a3a16ecd1355050ba3f4afc555f19a97c7f9b49677
2025-10-08 12:29:14.703 [main] INFO  file.pruebas_iniciales.primera_prueba - a81d1959892ae4180554347df1b97834abba2e1a5e6b9aeba000ecea26eabecc
2025-10-08 12:29:14.704 [main] INFO  file.pruebas_iniciales.primera_prueba - b987bdc4f2ad2a409b964921d4a5db1cdbe07f9c98f868293b4cc32acdc42cec
2025-10-08 12:29:14.704 [main] INFO  file.pruebas_iniciales.primera_prueba - bcb93cba8636743d1fbd32be3bd8ce8ff602323895bf4d136c26b9bc64b0a6a4
2025-10-08 12:29:14.704 [main] INFO  file.pruebas_iniciales.primera_prueba - fa29a6d5775ff340900a65b39b02fc8b4b77d403c048d8debf22f2f5d09c61a0
2025-10-08 12:29:14.704 [main] INFO  file.pruebas_iniciales.primera_prueba - metadata.json
2025-10-08 12:29:14.705 [main] INFO  file.pruebas_iniciales.primera_prueba - metadata
2025-10-08 12:29:14.705 [main] INFO  file.pruebas_iniciales.primera_prueba - settings.dat
2025-10-08 12:29:14.705 [main] INFO  file.pruebas_iniciales.primera_prueba - throttle_store.dat
2025-10-08 12:29:14.705 [main] INFO  file.pruebas_iniciales.primera_prueba - CrashpadMetrics-active.pma
2025-10-08 12:29:14.706 [main] INFO  file.pruebas_iniciales.primera_prueba - LOCK
2025-10-08 12:29:14.706 [main] INFO  file.pruebas_iniciales.primera_prueba - LOG
2025-10-08 12:29:14.706 [main] INFO  file.pruebas_iniciales.primera_prueba - LOG.old
2025-10-08 12:29:14.707 [main] INFO  file.pruebas_iniciales.primera_prueba - BookmarkMergedSurfaceOrdering
2025-10-08 12:29:14.707 [main] INFO  file.pruebas_iniciales.primera_prueba - BrowsingTopicsSiteData
2025-10-08 12:29:14.707 [main] INFO  file.pruebas_iniciales.primera_prueba - BrowsingTopicsSiteData-journal
2025-10-08 12:29:14.707 [main] INFO  file.pruebas_iniciales.primera_prueba - BrowsingTopicsState
2025-10-08 12:29:14.707 [main] INFO  file.pruebas_iniciales.primera_prueba - LOCK
2025-10-08 12:29:14.708 [main] INFO  file.pruebas_iniciales.primera_prueba - LOG
2025-10-08 12:29:14.708 [main] INFO  file.pruebas_iniciales.primera_prueba - LOG.old
2025-10-08 12:29:14.709 [main] INFO  file.pruebas_iniciales.primera_prueba - LOCK
2025-10-08 12:29:14.709 [main] INFO  file.pruebas_iniciales.primera_prueba - LOG
2025-10-08 12:29:14.710 [main] INFO  file.pruebas_iniciales.primera_prueba - LOG.old
2025-10-08 12:29:14.711 [main] INFO  file.pruebas_iniciales.primera_prueba - index
2025-10-08 12:29:14.711 [main] INFO  file.pruebas_iniciales.primera_prueba - the-real-index
2025-10-08 12:29:14.711 [main] INFO  file.pruebas_iniciales.primera_prueba - index
2025-10-08 12:29:14.712 [main] INFO  file.pruebas_iniciales.primera_prueba - the-real-index
2025-10-08 12:29:14.712 [main] INFO  file.pruebas_iniciales.primera_prueba - LOCK
2025-10-08 12:29:14.712 [main] INFO  file.pruebas_iniciales.primera_prueba - LOG
2025-10-08 12:29:14.712 [main] INFO  file.pruebas_iniciales.primera_prueba - LOG.old
2025-10-08 12:29:14.712 [main] INFO  file.pruebas_iniciales.primera_prueba - DashTrackerDatabase
2025-10-08 12:29:14.712 [main] INFO  file.pruebas_iniciales.primera_prueba - DashTrackerDatabase-journal
2025-10-08 12:29:14.713 [main] INFO  file.pruebas_iniciales.primera_prueba - data_0
2025-10-08 12:29:14.713 [main] INFO  file.pruebas_iniciales.primera_prueba - data_1
2025-10-08 12:29:14.713 [main] INFO  file.pruebas_iniciales.primera_prueba - data_2
2025-10-08 12:29:14.713 [main] INFO  file.pruebas_iniciales.primera_prueba - data_3
2025-10-08 12:29:14.713 [main] INFO  file.pruebas_iniciales.primera_prueba - index
2025-10-08 12:29:14.713 [main] INFO  file.pruebas_iniciales.primera_prueba - data_0
2025-10-08 12:29:14.713 [main] INFO  file.pruebas_iniciales.primera_prueba - data_1
2025-10-08 12:29:14.713 [main] INFO  file.pruebas_iniciales.primera_prueba - data_2
2025-10-08 12:29:14.713 [main] INFO  file.pruebas_iniciales.primera_prueba - data_3
2025-10-08 12:29:14.713 [main] INFO  file.pruebas_iniciales.primera_prueba - index
2025-10-08 12:29:14.713 [main] INFO  file.pruebas_iniciales.primera_prueba - DIPS
2025-10-08 12:29:14.714 [main] INFO  file.pruebas_iniciales.primera_prueba - LOCK
2025-10-08 12:29:14.714 [main] INFO  file.pruebas_iniciales.primera_prueba - LOG
2025-10-08 12:29:14.714 [main] INFO  file.pruebas_iniciales.primera_prueba - LOG.old
2025-10-08 12:29:14.714 [main] INFO  file.pruebas_iniciales.primera_prueba - LOCK
2025-10-08 12:29:14.714 [main] INFO  file.pruebas_iniciales.primera_prueba - LOG
2025-10-08 12:29:14.714 [main] INFO  file.pruebas_iniciales.primera_prueba - LOG.old
2025-10-08 12:29:14.715 [main] INFO  file.pruebas_iniciales.primera_prueba - LOCK
2025-10-08 12:29:14.715 [main] INFO  file.pruebas_iniciales.primera_prueba - LOG
2025-10-08 12:29:14.715 [main] INFO  file.pruebas_iniciales.primera_prueba - EdgeEDropSQLite.db
2025-10-08 12:29:14.715 [main] INFO  file.pruebas_iniciales.primera_prueba - EdgeEDropSQLite.db-journal
2025-10-08 12:29:14.715 [main] INFO  file.pruebas_iniciales.primera_prueba - 000003.log
2025-10-08 12:29:14.715 [main] INFO  file.pruebas_iniciales.primera_prueba - CURRENT
2025-10-08 12:29:14.716 [main] INFO  file.pruebas_iniciales.primera_prueba - LOCK
2025-10-08 12:29:14.716 [main] INFO  file.pruebas_iniciales.primera_prueba - LOG
2025-10-08 12:29:14.716 [main] INFO  file.pruebas_iniciales.primera_prueba - LOG.old
2025-10-08 12:29:14.716 [main] INFO  file.pruebas_iniciales.primera_prueba - MANIFEST-000001
2025-10-08 12:29:14.716 [main] INFO  file.pruebas_iniciales.primera_prueba - 000003.log
2025-10-08 12:29:14.716 [main] INFO  file.pruebas_iniciales.primera_prueba - CURRENT
2025-10-08 12:29:14.717 [main] INFO  file.pruebas_iniciales.primera_prueba - LOCK
2025-10-08 12:29:14.717 [main] INFO  file.pruebas_iniciales.primera_prueba - LOG
2025-10-08 12:29:14.717 [main] INFO  file.pruebas_iniciales.primera_prueba - LOG.old
2025-10-08 12:29:14.717 [main] INFO  file.pruebas_iniciales.primera_prueba - MANIFEST-000001
2025-10-08 12:29:14.717 [main] INFO  file.pruebas_iniciales.primera_prueba - 000003.log
2025-10-08 12:29:14.718 [main] INFO  file.pruebas_iniciales.primera_prueba - CURRENT
2025-10-08 12:29:14.718 [main] INFO  file.pruebas_iniciales.primera_prueba - LOCK
2025-10-08 12:29:14.718 [main] INFO  file.pruebas_iniciales.primera_prueba - LOG
2025-10-08 12:29:14.718 [main] INFO  file.pruebas_iniciales.primera_prueba - LOG.old
2025-10-08 12:29:14.718 [main] INFO  file.pruebas_iniciales.primera_prueba - MANIFEST-000001
2025-10-08 12:29:14.718 [main] INFO  file.pruebas_iniciales.primera_prueba - ExtensionActivityComp
2025-10-08 12:29:14.718 [main] INFO  file.pruebas_iniciales.primera_prueba - ExtensionActivityComp-journal
2025-10-08 12:29:14.718 [main] INFO  file.pruebas_iniciales.primera_prueba - ExtensionActivityEdge
2025-10-08 12:29:14.718 [main] INFO  file.pruebas_iniciales.primera_prueba - ExtensionActivityEdge-journal
2025-10-08 12:29:14.718 [main] INFO  file.pruebas_iniciales.primera_prueba - Favicons
2025-10-08 12:29:14.718 [main] INFO  file.pruebas_iniciales.primera_prueba - Favicons-journal
2025-10-08 12:29:14.718 [main] INFO  file.pruebas_iniciales.primera_prueba - favorites_diagnostic.log
2025-10-08 12:29:14.719 [main] INFO  file.pruebas_iniciales.primera_prueba - LOCK
2025-10-08 12:29:14.719 [main] INFO  file.pruebas_iniciales.primera_prueba - LOG
2025-10-08 12:29:14.719 [main] INFO  file.pruebas_iniciales.primera_prueba - LOG.old
2025-10-08 12:29:14.719 [main] INFO  file.pruebas_iniciales.primera_prueba - LOCK
2025-10-08 12:29:14.719 [main] INFO  file.pruebas_iniciales.primera_prueba - LOG
2025-10-08 12:29:14.719 [main] INFO  file.pruebas_iniciales.primera_prueba - LOG.old
2025-10-08 12:29:14.720 [main] INFO  file.pruebas_iniciales.primera_prueba - data_0
2025-10-08 12:29:14.720 [main] INFO  file.pruebas_iniciales.primera_prueba - data_1
2025-10-08 12:29:14.720 [main] INFO  file.pruebas_iniciales.primera_prueba - data_2
2025-10-08 12:29:14.720 [main] INFO  file.pruebas_iniciales.primera_prueba - data_3
2025-10-08 12:29:14.720 [main] INFO  file.pruebas_iniciales.primera_prueba - index
2025-10-08 12:29:14.720 [main] INFO  file.pruebas_iniciales.primera_prueba - heavy_ad_intervention_opt_out.db
2025-10-08 12:29:14.720 [main] INFO  file.pruebas_iniciales.primera_prueba - heavy_ad_intervention_opt_out.db-journal
2025-10-08 12:29:14.720 [main] INFO  file.pruebas_iniciales.primera_prueba - History
2025-10-08 12:29:14.720 [main] INFO  file.pruebas_iniciales.primera_prueba - History-journal
2025-10-08 12:29:14.721 [main] INFO  file.pruebas_iniciales.primera_prueba - 000003.log
2025-10-08 12:29:14.721 [main] INFO  file.pruebas_iniciales.primera_prueba - CURRENT
2025-10-08 12:29:14.721 [main] INFO  file.pruebas_iniciales.primera_prueba - LOCK
2025-10-08 12:29:14.721 [main] INFO  file.pruebas_iniciales.primera_prueba - LOG
2025-10-08 12:29:14.721 [main] INFO  file.pruebas_iniciales.primera_prueba - LOG.old
2025-10-08 12:29:14.721 [main] INFO  file.pruebas_iniciales.primera_prueba - MANIFEST-000001
2025-10-08 12:29:14.721 [main] INFO  file.pruebas_iniciales.primera_prueba - Login Data
2025-10-08 12:29:14.721 [main] INFO  file.pruebas_iniciales.primera_prueba - Login Data For Account
2025-10-08 12:29:14.721 [main] INFO  file.pruebas_iniciales.primera_prueba - Login Data For Account-journal
2025-10-08 12:29:14.721 [main] INFO  file.pruebas_iniciales.primera_prueba - Login Data-journal
2025-10-08 12:29:14.721 [main] INFO  file.pruebas_iniciales.primera_prueba - Cookies
2025-10-08 12:29:14.721 [main] INFO  file.pruebas_iniciales.primera_prueba - Cookies-journal
2025-10-08 12:29:14.723 [main] INFO  file.pruebas_iniciales.primera_prueba - Network Persistent State
2025-10-08 12:29:14.723 [main] INFO  file.pruebas_iniciales.primera_prueba - NetworkDataMigrated
2025-10-08 12:29:14.723 [main] INFO  file.pruebas_iniciales.primera_prueba - Reporting and NEL
2025-10-08 12:29:14.723 [main] INFO  file.pruebas_iniciales.primera_prueba - Reporting and NEL-journal
2025-10-08 12:29:14.723 [main] INFO  file.pruebas_iniciales.primera_prueba - SCT Auditing Pending Reports
2025-10-08 12:29:14.723 [main] INFO  file.pruebas_iniciales.primera_prueba - Sdch Dictionaries
2025-10-08 12:29:14.723 [main] INFO  file.pruebas_iniciales.primera_prueba - Trust Tokens
2025-10-08 12:29:14.723 [main] INFO  file.pruebas_iniciales.primera_prueba - Trust Tokens-journal
2025-10-08 12:29:14.723 [main] INFO  file.pruebas_iniciales.primera_prueba - Network Action Predictor
2025-10-08 12:29:14.724 [main] INFO  file.pruebas_iniciales.primera_prueba - Network Action Predictor-journal
2025-10-08 12:29:14.724 [main] INFO  file.pruebas_iniciales.primera_prueba - LOCK
2025-10-08 12:29:14.724 [main] INFO  file.pruebas_iniciales.primera_prueba - LOG
2025-10-08 12:29:14.724 [main] INFO  file.pruebas_iniciales.primera_prueba - LOG.old
2025-10-08 12:29:14.724 [main] INFO  file.pruebas_iniciales.primera_prueba - LOCK
2025-10-08 12:29:14.724 [main] INFO  file.pruebas_iniciales.primera_prueba - LOG
2025-10-08 12:29:14.724 [main] INFO  file.pruebas_iniciales.primera_prueba - LOG.old
2025-10-08 12:29:14.724 [main] INFO  file.pruebas_iniciales.primera_prueba - Preferences
2025-10-08 12:29:14.725 [main] INFO  file.pruebas_iniciales.primera_prueba - PreferredApps
2025-10-08 12:29:14.725 [main] INFO  file.pruebas_iniciales.primera_prueba - README
2025-10-08 12:29:14.725 [main] INFO  file.pruebas_iniciales.primera_prueba - NetworkDataMigrated
2025-10-08 12:29:14.725 [main] INFO  file.pruebas_iniciales.primera_prueba - Safe Browsing Cookies
2025-10-08 12:29:14.726 [main] INFO  file.pruebas_iniciales.primera_prueba - Safe Browsing Cookies-journal
2025-10-08 12:29:14.726 [main] INFO  file.pruebas_iniciales.primera_prueba - Secure Preferences
2025-10-08 12:29:14.726 [main] INFO  file.pruebas_iniciales.primera_prueba - ServerCertificate
2025-10-08 12:29:14.726 [main] INFO  file.pruebas_iniciales.primera_prueba - ServerCertificate-journal
2025-10-08 12:29:14.727 [main] INFO  file.pruebas_iniciales.primera_prueba - 000003.log
2025-10-08 12:29:14.727 [main] INFO  file.pruebas_iniciales.primera_prueba - CURRENT
2025-10-08 12:29:14.727 [main] INFO  file.pruebas_iniciales.primera_prueba - LOCK
2025-10-08 12:29:14.727 [main] INFO  file.pruebas_iniciales.primera_prueba - LOG
2025-10-08 12:29:14.727 [main] INFO  file.pruebas_iniciales.primera_prueba - LOG.old
2025-10-08 12:29:14.727 [main] INFO  file.pruebas_iniciales.primera_prueba - MANIFEST-000001
2025-10-08 12:29:14.727 [main] INFO  file.pruebas_iniciales.primera_prueba - index
2025-10-08 12:29:14.728 [main] INFO  file.pruebas_iniciales.primera_prueba - the-real-index
2025-10-08 12:29:14.728 [main] INFO  file.pruebas_iniciales.primera_prueba - db
2025-10-08 12:29:14.728 [main] INFO  file.pruebas_iniciales.primera_prueba - db-journal
2025-10-08 12:29:14.728 [main] INFO  file.pruebas_iniciales.primera_prueba - SharedStorage
2025-10-08 12:29:14.728 [main] INFO  file.pruebas_iniciales.primera_prueba - 000003.log
2025-10-08 12:29:14.728 [main] INFO  file.pruebas_iniciales.primera_prueba - CURRENT
2025-10-08 12:29:14.728 [main] INFO  file.pruebas_iniciales.primera_prueba - LOCK
2025-10-08 12:29:14.728 [main] INFO  file.pruebas_iniciales.primera_prueba - LOG
2025-10-08 12:29:14.728 [main] INFO  file.pruebas_iniciales.primera_prueba - LOG.old
2025-10-08 12:29:14.728 [main] INFO  file.pruebas_iniciales.primera_prueba - MANIFEST-000001
2025-10-08 12:29:14.728 [main] INFO  file.pruebas_iniciales.primera_prueba - 000003.log
2025-10-08 12:29:14.728 [main] INFO  file.pruebas_iniciales.primera_prueba - CURRENT
2025-10-08 12:29:14.729 [main] INFO  file.pruebas_iniciales.primera_prueba - LOCK
2025-10-08 12:29:14.729 [main] INFO  file.pruebas_iniciales.primera_prueba - LOG
2025-10-08 12:29:14.729 [main] INFO  file.pruebas_iniciales.primera_prueba - LOG.old
2025-10-08 12:29:14.729 [main] INFO  file.pruebas_iniciales.primera_prueba - MANIFEST-000001
2025-10-08 12:29:14.729 [main] INFO  file.pruebas_iniciales.primera_prueba - 000004.ldb
2025-10-08 12:29:14.729 [main] INFO  file.pruebas_iniciales.primera_prueba - 000006.log
2025-10-08 12:29:14.729 [main] INFO  file.pruebas_iniciales.primera_prueba - CURRENT
2025-10-08 12:29:14.729 [main] INFO  file.pruebas_iniciales.primera_prueba - LOCK
2025-10-08 12:29:14.729 [main] INFO  file.pruebas_iniciales.primera_prueba - LOG
2025-10-08 12:29:14.729 [main] INFO  file.pruebas_iniciales.primera_prueba - LOG.old
2025-10-08 12:29:14.729 [main] INFO  file.pruebas_iniciales.primera_prueba - 000003.log
2025-10-08 12:29:14.729 [main] INFO  file.pruebas_iniciales.primera_prueba - MANIFEST-000001
2025-10-08 12:29:14.729 [main] INFO  file.pruebas_iniciales.primera_prueba - MANIFEST-000001
2025-10-08 12:29:14.730 [main] INFO  file.pruebas_iniciales.primera_prueba - 000003.log
2025-10-08 12:29:14.730 [main] INFO  file.pruebas_iniciales.primera_prueba - CURRENT
2025-10-08 12:29:14.730 [main] INFO  file.pruebas_iniciales.primera_prueba - LOCK
2025-10-08 12:29:14.730 [main] INFO  file.pruebas_iniciales.primera_prueba - LOG
2025-10-08 12:29:14.730 [main] INFO  file.pruebas_iniciales.primera_prueba - LOG.old
2025-10-08 12:29:14.730 [main] INFO  file.pruebas_iniciales.primera_prueba - MANIFEST-000001
2025-10-08 12:29:14.730 [main] INFO  file.pruebas_iniciales.primera_prueba - Top Sites
2025-10-08 12:29:14.731 [main] INFO  file.pruebas_iniciales.primera_prueba - Top Sites-journal
2025-10-08 12:29:14.731 [main] INFO  file.pruebas_iniciales.primera_prueba - Vpn Tokens
2025-10-08 12:29:14.731 [main] INFO  file.pruebas_iniciales.primera_prueba - Vpn Tokens-journal
2025-10-08 12:29:14.731 [main] INFO  file.pruebas_iniciales.primera_prueba - Web Data
2025-10-08 12:29:14.731 [main] INFO  file.pruebas_iniciales.primera_prueba - Web Data-journal
2025-10-08 12:29:14.731 [main] INFO  file.pruebas_iniciales.primera_prueba - domain_actions.dll
2025-10-08 12:29:14.731 [main] INFO  file.pruebas_iniciales.primera_prueba - manifest.json
2025-10-08 12:29:14.732 [main] INFO  file.pruebas_iniciales.primera_prueba - metadata.json
2025-10-08 12:29:14.732 [main] INFO  file.pruebas_iniciales.primera_prueba - data_0
2025-10-08 12:29:14.732 [main] INFO  file.pruebas_iniciales.primera_prueba - data_1
2025-10-08 12:29:14.732 [main] INFO  file.pruebas_iniciales.primera_prueba - data_2
2025-10-08 12:29:14.732 [main] INFO  file.pruebas_iniciales.primera_prueba - data_3
2025-10-08 12:29:14.732 [main] INFO  file.pruebas_iniciales.primera_prueba - index
2025-10-08 12:29:14.732 [main] INFO  file.pruebas_iniciales.primera_prueba - data_0
2025-10-08 12:29:14.732 [main] INFO  file.pruebas_iniciales.primera_prueba - data_1
2025-10-08 12:29:14.732 [main] INFO  file.pruebas_iniciales.primera_prueba - data_2
2025-10-08 12:29:14.732 [main] INFO  file.pruebas_iniciales.primera_prueba - data_3
2025-10-08 12:29:14.732 [main] INFO  file.pruebas_iniciales.primera_prueba - index
2025-10-08 12:29:14.733 [main] INFO  file.pruebas_iniciales.primera_prueba - hyph-af.hyb
2025-10-08 12:29:14.733 [main] INFO  file.pruebas_iniciales.primera_prueba - hyph-as.hyb
2025-10-08 12:29:14.733 [main] INFO  file.pruebas_iniciales.primera_prueba - hyph-be.hyb
2025-10-08 12:29:14.733 [main] INFO  file.pruebas_iniciales.primera_prueba - hyph-bg.hyb
2025-10-08 12:29:14.733 [main] INFO  file.pruebas_iniciales.primera_prueba - hyph-bn.hyb
2025-10-08 12:29:14.733 [main] INFO  file.pruebas_iniciales.primera_prueba - hyph-cs.hyb
2025-10-08 12:29:14.733 [main] INFO  file.pruebas_iniciales.primera_prueba - hyph-cu.hyb
2025-10-08 12:29:14.733 [main] INFO  file.pruebas_iniciales.primera_prueba - hyph-cy.hyb
2025-10-08 12:29:14.733 [main] INFO  file.pruebas_iniciales.primera_prueba - hyph-da.hyb
2025-10-08 12:29:14.733 [main] INFO  file.pruebas_iniciales.primera_prueba - hyph-de-1901.hyb
2025-10-08 12:29:14.733 [main] INFO  file.pruebas_iniciales.primera_prueba - hyph-de-1996.hyb
2025-10-08 12:29:14.734 [main] INFO  file.pruebas_iniciales.primera_prueba - hyph-de-ch-1901.hyb
2025-10-08 12:29:14.734 [main] INFO  file.pruebas_iniciales.primera_prueba - hyph-el.hyb
2025-10-08 12:29:14.734 [main] INFO  file.pruebas_iniciales.primera_prueba - hyph-en-gb.hyb
2025-10-08 12:29:14.734 [main] INFO  file.pruebas_iniciales.primera_prueba - hyph-en-us.hyb
2025-10-08 12:29:14.734 [main] INFO  file.pruebas_iniciales.primera_prueba - hyph-es.hyb
2025-10-08 12:29:14.734 [main] INFO  file.pruebas_iniciales.primera_prueba - hyph-et.hyb
2025-10-08 12:29:14.734 [main] INFO  file.pruebas_iniciales.primera_prueba - hyph-eu.hyb
2025-10-08 12:29:14.734 [main] INFO  file.pruebas_iniciales.primera_prueba - hyph-fr.hyb
2025-10-08 12:29:14.734 [main] INFO  file.pruebas_iniciales.primera_prueba - hyph-ga.hyb
2025-10-08 12:29:14.734 [main] INFO  file.pruebas_iniciales.primera_prueba - hyph-gl.hyb
2025-10-08 12:29:14.734 [main] INFO  file.pruebas_iniciales.primera_prueba - hyph-gu.hyb
2025-10-08 12:29:14.735 [main] INFO  file.pruebas_iniciales.primera_prueba - hyph-hi.hyb
2025-10-08 12:29:14.735 [main] INFO  file.pruebas_iniciales.primera_prueba - hyph-hr.hyb
2025-10-08 12:29:14.735 [main] INFO  file.pruebas_iniciales.primera_prueba - hyph-hu.hyb
2025-10-08 12:29:14.735 [main] INFO  file.pruebas_iniciales.primera_prueba - hyph-hy.hyb
2025-10-08 12:29:14.735 [main] INFO  file.pruebas_iniciales.primera_prueba - hyph-it.hyb
2025-10-08 12:29:14.735 [main] INFO  file.pruebas_iniciales.primera_prueba - hyph-ka.hyb
2025-10-08 12:29:14.735 [main] INFO  file.pruebas_iniciales.primera_prueba - hyph-kn.hyb
2025-10-08 12:29:14.735 [main] INFO  file.pruebas_iniciales.primera_prueba - hyph-la.hyb
2025-10-08 12:29:14.735 [main] INFO  file.pruebas_iniciales.primera_prueba - hyph-lt.hyb
2025-10-08 12:29:14.735 [main] INFO  file.pruebas_iniciales.primera_prueba - hyph-lv.hyb
2025-10-08 12:29:14.735 [main] INFO  file.pruebas_iniciales.primera_prueba - hyph-ml.hyb
2025-10-08 12:29:14.735 [main] INFO  file.pruebas_iniciales.primera_prueba - hyph-mn-cyrl.hyb
2025-10-08 12:29:14.735 [main] INFO  file.pruebas_iniciales.primera_prueba - hyph-mr.hyb
2025-10-08 12:29:14.736 [main] INFO  file.pruebas_iniciales.primera_prueba - hyph-mul-ethi.hyb
2025-10-08 12:29:14.736 [main] INFO  file.pruebas_iniciales.primera_prueba - hyph-nb.hyb
2025-10-08 12:29:14.736 [main] INFO  file.pruebas_iniciales.primera_prueba - hyph-nl.hyb
2025-10-08 12:29:14.736 [main] INFO  file.pruebas_iniciales.primera_prueba - hyph-nn.hyb
2025-10-08 12:29:14.736 [main] INFO  file.pruebas_iniciales.primera_prueba - hyph-or.hyb
2025-10-08 12:29:14.736 [main] INFO  file.pruebas_iniciales.primera_prueba - hyph-pa.hyb
2025-10-08 12:29:14.736 [main] INFO  file.pruebas_iniciales.primera_prueba - hyph-pt.hyb
2025-10-08 12:29:14.736 [main] INFO  file.pruebas_iniciales.primera_prueba - hyph-ru.hyb
2025-10-08 12:29:14.736 [main] INFO  file.pruebas_iniciales.primera_prueba - hyph-sk.hyb
2025-10-08 12:29:14.736 [main] INFO  file.pruebas_iniciales.primera_prueba - hyph-sl.hyb
2025-10-08 12:29:14.736 [main] INFO  file.pruebas_iniciales.primera_prueba - hyph-sq.hyb
2025-10-08 12:29:14.736 [main] INFO  file.pruebas_iniciales.primera_prueba - hyph-sv.hyb
2025-10-08 12:29:14.737 [main] INFO  file.pruebas_iniciales.primera_prueba - hyph-ta.hyb
2025-10-08 12:29:14.737 [main] INFO  file.pruebas_iniciales.primera_prueba - hyph-te.hyb
2025-10-08 12:29:14.737 [main] INFO  file.pruebas_iniciales.primera_prueba - hyph-tk.hyb
2025-10-08 12:29:14.737 [main] INFO  file.pruebas_iniciales.primera_prueba - hyph-uk.hyb
2025-10-08 12:29:14.737 [main] INFO  file.pruebas_iniciales.primera_prueba - hyph-und-ethi.hyb
2025-10-08 12:29:14.737 [main] INFO  file.pruebas_iniciales.primera_prueba - manifest.json
2025-10-08 12:29:14.737 [main] INFO  file.pruebas_iniciales.primera_prueba - verified_contents.json
2025-10-08 12:29:14.737 [main] INFO  file.pruebas_iniciales.primera_prueba - Last Version
2025-10-08 12:29:14.737 [main] INFO  file.pruebas_iniciales.primera_prueba - Local State
2025-10-08 12:29:14.738 [main] INFO  file.pruebas_iniciales.primera_prueba - manifest.json
2025-10-08 12:29:14.738 [main] INFO  file.pruebas_iniciales.primera_prueba - crs.pb
2025-10-08 12:29:14.738 [main] INFO  file.pruebas_iniciales.primera_prueba - ct_config.pb
2025-10-08 12:29:14.738 [main] INFO  file.pruebas_iniciales.primera_prueba - kp_pinslist.pb
2025-10-08 12:29:14.738 [main] INFO  file.pruebas_iniciales.primera_prueba - manifest.json
2025-10-08 12:29:14.738 [main] INFO  file.pruebas_iniciales.primera_prueba - RevisitationBloomfilter
2025-10-08 12:29:14.739 [main] INFO  file.pruebas_iniciales.primera_prueba - data_0
2025-10-08 12:29:14.739 [main] INFO  file.pruebas_iniciales.primera_prueba - data_1
2025-10-08 12:29:14.739 [main] INFO  file.pruebas_iniciales.primera_prueba - data_2
2025-10-08 12:29:14.739 [main] INFO  file.pruebas_iniciales.primera_prueba - data_3
2025-10-08 12:29:14.739 [main] INFO  file.pruebas_iniciales.primera_prueba - index
2025-10-08 12:29:14.739 [main] INFO  file.pruebas_iniciales.primera_prueba - customSettings
2025-10-08 12:29:14.739 [main] INFO  file.pruebas_iniciales.primera_prueba - customSettings_F95BA787499AB4FA9EFFF472CE383A14
2025-10-08 12:29:14.740 [main] INFO  file.pruebas_iniciales.primera_prueba - edgeSettings
2025-10-08 12:29:14.740 [main] INFO  file.pruebas_iniciales.primera_prueba - edgeSettings_2.0-0
2025-10-08 12:29:14.740 [main] INFO  file.pruebas_iniciales.primera_prueba - manifest.json
2025-10-08 12:29:14.740 [main] INFO  file.pruebas_iniciales.primera_prueba - Microsoft.CognitiveServices.Speech.core.dll
2025-10-08 12:29:14.741 [main] INFO  file.pruebas_iniciales.primera_prueba - LICENSE
2025-10-08 12:29:14.741 [main] INFO  file.pruebas_iniciales.primera_prueba - Ruleset Data
2025-10-08 12:29:14.741 [main] INFO  file.pruebas_iniciales.primera_prueba - adblock_snippet.js
2025-10-08 12:29:14.742 [main] INFO  file.pruebas_iniciales.primera_prueba - Filtering Rules
2025-10-08 12:29:14.742 [main] INFO  file.pruebas_iniciales.primera_prueba - Filtering Rules-AA
2025-10-08 12:29:14.742 [main] INFO  file.pruebas_iniciales.primera_prueba - Filtering Rules-CA
2025-10-08 12:29:14.742 [main] INFO  file.pruebas_iniciales.primera_prueba - LICENSE
2025-10-08 12:29:14.742 [main] INFO  file.pruebas_iniciales.primera_prueba - manifest.json
2025-10-08 12:29:14.743 [main] INFO  file.pruebas_iniciales.primera_prueba - Part-DE
2025-10-08 12:29:14.743 [main] INFO  file.pruebas_iniciales.primera_prueba - Part-ES
2025-10-08 12:29:14.743 [main] INFO  file.pruebas_iniciales.primera_prueba - Part-FR
2025-10-08 12:29:14.744 [main] INFO  file.pruebas_iniciales.primera_prueba - Part-IT
2025-10-08 12:29:14.744 [main] INFO  file.pruebas_iniciales.primera_prueba - Part-NL
2025-10-08 12:29:14.744 [main] INFO  file.pruebas_iniciales.primera_prueba - Part-RU
2025-10-08 12:29:14.744 [main] INFO  file.pruebas_iniciales.primera_prueba - Part-ZH
2025-10-08 12:29:14.744 [main] INFO  file.pruebas_iniciales.primera_prueba - Variations
2025-10-08 12:29:14.744 [main] INFO  file.pruebas_iniciales.primera_prueba - english_wikipedia.txt
2025-10-08 12:29:14.745 [main] INFO  file.pruebas_iniciales.primera_prueba - female_names.txt
2025-10-08 12:29:14.745 [main] INFO  file.pruebas_iniciales.primera_prueba - male_names.txt
2025-10-08 12:29:14.745 [main] INFO  file.pruebas_iniciales.primera_prueba - manifest.json
2025-10-08 12:29:14.746 [main] INFO  file.pruebas_iniciales.primera_prueba - passwords.txt
2025-10-08 12:29:14.746 [main] INFO  file.pruebas_iniciales.primera_prueba - ranked_dicts
2025-10-08 12:29:14.747 [main] INFO  file.pruebas_iniciales.primera_prueba - surnames.txt
2025-10-08 12:29:14.747 [main] INFO  file.pruebas_iniciales.primera_prueba - test.txt
2025-10-08 12:29:14.747 [main] INFO  file.pruebas_iniciales.primera_prueba - us_tv_and_film.txt
2025-10-08 12:29:14.748 [main] INFO  file.pruebas_iniciales.primera_prueba - dialog_settings.xml
2025-10-08 12:29:14.748 [main] INFO  file.pruebas_iniciales.primera_prueba - data.properties
2025-10-08 12:29:14.748 [main] INFO  file.pruebas_iniciales.primera_prueba - dialog_settings.xml
2025-10-08 12:29:14.748 [main] INFO  file.pruebas_iniciales.primera_prueba - dialog_settings.xml
2025-10-08 12:29:14.748 [main] INFO  file.pruebas_iniciales.primera_prueba - workingsets.xml
2025-10-08 12:29:14.749 [main] INFO  file.pruebas_iniciales.primera_prueba - dialog_settings.xml
2025-10-08 12:29:14.749 [main] INFO  file.pruebas_iniciales.primera_prueba - task-tags.properties
2025-10-08 12:29:14.749 [main] INFO  file.pruebas_iniciales.primera_prueba - version.ini
2025-10-08 12:29:14.750 [main] INFO  file.pruebas_iniciales.primera_prueba - .classpath
2025-10-08 12:29:14.751 [main] INFO  file.pruebas_iniciales.primera_prueba - .factorypath
2025-10-08 12:29:14.751 [main] INFO  file.pruebas_iniciales.primera_prueba - .project
2025-10-08 12:29:14.751 [main] INFO  file.pruebas_iniciales.primera_prueba - org.eclipse.jdt.apt.core.prefs
2025-10-08 12:29:14.751 [main] INFO  file.pruebas_iniciales.primera_prueba - org.eclipse.jdt.core.prefs
2025-10-08 12:29:14.751 [main] INFO  file.pruebas_iniciales.primera_prueba - org.eclipse.m2e.core.prefs
2025-10-08 12:29:14.751 [main] INFO  file.pruebas_iniciales.primera_prueba - application-20250930.log
2025-10-08 12:29:14.751 [main] INFO  file.pruebas_iniciales.primera_prueba - application-20251006.log
2025-10-08 12:29:14.751 [main] INFO  file.pruebas_iniciales.primera_prueba - application-20251007.log
2025-10-08 12:29:14.751 [main] INFO  file.pruebas_iniciales.primera_prueba - application-20251008.log
2025-10-08 12:29:14.751 [main] INFO  file.pruebas_iniciales.primera_prueba - pom.xml
2025-10-08 12:29:14.751 [main] INFO  file.pruebas_iniciales.primera_prueba - .classpath
2025-10-08 12:29:14.751 [main] INFO  file.pruebas_iniciales.primera_prueba - .project
2025-10-08 12:29:14.751 [main] INFO  file.pruebas_iniciales.primera_prueba - ProbandoLog.class
2025-10-08 12:29:14.751 [main] INFO  file.pruebas_iniciales.primera_prueba - GestionaPeticionesAChat.class
2025-10-08 12:29:14.753 [main] INFO  file.pruebas_iniciales.primera_prueba - ConversacionException.class
2025-10-08 12:29:14.753 [main] INFO  file.pruebas_iniciales.primera_prueba - Conversacion.class
2025-10-08 12:29:14.753 [main] INFO  file.pruebas_iniciales.primera_prueba - TipoAgente.class
2025-10-08 12:29:14.753 [main] INFO  file.pruebas_iniciales.primera_prueba - IRepositorioConversaciones.class
2025-10-08 12:29:14.753 [main] INFO  file.pruebas_iniciales.primera_prueba - RepositorioConversaciones.class
2025-10-08 12:29:14.753 [main] INFO  file.pruebas_iniciales.primera_prueba - IServicioConversaciones.class
2025-10-08 12:29:14.753 [main] INFO  file.pruebas_iniciales.primera_prueba - ServicioConversaciones.class
2025-10-08 12:29:14.754 [main] INFO  file.pruebas_iniciales.primera_prueba - ProbandoLog.java
2025-10-08 12:29:14.754 [main] INFO  file.pruebas_iniciales.primera_prueba - PrimerBoletin_main.java
2025-10-08 12:29:14.754 [main] INFO  file.pruebas_iniciales.primera_prueba - Ejercicio1.java
2025-10-08 12:29:14.754 [main] INFO  file.pruebas_iniciales.primera_prueba - Ejercicio2.java
2025-10-08 12:29:14.754 [main] INFO  file.pruebas_iniciales.primera_prueba - Ejercicio3.java
2025-10-08 12:29:14.754 [main] INFO  file.pruebas_iniciales.primera_prueba - Ejercicio4.java
2025-10-08 12:29:14.754 [main] INFO  file.pruebas_iniciales.primera_prueba - ExceptionEjercicio1.java
2025-10-08 12:29:14.754 [main] INFO  file.pruebas_iniciales.primera_prueba - primera_prueba.java
2025-10-08 12:29:14.755 [main] INFO  file.pruebas_iniciales.primera_prueba - GestionaPeticionesAChat.java
2025-10-08 12:29:14.755 [main] INFO  file.pruebas_iniciales.primera_prueba - ConversacionException.java
2025-10-08 12:29:14.755 [main] INFO  file.pruebas_iniciales.primera_prueba - Conversacion.java
2025-10-08 12:29:14.755 [main] INFO  file.pruebas_iniciales.primera_prueba - TipoAgente.java
2025-10-08 12:29:14.755 [main] INFO  file.pruebas_iniciales.primera_prueba - IRepositorioConversaciones.java
2025-10-08 12:29:14.755 [main] INFO  file.pruebas_iniciales.primera_prueba - RepositorioConversaciones.java
2025-10-08 12:29:14.755 [main] INFO  file.pruebas_iniciales.primera_prueba - IServicioConversaciones.java
2025-10-08 12:29:14.755 [main] INFO  file.pruebas_iniciales.primera_prueba - ServicioConversaciones.java
2025-10-08 12:29:14.756 [main] INFO  file.pruebas_iniciales.primera_prueba - log4j2.xml
2025-10-08 12:29:14.756 [main] INFO  file.pruebas_iniciales.primera_prueba - ProbandoLog.class
2025-10-08 12:29:14.756 [main] INFO  file.pruebas_iniciales.primera_prueba - PrimerBoletin_main.class
2025-10-08 12:29:14.756 [main] INFO  file.pruebas_iniciales.primera_prueba - Ejercicio1.class
2025-10-08 12:29:14.756 [main] INFO  file.pruebas_iniciales.primera_prueba - Ejercicio2.class
2025-10-08 12:29:14.757 [main] INFO  file.pruebas_iniciales.primera_prueba - Ejercicio3.class
2025-10-08 12:29:14.757 [main] INFO  file.pruebas_iniciales.primera_prueba - Ejercicio4.class
2025-10-08 12:29:14.757 [main] INFO  file.pruebas_iniciales.primera_prueba - ExceptionEjercicio1.class
2025-10-08 12:29:14.757 [main] INFO  file.pruebas_iniciales.primera_prueba - primera_prueba.class
2025-10-08 12:29:14.757 [main] INFO  file.pruebas_iniciales.primera_prueba - log4j2.xml
2025-10-08 12:29:14.757 [main] INFO  file.pruebas_iniciales.primera_prueba - MANIFEST.MF
2025-10-08 12:29:14.757 [main] INFO  file.pruebas_iniciales.primera_prueba - pom.properties
2025-10-08 12:29:14.757 [main] INFO  file.pruebas_iniciales.primera_prueba - pom.xml
2025-10-08 12:29:14.757 [main] INFO  file.pruebas_iniciales.primera_prueba - GestionaPeticionesAChat.class
2025-10-08 12:29:14.757 [main] INFO  file.pruebas_iniciales.primera_prueba - ConversacionException.class
2025-10-08 12:29:14.758 [main] INFO  file.pruebas_iniciales.primera_prueba - Conversacion.class
2025-10-08 12:29:14.758 [main] INFO  file.pruebas_iniciales.primera_prueba - TipoAgente.class
2025-10-08 12:29:14.758 [main] INFO  file.pruebas_iniciales.primera_prueba - IRepositorioConversaciones.class
2025-10-08 12:29:14.758 [main] INFO  file.pruebas_iniciales.primera_prueba - RepositorioConversaciones.class
2025-10-08 12:29:14.758 [main] INFO  file.pruebas_iniciales.primera_prueba - IServicioConversaciones.class
2025-10-08 12:29:14.758 [main] INFO  file.pruebas_iniciales.primera_prueba - ServicioConversaciones.class
2025-10-08 12:29:14.759 [main] INFO  file.pruebas_iniciales.primera_prueba - repaso2MVC.docx.pdf
2025-10-08 12:29:14.759 [main] INFO  file.pruebas_iniciales.primera_prueba - Pérez_Carmona_Eva_acc_dat_1.pdf
2025-10-08 12:29:14.760 [main] INFO  file.pruebas_iniciales.primera_prueba - .classpath
2025-10-08 12:29:14.760 [main] INFO  file.pruebas_iniciales.primera_prueba - .project
2025-10-08 12:29:14.760 [main] INFO  file.pruebas_iniciales.primera_prueba - org.eclipse.core.resources.prefs
2025-10-08 12:29:14.760 [main] INFO  file.pruebas_iniciales.primera_prueba - org.eclipse.jdt.core.prefs
2025-10-08 12:29:14.761 [main] INFO  file.pruebas_iniciales.primera_prueba - Main.class
2025-10-08 12:29:14.761 [main] INFO  file.pruebas_iniciales.primera_prueba - Canal.class
2025-10-08 12:29:14.761 [main] INFO  file.pruebas_iniciales.primera_prueba - Retrans.class
2025-10-08 12:29:14.761 [main] INFO  file.pruebas_iniciales.primera_prueba - Usuario.class
2025-10-08 12:29:14.762 [main] INFO  file.pruebas_iniciales.primera_prueba - module-info.class
2025-10-08 12:29:14.762 [main] INFO  file.pruebas_iniciales.primera_prueba - CanalRepo.class
2025-10-08 12:29:14.762 [main] INFO  file.pruebas_iniciales.primera_prueba - RetransRepo.class
2025-10-08 12:29:14.762 [main] INFO  file.pruebas_iniciales.primera_prueba - UsuarioRepo.class
2025-10-08 12:29:14.762 [main] INFO  file.pruebas_iniciales.primera_prueba - CanalServ.class
2025-10-08 12:29:14.762 [main] INFO  file.pruebas_iniciales.primera_prueba - RetransServ.class
2025-10-08 12:29:14.762 [main] INFO  file.pruebas_iniciales.primera_prueba - UsuarioServ.class
2025-10-08 12:29:14.792 [main] INFO  file.pruebas_iniciales.primera_prueba - Main.java
2025-10-08 12:29:14.831 [main] INFO  file.pruebas_iniciales.primera_prueba - Canal.java
2025-10-08 12:29:14.831 [main] INFO  file.pruebas_iniciales.primera_prueba - Retrans.java
2025-10-08 12:29:14.831 [main] INFO  file.pruebas_iniciales.primera_prueba - Usuario.java
2025-10-08 12:29:14.851 [main] INFO  file.pruebas_iniciales.primera_prueba - module-info.java
2025-10-08 12:29:14.851 [main] INFO  file.pruebas_iniciales.primera_prueba - CanalRepo.java
2025-10-08 12:29:14.851 [main] INFO  file.pruebas_iniciales.primera_prueba - RetransRepo.java
2025-10-08 12:29:14.851 [main] INFO  file.pruebas_iniciales.primera_prueba - UsuarioRepo.java
2025-10-08 12:29:14.852 [main] INFO  file.pruebas_iniciales.primera_prueba - CanalServ.java
2025-10-08 12:29:14.852 [main] INFO  file.pruebas_iniciales.primera_prueba - RetransServ.java
2025-10-08 12:29:14.852 [main] INFO  file.pruebas_iniciales.primera_prueba - UsuarioServ.java
2025-10-08 12:29:14.852 [main] INFO  file.pruebas_iniciales.primera_prueba - .classpath
2025-10-08 12:29:14.852 [main] INFO  file.pruebas_iniciales.primera_prueba - .project
2025-10-08 12:29:14.852 [main] INFO  file.pruebas_iniciales.primera_prueba - org.eclipse.jdt.apt.core.prefs
2025-10-08 12:29:14.852 [main] INFO  file.pruebas_iniciales.primera_prueba - org.eclipse.jdt.core.prefs
2025-10-08 12:29:14.852 [main] INFO  file.pruebas_iniciales.primera_prueba - org.eclipse.m2e.core.prefs
2025-10-08 12:29:14.852 [main] INFO  file.pruebas_iniciales.primera_prueba - pom.xml
2025-10-08 12:29:14.853 [main] INFO  file.pruebas_iniciales.primera_prueba - .classpath
2025-10-08 12:29:14.853 [main] INFO  file.pruebas_iniciales.primera_prueba - .project
2025-10-08 12:29:14.880 [main] INFO  file.pruebas_iniciales.primera_prueba - Libreria_main.class
2025-10-08 12:29:14.893 [main] INFO  file.pruebas_iniciales.primera_prueba - Editorial.class
2025-10-08 12:29:14.893 [main] INFO  file.pruebas_iniciales.primera_prueba - Genero_Libro.class
2025-10-08 12:29:14.893 [main] INFO  file.pruebas_iniciales.primera_prueba - Libreria_Exception.class
2025-10-08 12:29:14.893 [main] INFO  file.pruebas_iniciales.primera_prueba - Libro.class
2025-10-08 12:29:14.894 [main] INFO  file.pruebas_iniciales.primera_prueba - EditorialRepo.class
2025-10-08 12:29:14.894 [main] INFO  file.pruebas_iniciales.primera_prueba - LibroRepo.class
2025-10-08 12:29:14.895 [main] INFO  file.pruebas_iniciales.primera_prueba - EditorialServicio.class
2025-10-08 12:29:14.896 [main] INFO  file.pruebas_iniciales.primera_prueba - LibroServicio.class
2025-10-08 12:29:14.896 [main] INFO  file.pruebas_iniciales.primera_prueba - .classpath
2025-10-08 12:29:14.896 [main] INFO  file.pruebas_iniciales.primera_prueba - .project
2025-10-08 12:29:14.897 [main] INFO  file.pruebas_iniciales.primera_prueba - Comparator.java
2025-10-08 12:29:14.897 [main] INFO  file.pruebas_iniciales.primera_prueba - Libreria_main.java
2025-10-08 12:29:14.898 [main] INFO  file.pruebas_iniciales.primera_prueba - Editorial.java
2025-10-08 12:29:14.898 [main] INFO  file.pruebas_iniciales.primera_prueba - Genero_Libro.java
2025-10-08 12:29:14.898 [main] INFO  file.pruebas_iniciales.primera_prueba - Libreria_Exception.java
2025-10-08 12:29:14.898 [main] INFO  file.pruebas_iniciales.primera_prueba - Libro.java
2025-10-08 12:29:14.899 [main] INFO  file.pruebas_iniciales.primera_prueba - EditorialRepo.java
2025-10-08 12:29:14.899 [main] INFO  file.pruebas_iniciales.primera_prueba - LibroRepo.java
2025-10-08 12:29:14.899 [main] INFO  file.pruebas_iniciales.primera_prueba - EditorialServicio.java
2025-10-08 12:29:14.899 [main] INFO  file.pruebas_iniciales.primera_prueba - LibroServicio.java
2025-10-08 12:29:14.900 [main] INFO  file.pruebas_iniciales.primera_prueba - .classpath
2025-10-08 12:29:14.900 [main] INFO  file.pruebas_iniciales.primera_prueba - .project
2025-10-08 12:29:14.901 [main] INFO  file.pruebas_iniciales.primera_prueba - Comparator.class
2025-10-08 12:29:14.903 [main] INFO  file.pruebas_iniciales.primera_prueba - Libreria_main.class
2025-10-08 12:29:14.903 [main] INFO  file.pruebas_iniciales.primera_prueba - Editorial.class
2025-10-08 12:29:14.903 [main] INFO  file.pruebas_iniciales.primera_prueba - Genero_Libro.class
2025-10-08 12:29:14.903 [main] INFO  file.pruebas_iniciales.primera_prueba - Libreria_Exception.class
2025-10-08 12:29:14.903 [main] INFO  file.pruebas_iniciales.primera_prueba - Libro.class
2025-10-08 12:29:14.904 [main] INFO  file.pruebas_iniciales.primera_prueba - EditorialRepo.class
2025-10-08 12:29:14.905 [main] INFO  file.pruebas_iniciales.primera_prueba - LibroRepo.class
2025-10-08 12:29:14.905 [main] INFO  file.pruebas_iniciales.primera_prueba - EditorialServicio.class
2025-10-08 12:29:14.905 [main] INFO  file.pruebas_iniciales.primera_prueba - LibroServicio.class
2025-10-08 12:29:14.906 [main] INFO  file.pruebas_iniciales.primera_prueba - MANIFEST.MF
2025-10-08 12:29:14.906 [main] INFO  file.pruebas_iniciales.primera_prueba - pom.properties
2025-10-08 12:29:14.906 [main] INFO  file.pruebas_iniciales.primera_prueba - pom.xml
2025-10-08 12:29:14.906 [main] INFO  file.pruebas_iniciales.primera_prueba - activ_inicial.sql
2025-10-08 12:29:14.906 [main] INFO  file.pruebas_iniciales.primera_prueba - Pérez-Carmona-Eva Evaluación Inicial.png
2025-10-08 12:29:14.907 [main] INFO  file.pruebas_iniciales.primera_prueba - Actividad de clase 1.pdf
2025-10-08 12:29:14.907 [main] INFO  file.pruebas_iniciales.primera_prueba - Actividad de clase 2.pdf
2025-10-08 12:29:14.907 [main] INFO  file.pruebas_iniciales.primera_prueba - Actividad de clase 3.pdf
2025-10-08 12:29:14.907 [main] INFO  file.pruebas_iniciales.primera_prueba - Actividad de clase 4.pdf
2025-10-08 12:29:14.907 [main] INFO  file.pruebas_iniciales.primera_prueba - Pérez_Carmona_Eva_T1.1.pdf
2025-10-08 12:29:14.908 [main] INFO  file.pruebas_iniciales.primera_prueba - stylesheet.css
2025-10-08 12:29:14.909 [main] INFO  file.pruebas_iniciales.primera_prueba - about_us.html
2025-10-08 12:29:14.910 [main] INFO  file.pruebas_iniciales.primera_prueba - index.html
2025-10-08 12:29:14.910 [main] INFO  file.pruebas_iniciales.primera_prueba - myscript.js
2025-10-08 12:29:14.910 [main] INFO  file.pruebas_iniciales.primera_prueba - Eva Pérez Carmona-AE U1.pdf
2025-10-08 12:29:14.911 [main] INFO  file.pruebas_iniciales.primera_prueba - config.properties
2025-10-08 12:29:14.911 [main] INFO  file.pruebas_iniciales.primera_prueba - .gitignore
2025-10-08 12:29:14.911 [main] INFO  file.pruebas_iniciales.primera_prueba - AndroidProjectSystem.xml
2025-10-08 12:29:14.911 [main] INFO  file.pruebas_iniciales.primera_prueba - deviceStreaming.xml
2025-10-08 12:29:14.912 [main] INFO  file.pruebas_iniciales.primera_prueba - gradle.xml
2025-10-08 12:29:14.912 [main] INFO  file.pruebas_iniciales.primera_prueba - migrations.xml
2025-10-08 12:29:14.912 [main] INFO  file.pruebas_iniciales.primera_prueba - misc.xml
2025-10-08 12:29:14.912 [main] INFO  file.pruebas_iniciales.primera_prueba - runConfigurations.xml
2025-10-08 12:29:14.912 [main] INFO  file.pruebas_iniciales.primera_prueba - vcs.xml
2025-10-08 12:29:14.912 [main] INFO  file.pruebas_iniciales.primera_prueba - workspace.xml
2025-10-08 12:29:14.913 [main] INFO  file.pruebas_iniciales.primera_prueba - .gitignore
2025-10-08 12:29:14.913 [main] INFO  file.pruebas_iniciales.primera_prueba - checksums.lock
2025-10-08 12:29:14.913 [main] INFO  file.pruebas_iniciales.primera_prueba - md5-checksums.bin
2025-10-08 12:29:14.913 [main] INFO  file.pruebas_iniciales.primera_prueba - sha1-checksums.bin
2025-10-08 12:29:14.913 [main] INFO  file.pruebas_iniciales.primera_prueba - executionHistory.bin
2025-10-08 12:29:14.914 [main] INFO  file.pruebas_iniciales.primera_prueba - executionHistory.lock
2025-10-08 12:29:14.915 [main] INFO  file.pruebas_iniciales.primera_prueba - last-build.bin
2025-10-08 12:29:14.916 [main] INFO  file.pruebas_iniciales.primera_prueba - fileHashes.bin
2025-10-08 12:29:14.916 [main] INFO  file.pruebas_iniciales.primera_prueba - fileHashes.lock
2025-10-08 12:29:14.916 [main] INFO  file.pruebas_iniciales.primera_prueba - resourceHashesCache.bin
2025-10-08 12:29:14.916 [main] INFO  file.pruebas_iniciales.primera_prueba - gc.properties
2025-10-08 12:29:14.917 [main] INFO  file.pruebas_iniciales.primera_prueba - buildOutputCleanup.lock
2025-10-08 12:29:14.917 [main] INFO  file.pruebas_iniciales.primera_prueba - cache.properties
2025-10-08 12:29:14.917 [main] INFO  file.pruebas_iniciales.primera_prueba - outputFiles.bin
2025-10-08 12:29:14.918 [main] INFO  file.pruebas_iniciales.primera_prueba - config.properties
2025-10-08 12:29:14.918 [main] INFO  file.pruebas_iniciales.primera_prueba - file-system.probe
2025-10-08 12:29:14.918 [main] INFO  file.pruebas_iniciales.primera_prueba - gc.properties
2025-10-08 12:29:14.918 [main] INFO  file.pruebas_iniciales.primera_prueba - .gitignore
2025-10-08 12:29:14.918 [main] INFO  file.pruebas_iniciales.primera_prueba - .name
2025-10-08 12:29:14.919 [main] INFO  file.pruebas_iniciales.primera_prueba - AndroidProjectSystem.xml
2025-10-08 12:29:14.919 [main] INFO  file.pruebas_iniciales.primera_prueba - deviceStreaming.xml
2025-10-08 12:29:14.919 [main] INFO  file.pruebas_iniciales.primera_prueba - compiler.xml
2025-10-08 12:29:14.919 [main] INFO  file.pruebas_iniciales.primera_prueba - deploymentTargetSelector.xml
2025-10-08 12:29:14.919 [main] INFO  file.pruebas_iniciales.primera_prueba - deviceManager.xml
2025-10-08 12:29:14.919 [main] INFO  file.pruebas_iniciales.primera_prueba - gradle.xml
2025-10-08 12:29:14.919 [main] INFO  file.pruebas_iniciales.primera_prueba - migrations.xml
2025-10-08 12:29:14.919 [main] INFO  file.pruebas_iniciales.primera_prueba - misc.xml
2025-10-08 12:29:14.919 [main] INFO  file.pruebas_iniciales.primera_prueba - runConfigurations.xml
2025-10-08 12:29:14.919 [main] INFO  file.pruebas_iniciales.primera_prueba - vcs.xml
2025-10-08 12:29:14.919 [main] INFO  file.pruebas_iniciales.primera_prueba - workspace.xml
2025-10-08 12:29:14.920 [main] INFO  file.pruebas_iniciales.primera_prueba - .gitignore
2025-10-08 12:29:14.921 [main] INFO  file.pruebas_iniciales.primera_prueba - ic_launcher_foreground.xml
2025-10-08 12:29:14.923 [main] INFO  file.pruebas_iniciales.primera_prueba - annotationProcessors.json
2025-10-08 12:29:14.923 [main] INFO  file.pruebas_iniciales.primera_prueba - app-debug.apk
2025-10-08 12:29:14.924 [main] INFO  file.pruebas_iniciales.primera_prueba - output-metadata.json
2025-10-08 12:29:14.924 [main] INFO  file.pruebas_iniciales.primera_prueba - redirect.txt
2025-10-08 12:29:14.924 [main] INFO  file.pruebas_iniciales.primera_prueba - app-metadata.properties
2025-10-08 12:29:14.925 [main] INFO  file.pruebas_iniciales.primera_prueba - output-metadata.json
2025-10-08 12:29:14.926 [main] INFO  file.pruebas_iniciales.primera_prueba - R.jar
2025-10-08 12:29:14.928 [main] INFO  file.pruebas_iniciales.primera_prueba - graph.bin
2025-10-08 12:29:14.928 [main] INFO  file.pruebas_iniciales.primera_prueba - graph.bin
2025-10-08 12:29:14.929 [main] INFO  file.pruebas_iniciales.primera_prueba - graph.bin
2025-10-08 12:29:14.929 [main] INFO  file.pruebas_iniciales.primera_prueba - graph.bin
2025-10-08 12:29:14.930 [main] INFO  file.pruebas_iniciales.primera_prueba - graph.bin
2025-10-08 12:29:14.930 [main] INFO  file.pruebas_iniciales.primera_prueba - graph.bin
2025-10-08 12:29:14.930 [main] INFO  file.pruebas_iniciales.primera_prueba - graph.bin
2025-10-08 12:29:14.930 [main] INFO  file.pruebas_iniciales.primera_prueba - graph.bin
2025-10-08 12:29:14.931 [main] INFO  file.pruebas_iniciales.primera_prueba - graph.bin
2025-10-08 12:29:14.931 [main] INFO  file.pruebas_iniciales.primera_prueba - graph.bin
2025-10-08 12:29:14.934 [main] INFO  file.pruebas_iniciales.primera_prueba - graph.bin
2025-10-08 12:29:14.934 [main] INFO  file.pruebas_iniciales.primera_prueba - graph.bin
2025-10-08 12:29:14.935 [main] INFO  file.pruebas_iniciales.primera_prueba - graph.bin
2025-10-08 12:29:14.935 [main] INFO  file.pruebas_iniciales.primera_prueba - graph.bin
2025-10-08 12:29:14.935 [main] INFO  file.pruebas_iniciales.primera_prueba - graph.bin
2025-10-08 12:29:14.937 [main] INFO  file.pruebas_iniciales.primera_prueba - graph.bin
2025-10-08 12:29:14.938 [main] INFO  file.pruebas_iniciales.primera_prueba - classes.dex
2025-10-08 12:29:14.941 [main] INFO  file.pruebas_iniciales.primera_prueba - classes.dex
2025-10-08 12:29:14.944 [main] INFO  file.pruebas_iniciales.primera_prueba - classes.dex
2025-10-08 12:29:14.945 [main] INFO  file.pruebas_iniciales.primera_prueba - out
2025-10-08 12:29:14.945 [main] INFO  file.pruebas_iniciales.primera_prueba - out
2025-10-08 12:29:14.947 [main] INFO  file.pruebas_iniciales.primera_prueba - compile-file-map.properties
2025-10-08 12:29:14.947 [main] INFO  file.pruebas_iniciales.primera_prueba - merger.xml
2025-10-08 12:29:14.948 [main] INFO  file.pruebas_iniciales.primera_prueba - compile-file-map.properties
2025-10-08 12:29:14.948 [main] INFO  file.pruebas_iniciales.primera_prueba - merger.xml
2025-10-08 12:29:14.949 [main] INFO  file.pruebas_iniciales.primera_prueba - merge-state
2025-10-08 12:29:14.951 [main] INFO  file.pruebas_iniciales.primera_prueba - 06J3wk5RJ32OIlrE4d+vRw==
2025-10-08 12:29:14.951 [main] INFO  file.pruebas_iniciales.primera_prueba - 1avI0Qmmnrpn_vdPZlV1AA==
2025-10-08 12:29:14.951 [main] INFO  file.pruebas_iniciales.primera_prueba - 22VsufL1U3XTqC1DU4m7xg==
2025-10-08 12:29:14.951 [main] INFO  file.pruebas_iniciales.primera_prueba - 4KUTQbaxrpxuQ9sPgpVfzA==
2025-10-08 12:29:14.951 [main] INFO  file.pruebas_iniciales.primera_prueba - 4SYwQ56OuVS4LsQm+iW3gg==
2025-10-08 12:29:14.951 [main] INFO  file.pruebas_iniciales.primera_prueba - 51nxkgeC6ZDPN6EMSuni_Q==
2025-10-08 12:29:14.951 [main] INFO  file.pruebas_iniciales.primera_prueba - 6sjwx5c44WbsK+YGTmRVHw==
2025-10-08 12:29:14.953 [main] INFO  file.pruebas_iniciales.primera_prueba - aif1wudAHAESUEvkhWmJ8Q==
2025-10-08 12:29:14.953 [main] INFO  file.pruebas_iniciales.primera_prueba - APfW+HryITjCqlX8sNol0w==
2025-10-08 12:29:14.953 [main] INFO  file.pruebas_iniciales.primera_prueba - b8Km8C9glVHrIvb8M_E+Jw==
2025-10-08 12:29:14.953 [main] INFO  file.pruebas_iniciales.primera_prueba - cdiBqqrEOPhE70VtCZLTwA==
2025-10-08 12:29:14.953 [main] INFO  file.pruebas_iniciales.primera_prueba - CGc9a_Iybp8aixutiYmspA==
2025-10-08 12:29:14.953 [main] INFO  file.pruebas_iniciales.primera_prueba - dtm6Y8yG8ELHHOpWH+O+9A==
2025-10-08 12:29:14.954 [main] INFO  file.pruebas_iniciales.primera_prueba - eD8pMsdP89U__iOrLGV4QQ==
2025-10-08 12:29:14.954 [main] INFO  file.pruebas_iniciales.primera_prueba - EMZL6yP5sryAuTMmObbLoQ==
2025-10-08 12:29:14.954 [main] INFO  file.pruebas_iniciales.primera_prueba - eu764Be8Vi5MyvQ2JHwy7w==
2025-10-08 12:29:14.954 [main] INFO  file.pruebas_iniciales.primera_prueba - F+ssJOu51FApieQv2QG4GQ==
2025-10-08 12:29:14.954 [main] INFO  file.pruebas_iniciales.primera_prueba - f6gErcHhuarP7eRRRXzueg==
2025-10-08 12:29:14.955 [main] INFO  file.pruebas_iniciales.primera_prueba - FaC4WeMYealUbLY30XKnVQ==
2025-10-08 12:29:14.955 [main] INFO  file.pruebas_iniciales.primera_prueba - ffTSMZyxdMMAm89jstPGFQ==
2025-10-08 12:29:14.955 [main] INFO  file.pruebas_iniciales.primera_prueba - f_3FwVg8SdicMtHO4WCv6g==
2025-10-08 12:29:14.955 [main] INFO  file.pruebas_iniciales.primera_prueba - G+CFndvF0medGqfZS665fA==
2025-10-08 12:29:14.956 [main] INFO  file.pruebas_iniciales.primera_prueba - HlTRxwc40lYafCJYbJZ69Q==
2025-10-08 12:29:14.956 [main] INFO  file.pruebas_iniciales.primera_prueba - hTnYRxPD71hCroLptYB6RA==
2025-10-08 12:29:14.956 [main] INFO  file.pruebas_iniciales.primera_prueba - I0F_Xelmrg1K5gyYh+Mb2w==
2025-10-08 12:29:14.956 [main] INFO  file.pruebas_iniciales.primera_prueba - ia4sE2y8p13InrD1iAazng==
2025-10-08 12:29:14.957 [main] INFO  file.pruebas_iniciales.primera_prueba - iG0eexq63lXCrPqJ5KQ93w==
2025-10-08 12:29:14.957 [main] INFO  file.pruebas_iniciales.primera_prueba - KeKl2RvWe7g6spgIyE9pCQ==
2025-10-08 12:29:14.957 [main] INFO  file.pruebas_iniciales.primera_prueba - kj5Fok34jWYdqAMNwlYKfQ==
2025-10-08 12:29:14.957 [main] INFO  file.pruebas_iniciales.primera_prueba - KTeL8f15ovSAQUiostpZCg==
2025-10-08 12:29:14.957 [main] INFO  file.pruebas_iniciales.primera_prueba - mrfi6Wyl02XuzHehTe1XtA==
2025-10-08 12:29:14.958 [main] INFO  file.pruebas_iniciales.primera_prueba - OC_FAqunxQ5y+4eOeu9oWA==
2025-10-08 12:29:14.958 [main] INFO  file.pruebas_iniciales.primera_prueba - opgIIthlPUZnr6DfttVgUw==
2025-10-08 12:29:14.958 [main] INFO  file.pruebas_iniciales.primera_prueba - otN0tzU_Xa_MFT6fTdtjBQ==
2025-10-08 12:29:14.958 [main] INFO  file.pruebas_iniciales.primera_prueba - Pe+TQVb6w4fen+8YFplAGw==
2025-10-08 12:29:14.958 [main] INFO  file.pruebas_iniciales.primera_prueba - PtzAzQPmM396rPjOf01JaA==
2025-10-08 12:29:14.958 [main] INFO  file.pruebas_iniciales.primera_prueba - qv9oudKQ4IqiYfQZxaWojQ==
2025-10-08 12:29:14.959 [main] INFO  file.pruebas_iniciales.primera_prueba - r299Ztk+vrDH85KqtgcLpA==
2025-10-08 12:29:14.959 [main] INFO  file.pruebas_iniciales.primera_prueba - RBbhVhc8ZPBuSuUa0tjRWQ==
2025-10-08 12:29:14.959 [main] INFO  file.pruebas_iniciales.primera_prueba - RKMzK8G0Yiy16UqhiNeV7g==
2025-10-08 12:29:14.959 [main] INFO  file.pruebas_iniciales.primera_prueba - RPXshDxgj5NnB85jeOtWYQ==
2025-10-08 12:29:14.959 [main] INFO  file.pruebas_iniciales.primera_prueba - ruxoesy4TcanWu6fmthdKA==
2025-10-08 12:29:14.959 [main] INFO  file.pruebas_iniciales.primera_prueba - Tauqt7rUeHruufz+2Nuz1g==
2025-10-08 12:29:14.960 [main] INFO  file.pruebas_iniciales.primera_prueba - TZbrxXs0+VXuPZbzCPRCiA==
2025-10-08 12:29:14.960 [main] INFO  file.pruebas_iniciales.primera_prueba - UIReR5mpXdQpd3M20tslZg==
2025-10-08 12:29:14.960 [main] INFO  file.pruebas_iniciales.primera_prueba - VcdP8vXhHLPX_8IUjVeDRA==
2025-10-08 12:29:14.960 [main] INFO  file.pruebas_iniciales.primera_prueba - vlwFsCNMRF9OrkOB+HWTfw==
2025-10-08 12:29:14.960 [main] INFO  file.pruebas_iniciales.primera_prueba - VSKChhoZLwg_hcxgZyXiDg==
2025-10-08 12:29:14.961 [main] INFO  file.pruebas_iniciales.primera_prueba - VTjDAH3yRTB7c2S0FI+x4g==
2025-10-08 12:29:14.961 [main] INFO  file.pruebas_iniciales.primera_prueba - VXU0UMUxvvHDnJv5MNviLg==
2025-10-08 12:29:14.961 [main] INFO  file.pruebas_iniciales.primera_prueba - wl6rNCx2uxqkBTArAqrsMg==
2025-10-08 12:29:14.961 [main] INFO  file.pruebas_iniciales.primera_prueba - WQlXKoJx7l4mkKQ124hPKg==
2025-10-08 12:29:14.961 [main] INFO  file.pruebas_iniciales.primera_prueba - XDBeqC0qibnzh80D87YHpw==
2025-10-08 12:29:14.961 [main] INFO  file.pruebas_iniciales.primera_prueba - XjpFoEAek1aC9wVxgxI24g==
2025-10-08 12:29:14.962 [main] INFO  file.pruebas_iniciales.primera_prueba - XncESmuAOId1EfxIPmtBPA==
2025-10-08 12:29:14.962 [main] INFO  file.pruebas_iniciales.primera_prueba - yteSZO+W53_4uqanmpJr6w==
2025-10-08 12:29:14.962 [main] INFO  file.pruebas_iniciales.primera_prueba - zkqWzo8RLbNc3gkbbZEDPw==
2025-10-08 12:29:14.962 [main] INFO  file.pruebas_iniciales.primera_prueba - Zpy0GJKI3bz0xLOzl3SKNg==
2025-10-08 12:29:14.962 [main] INFO  file.pruebas_iniciales.primera_prueba - merger.xml
2025-10-08 12:29:14.963 [main] INFO  file.pruebas_iniciales.primera_prueba - merger.xml
2025-10-08 12:29:14.963 [main] INFO  file.pruebas_iniciales.primera_prueba - merger.xml
2025-10-08 12:29:14.963 [main] INFO  file.pruebas_iniciales.primera_prueba - dex-renamer-state.txt
2025-10-08 12:29:14.963 [main] INFO  file.pruebas_iniciales.primera_prueba - androidResources
2025-10-08 12:29:14.963 [main] INFO  file.pruebas_iniciales.primera_prueba - javaResources0
2025-10-08 12:29:14.965 [main] INFO  file.pruebas_iniciales.primera_prueba - MainActivity.class
2025-10-08 12:29:14.965 [main] INFO  file.pruebas_iniciales.primera_prueba - linked-resources-binary-format-debug.ap_
2025-10-08 12:29:14.965 [main] INFO  file.pruebas_iniciales.primera_prueba - output-metadata.json
2025-10-08 12:29:14.966 [main] INFO  file.pruebas_iniciales.primera_prueba - R-def.txt
2025-10-08 12:29:14.966 [main] INFO  file.pruebas_iniciales.primera_prueba - manifest-merger-blame-debug-report.txt
2025-10-08 12:29:14.967 [main] INFO  file.pruebas_iniciales.primera_prueba - base.jar
2025-10-08 12:29:14.968 [main] INFO  file.pruebas_iniciales.primera_prueba - AndroidManifest.xml
2025-10-08 12:29:14.968 [main] INFO  file.pruebas_iniciales.primera_prueba - AndroidManifest.xml
2025-10-08 12:29:14.968 [main] INFO  file.pruebas_iniciales.primera_prueba - output-metadata.json
2025-10-08 12:29:14.973 [main] INFO  file.pruebas_iniciales.primera_prueba - drawable-anydpi-v24_ic_launcher_foreground.xml.flat
2025-10-08 12:29:14.973 [main] INFO  file.pruebas_iniciales.primera_prueba - drawable_ic_launcher_background.xml.flat
2025-10-08 12:29:14.973 [main] INFO  file.pruebas_iniciales.primera_prueba - layout_activity_main.xml.flat
2025-10-08 12:29:14.973 [main] INFO  file.pruebas_iniciales.primera_prueba - mipmap-anydpi-v26_ic_launcher.xml.flat
2025-10-08 12:29:14.973 [main] INFO  file.pruebas_iniciales.primera_prueba - mipmap-anydpi-v26_ic_launcher_round.xml.flat
2025-10-08 12:29:14.973 [main] INFO  file.pruebas_iniciales.primera_prueba - mipmap-hdpi_ic_launcher.webp.flat
2025-10-08 12:29:14.973 [main] INFO  file.pruebas_iniciales.primera_prueba - mipmap-hdpi_ic_launcher_round.webp.flat
2025-10-08 12:29:14.973 [main] INFO  file.pruebas_iniciales.primera_prueba - mipmap-mdpi_ic_launcher.webp.flat
2025-10-08 12:29:14.974 [main] INFO  file.pruebas_iniciales.primera_prueba - mipmap-mdpi_ic_launcher_round.webp.flat
2025-10-08 12:29:14.974 [main] INFO  file.pruebas_iniciales.primera_prueba - mipmap-xhdpi_ic_launcher.webp.flat
2025-10-08 12:29:14.974 [main] INFO  file.pruebas_iniciales.primera_prueba - mipmap-xhdpi_ic_launcher_round.webp.flat
2025-10-08 12:29:14.975 [main] INFO  file.pruebas_iniciales.primera_prueba - mipmap-xxhdpi_ic_launcher.webp.flat
2025-10-08 12:29:14.975 [main] INFO  file.pruebas_iniciales.primera_prueba - mipmap-xxhdpi_ic_launcher_round.webp.flat
2025-10-08 12:29:14.975 [main] INFO  file.pruebas_iniciales.primera_prueba - mipmap-xxxhdpi_ic_launcher.webp.flat
2025-10-08 12:29:14.975 [main] INFO  file.pruebas_iniciales.primera_prueba - mipmap-xxxhdpi_ic_launcher_round.webp.flat
2025-10-08 12:29:14.976 [main] INFO  file.pruebas_iniciales.primera_prueba - values-af_values-af.arsc.flat
2025-10-08 12:29:14.976 [main] INFO  file.pruebas_iniciales.primera_prueba - values-am_values-am.arsc.flat
2025-10-08 12:29:14.976 [main] INFO  file.pruebas_iniciales.primera_prueba - values-ar_values-ar.arsc.flat
2025-10-08 12:29:14.976 [main] INFO  file.pruebas_iniciales.primera_prueba - values-as_values-as.arsc.flat
2025-10-08 12:29:14.976 [main] INFO  file.pruebas_iniciales.primera_prueba - values-az_values-az.arsc.flat
2025-10-08 12:29:14.977 [main] INFO  file.pruebas_iniciales.primera_prueba - values-b+es+419_values-b+es+419.arsc.flat
2025-10-08 12:29:14.977 [main] INFO  file.pruebas_iniciales.primera_prueba - values-b+sr+Latn_values-b+sr+Latn.arsc.flat
2025-10-08 12:29:14.977 [main] INFO  file.pruebas_iniciales.primera_prueba - values-be_values-be.arsc.flat
2025-10-08 12:29:14.977 [main] INFO  file.pruebas_iniciales.primera_prueba - values-bg_values-bg.arsc.flat
2025-10-08 12:29:14.978 [main] INFO  file.pruebas_iniciales.primera_prueba - values-bn_values-bn.arsc.flat
2025-10-08 12:29:14.978 [main] INFO  file.pruebas_iniciales.primera_prueba - values-bs_values-bs.arsc.flat
2025-10-08 12:29:14.978 [main] INFO  file.pruebas_iniciales.primera_prueba - values-ca_values-ca.arsc.flat
2025-10-08 12:29:14.978 [main] INFO  file.pruebas_iniciales.primera_prueba - values-cs_values-cs.arsc.flat
2025-10-08 12:29:14.978 [main] INFO  file.pruebas_iniciales.primera_prueba - values-da_values-da.arsc.flat
2025-10-08 12:29:14.979 [main] INFO  file.pruebas_iniciales.primera_prueba - values-de_values-de.arsc.flat
2025-10-08 12:29:14.979 [main] INFO  file.pruebas_iniciales.primera_prueba - values-el_values-el.arsc.flat
2025-10-08 12:29:14.979 [main] INFO  file.pruebas_iniciales.primera_prueba - values-en-rAU_values-en-rAU.arsc.flat
2025-10-08 12:29:14.979 [main] INFO  file.pruebas_iniciales.primera_prueba - values-en-rCA_values-en-rCA.arsc.flat
2025-10-08 12:29:14.979 [main] INFO  file.pruebas_iniciales.primera_prueba - values-en-rGB_values-en-rGB.arsc.flat
2025-10-08 12:29:14.979 [main] INFO  file.pruebas_iniciales.primera_prueba - values-en-rIN_values-en-rIN.arsc.flat
2025-10-08 12:29:14.979 [main] INFO  file.pruebas_iniciales.primera_prueba - values-en-rXC_values-en-rXC.arsc.flat
2025-10-08 12:29:14.979 [main] INFO  file.pruebas_iniciales.primera_prueba - values-es-rUS_values-es-rUS.arsc.flat
2025-10-08 12:29:14.979 [main] INFO  file.pruebas_iniciales.primera_prueba - values-es_values-es.arsc.flat
2025-10-08 12:29:14.980 [main] INFO  file.pruebas_iniciales.primera_prueba - values-et_values-et.arsc.flat
2025-10-08 12:29:14.980 [main] INFO  file.pruebas_iniciales.primera_prueba - values-eu_values-eu.arsc.flat
2025-10-08 12:29:14.980 [main] INFO  file.pruebas_iniciales.primera_prueba - values-fa_values-fa.arsc.flat
2025-10-08 12:29:14.980 [main] INFO  file.pruebas_iniciales.primera_prueba - values-fi_values-fi.arsc.flat
2025-10-08 12:29:14.980 [main] INFO  file.pruebas_iniciales.primera_prueba - values-fr-rCA_values-fr-rCA.arsc.flat
2025-10-08 12:29:14.980 [main] INFO  file.pruebas_iniciales.primera_prueba - values-fr_values-fr.arsc.flat
2025-10-08 12:29:14.981 [main] INFO  file.pruebas_iniciales.primera_prueba - values-gl_values-gl.arsc.flat
2025-10-08 12:29:14.981 [main] INFO  file.pruebas_iniciales.primera_prueba - values-gu_values-gu.arsc.flat
2025-10-08 12:29:14.981 [main] INFO  file.pruebas_iniciales.primera_prueba - values-h320dp-port-v13_values-h320dp-port-v13.arsc.flat
2025-10-08 12:29:14.981 [main] INFO  file.pruebas_iniciales.primera_prueba - values-h360dp-land-v13_values-h360dp-land-v13.arsc.flat
2025-10-08 12:29:14.981 [main] INFO  file.pruebas_iniciales.primera_prueba - values-h480dp-land-v13_values-h480dp-land-v13.arsc.flat
2025-10-08 12:29:14.981 [main] INFO  file.pruebas_iniciales.primera_prueba - values-h550dp-port-v13_values-h550dp-port-v13.arsc.flat
2025-10-08 12:29:14.981 [main] INFO  file.pruebas_iniciales.primera_prueba - values-h720dp-v13_values-h720dp-v13.arsc.flat
2025-10-08 12:29:14.981 [main] INFO  file.pruebas_iniciales.primera_prueba - values-hdpi-v4_values-hdpi-v4.arsc.flat
2025-10-08 12:29:14.981 [main] INFO  file.pruebas_iniciales.primera_prueba - values-hi_values-hi.arsc.flat
2025-10-08 12:29:14.981 [main] INFO  file.pruebas_iniciales.primera_prueba - values-hr_values-hr.arsc.flat
2025-10-08 12:29:14.983 [main] INFO  file.pruebas_iniciales.primera_prueba - values-hu_values-hu.arsc.flat
2025-10-08 12:29:14.983 [main] INFO  file.pruebas_iniciales.primera_prueba - values-hy_values-hy.arsc.flat
2025-10-08 12:29:14.983 [main] INFO  file.pruebas_iniciales.primera_prueba - values-in_values-in.arsc.flat
2025-10-08 12:29:14.983 [main] INFO  file.pruebas_iniciales.primera_prueba - values-is_values-is.arsc.flat
2025-10-08 12:29:14.983 [main] INFO  file.pruebas_iniciales.primera_prueba - values-it_values-it.arsc.flat
2025-10-08 12:29:14.983 [main] INFO  file.pruebas_iniciales.primera_prueba - values-iw_values-iw.arsc.flat
2025-10-08 12:29:14.983 [main] INFO  file.pruebas_iniciales.primera_prueba - values-ja_values-ja.arsc.flat
2025-10-08 12:29:14.983 [main] INFO  file.pruebas_iniciales.primera_prueba - values-ka_values-ka.arsc.flat
2025-10-08 12:29:14.984 [main] INFO  file.pruebas_iniciales.primera_prueba - values-kk_values-kk.arsc.flat
2025-10-08 12:29:14.984 [main] INFO  file.pruebas_iniciales.primera_prueba - values-km_values-km.arsc.flat
2025-10-08 12:29:14.984 [main] INFO  file.pruebas_iniciales.primera_prueba - values-kn_values-kn.arsc.flat
2025-10-08 12:29:14.984 [main] INFO  file.pruebas_iniciales.primera_prueba - values-ko_values-ko.arsc.flat
2025-10-08 12:29:14.984 [main] INFO  file.pruebas_iniciales.primera_prueba - values-ky_values-ky.arsc.flat
2025-10-08 12:29:14.984 [main] INFO  file.pruebas_iniciales.primera_prueba - values-land_values-land.arsc.flat
2025-10-08 12:29:14.984 [main] INFO  file.pruebas_iniciales.primera_prueba - values-large-v4_values-large-v4.arsc.flat
2025-10-08 12:29:14.984 [main] INFO  file.pruebas_iniciales.primera_prueba - values-ldltr-v21_values-ldltr-v21.arsc.flat
2025-10-08 12:29:14.985 [main] INFO  file.pruebas_iniciales.primera_prueba - values-ldrtl-v17_values-ldrtl-v17.arsc.flat
2025-10-08 12:29:14.985 [main] INFO  file.pruebas_iniciales.primera_prueba - values-lo_values-lo.arsc.flat
2025-10-08 12:29:14.985 [main] INFO  file.pruebas_iniciales.primera_prueba - values-lt_values-lt.arsc.flat
2025-10-08 12:29:14.985 [main] INFO  file.pruebas_iniciales.primera_prueba - values-lv_values-lv.arsc.flat
2025-10-08 12:29:14.985 [main] INFO  file.pruebas_iniciales.primera_prueba - values-mk_values-mk.arsc.flat
2025-10-08 12:29:14.985 [main] INFO  file.pruebas_iniciales.primera_prueba - values-ml_values-ml.arsc.flat
2025-10-08 12:29:14.985 [main] INFO  file.pruebas_iniciales.primera_prueba - values-mn_values-mn.arsc.flat
2025-10-08 12:29:14.986 [main] INFO  file.pruebas_iniciales.primera_prueba - values-mr_values-mr.arsc.flat
2025-10-08 12:29:14.986 [main] INFO  file.pruebas_iniciales.primera_prueba - values-ms_values-ms.arsc.flat
2025-10-08 12:29:14.986 [main] INFO  file.pruebas_iniciales.primera_prueba - values-my_values-my.arsc.flat
2025-10-08 12:29:14.986 [main] INFO  file.pruebas_iniciales.primera_prueba - values-nb_values-nb.arsc.flat
2025-10-08 12:29:14.986 [main] INFO  file.pruebas_iniciales.primera_prueba - values-ne_values-ne.arsc.flat
2025-10-08 12:29:14.986 [main] INFO  file.pruebas_iniciales.primera_prueba - values-night-v8_values-night-v8.arsc.flat
2025-10-08 12:29:14.986 [main] INFO  file.pruebas_iniciales.primera_prueba - values-nl_values-nl.arsc.flat
2025-10-08 12:29:14.986 [main] INFO  file.pruebas_iniciales.primera_prueba - values-or_values-or.arsc.flat
2025-10-08 12:29:14.986 [main] INFO  file.pruebas_iniciales.primera_prueba - values-pa_values-pa.arsc.flat
2025-10-08 12:29:14.986 [main] INFO  file.pruebas_iniciales.primera_prueba - values-pl_values-pl.arsc.flat
2025-10-08 12:29:14.987 [main] INFO  file.pruebas_iniciales.primera_prueba - values-port_values-port.arsc.flat
2025-10-08 12:29:14.987 [main] INFO  file.pruebas_iniciales.primera_prueba - values-pt-rBR_values-pt-rBR.arsc.flat
2025-10-08 12:29:14.987 [main] INFO  file.pruebas_iniciales.primera_prueba - values-pt-rPT_values-pt-rPT.arsc.flat
2025-10-08 12:29:14.987 [main] INFO  file.pruebas_iniciales.primera_prueba - values-pt_values-pt.arsc.flat
2025-10-08 12:29:14.987 [main] INFO  file.pruebas_iniciales.primera_prueba - values-ro_values-ro.arsc.flat
2025-10-08 12:29:14.987 [main] INFO  file.pruebas_iniciales.primera_prueba - values-ru_values-ru.arsc.flat
2025-10-08 12:29:14.987 [main] INFO  file.pruebas_iniciales.primera_prueba - values-si_values-si.arsc.flat
2025-10-08 12:29:14.987 [main] INFO  file.pruebas_iniciales.primera_prueba - values-sk_values-sk.arsc.flat
2025-10-08 12:29:14.987 [main] INFO  file.pruebas_iniciales.primera_prueba - values-sl_values-sl.arsc.flat
2025-10-08 12:29:14.987 [main] INFO  file.pruebas_iniciales.primera_prueba - values-small-v4_values-small-v4.arsc.flat
2025-10-08 12:29:14.987 [main] INFO  file.pruebas_iniciales.primera_prueba - values-sq_values-sq.arsc.flat
2025-10-08 12:29:14.988 [main] INFO  file.pruebas_iniciales.primera_prueba - values-sr_values-sr.arsc.flat
2025-10-08 12:29:14.988 [main] INFO  file.pruebas_iniciales.primera_prueba - values-sv_values-sv.arsc.flat
2025-10-08 12:29:14.988 [main] INFO  file.pruebas_iniciales.primera_prueba - values-sw600dp-v13_values-sw600dp-v13.arsc.flat
2025-10-08 12:29:14.988 [main] INFO  file.pruebas_iniciales.primera_prueba - values-sw_values-sw.arsc.flat
2025-10-08 12:29:14.988 [main] INFO  file.pruebas_iniciales.primera_prueba - values-ta_values-ta.arsc.flat
2025-10-08 12:29:14.988 [main] INFO  file.pruebas_iniciales.primera_prueba - values-te_values-te.arsc.flat
2025-10-08 12:29:14.988 [main] INFO  file.pruebas_iniciales.primera_prueba - values-th_values-th.arsc.flat
2025-10-08 12:29:14.988 [main] INFO  file.pruebas_iniciales.primera_prueba - values-tl_values-tl.arsc.flat
2025-10-08 12:29:14.988 [main] INFO  file.pruebas_iniciales.primera_prueba - values-tr_values-tr.arsc.flat
2025-10-08 12:29:14.988 [main] INFO  file.pruebas_iniciales.primera_prueba - values-uk_values-uk.arsc.flat
2025-10-08 12:29:14.988 [main] INFO  file.pruebas_iniciales.primera_prueba - values-ur_values-ur.arsc.flat
2025-10-08 12:29:14.988 [main] INFO  file.pruebas_iniciales.primera_prueba - values-uz_values-uz.arsc.flat
2025-10-08 12:29:14.989 [main] INFO  file.pruebas_iniciales.primera_prueba - values-v16_values-v16.arsc.flat
2025-10-08 12:29:14.989 [main] INFO  file.pruebas_iniciales.primera_prueba - values-v17_values-v17.arsc.flat
2025-10-08 12:29:14.989 [main] INFO  file.pruebas_iniciales.primera_prueba - values-v18_values-v18.arsc.flat
2025-10-08 12:29:14.989 [main] INFO  file.pruebas_iniciales.primera_prueba - values-v21_values-v21.arsc.flat
2025-10-08 12:29:14.989 [main] INFO  file.pruebas_iniciales.primera_prueba - values-v22_values-v22.arsc.flat
2025-10-08 12:29:14.989 [main] INFO  file.pruebas_iniciales.primera_prueba - values-v23_values-v23.arsc.flat
2025-10-08 12:29:14.989 [main] INFO  file.pruebas_iniciales.primera_prueba - values-v24_values-v24.arsc.flat
2025-10-08 12:29:14.989 [main] INFO  file.pruebas_iniciales.primera_prueba - values-v25_values-v25.arsc.flat
2025-10-08 12:29:14.989 [main] INFO  file.pruebas_iniciales.primera_prueba - values-v26_values-v26.arsc.flat
2025-10-08 12:29:14.989 [main] INFO  file.pruebas_iniciales.primera_prueba - values-v28_values-v28.arsc.flat
2025-10-08 12:29:14.989 [main] INFO  file.pruebas_iniciales.primera_prueba - values-v31_values-v31.arsc.flat
2025-10-08 12:29:14.990 [main] INFO  file.pruebas_iniciales.primera_prueba - values-vi_values-vi.arsc.flat
2025-10-08 12:29:14.990 [main] INFO  file.pruebas_iniciales.primera_prueba - values-w320dp-land-v13_values-w320dp-land-v13.arsc.flat
2025-10-08 12:29:14.990 [main] INFO  file.pruebas_iniciales.primera_prueba - values-w360dp-port-v13_values-w360dp-port-v13.arsc.flat
2025-10-08 12:29:14.990 [main] INFO  file.pruebas_iniciales.primera_prueba - values-w400dp-port-v13_values-w400dp-port-v13.arsc.flat
2025-10-08 12:29:14.990 [main] INFO  file.pruebas_iniciales.primera_prueba - values-w600dp-land-v13_values-w600dp-land-v13.arsc.flat
2025-10-08 12:29:14.990 [main] INFO  file.pruebas_iniciales.primera_prueba - values-watch-v20_values-watch-v20.arsc.flat
2025-10-08 12:29:14.990 [main] INFO  file.pruebas_iniciales.primera_prueba - values-watch-v21_values-watch-v21.arsc.flat
2025-10-08 12:29:14.990 [main] INFO  file.pruebas_iniciales.primera_prueba - values-xlarge-v4_values-xlarge-v4.arsc.flat
2025-10-08 12:29:14.990 [main] INFO  file.pruebas_iniciales.primera_prueba - values-zh-rCN_values-zh-rCN.arsc.flat
2025-10-08 12:29:14.990 [main] INFO  file.pruebas_iniciales.primera_prueba - values-zh-rHK_values-zh-rHK.arsc.flat
2025-10-08 12:29:14.991 [main] INFO  file.pruebas_iniciales.primera_prueba - values-zh-rTW_values-zh-rTW.arsc.flat
2025-10-08 12:29:14.991 [main] INFO  file.pruebas_iniciales.primera_prueba - values-zu_values-zu.arsc.flat
2025-10-08 12:29:14.991 [main] INFO  file.pruebas_iniciales.primera_prueba - values_values.arsc.flat
2025-10-08 12:29:14.991 [main] INFO  file.pruebas_iniciales.primera_prueba - xml_backup_rules.xml.flat
2025-10-08 12:29:14.991 [main] INFO  file.pruebas_iniciales.primera_prueba - xml_data_extraction_rules.xml.flat
2025-10-08 12:29:14.995 [main] INFO  file.pruebas_iniciales.primera_prueba - mergeDebugResources.json
2025-10-08 12:29:14.995 [main] INFO  file.pruebas_iniciales.primera_prueba - values-af.json
2025-10-08 12:29:14.995 [main] INFO  file.pruebas_iniciales.primera_prueba - values-am.json
2025-10-08 12:29:14.996 [main] INFO  file.pruebas_iniciales.primera_prueba - values-ar.json
2025-10-08 12:29:14.996 [main] INFO  file.pruebas_iniciales.primera_prueba - values-as.json
2025-10-08 12:29:14.997 [main] INFO  file.pruebas_iniciales.primera_prueba - values-az.json
2025-10-08 12:29:14.997 [main] INFO  file.pruebas_iniciales.primera_prueba - values-b+es+419.json
2025-10-08 12:29:14.997 [main] INFO  file.pruebas_iniciales.primera_prueba - values-b+sr+Latn.json
2025-10-08 12:29:14.997 [main] INFO  file.pruebas_iniciales.primera_prueba - values-be.json
2025-10-08 12:29:14.998 [main] INFO  file.pruebas_iniciales.primera_prueba - values-bg.json
2025-10-08 12:29:14.998 [main] INFO  file.pruebas_iniciales.primera_prueba - values-bn.json
2025-10-08 12:29:14.998 [main] INFO  file.pruebas_iniciales.primera_prueba - values-bs.json
2025-10-08 12:29:14.998 [main] INFO  file.pruebas_iniciales.primera_prueba - values-ca.json
2025-10-08 12:29:14.998 [main] INFO  file.pruebas_iniciales.primera_prueba - values-cs.json
2025-10-08 12:29:14.998 [main] INFO  file.pruebas_iniciales.primera_prueba - values-da.json
2025-10-08 12:29:14.999 [main] INFO  file.pruebas_iniciales.primera_prueba - values-de.json
2025-10-08 12:29:14.999 [main] INFO  file.pruebas_iniciales.primera_prueba - values-el.json
2025-10-08 12:29:14.999 [main] INFO  file.pruebas_iniciales.primera_prueba - values-en-rAU.json
2025-10-08 12:29:15.000 [main] INFO  file.pruebas_iniciales.primera_prueba - values-en-rCA.json
2025-10-08 12:29:15.000 [main] INFO  file.pruebas_iniciales.primera_prueba - values-en-rGB.json
2025-10-08 12:29:15.000 [main] INFO  file.pruebas_iniciales.primera_prueba - values-en-rIN.json
2025-10-08 12:29:15.001 [main] INFO  file.pruebas_iniciales.primera_prueba - values-en-rXC.json
2025-10-08 12:29:15.001 [main] INFO  file.pruebas_iniciales.primera_prueba - values-es-rUS.json
2025-10-08 12:29:15.001 [main] INFO  file.pruebas_iniciales.primera_prueba - values-es.json
2025-10-08 12:29:15.001 [main] INFO  file.pruebas_iniciales.primera_prueba - values-et.json
2025-10-08 12:29:15.001 [main] INFO  file.pruebas_iniciales.primera_prueba - values-eu.json
2025-10-08 12:29:15.001 [main] INFO  file.pruebas_iniciales.primera_prueba - values-fa.json
2025-10-08 12:29:15.001 [main] INFO  file.pruebas_iniciales.primera_prueba - values-fi.json
2025-10-08 12:29:15.001 [main] INFO  file.pruebas_iniciales.primera_prueba - values-fr-rCA.json
2025-10-08 12:29:15.003 [main] INFO  file.pruebas_iniciales.primera_prueba - values-fr.json
2025-10-08 12:29:15.003 [main] INFO  file.pruebas_iniciales.primera_prueba - values-gl.json
2025-10-08 12:29:15.003 [main] INFO  file.pruebas_iniciales.primera_prueba - values-gu.json
2025-10-08 12:29:15.003 [main] INFO  file.pruebas_iniciales.primera_prueba - values-h320dp-port-v13.json
2025-10-08 12:29:15.003 [main] INFO  file.pruebas_iniciales.primera_prueba - values-h360dp-land-v13.json
2025-10-08 12:29:15.004 [main] INFO  file.pruebas_iniciales.primera_prueba - values-h480dp-land-v13.json
2025-10-08 12:29:15.004 [main] INFO  file.pruebas_iniciales.primera_prueba - values-h550dp-port-v13.json
2025-10-08 12:29:15.004 [main] INFO  file.pruebas_iniciales.primera_prueba - values-h720dp-v13.json
2025-10-08 12:29:15.004 [main] INFO  file.pruebas_iniciales.primera_prueba - values-hdpi-v4.json
2025-10-08 12:29:15.004 [main] INFO  file.pruebas_iniciales.primera_prueba - values-hi.json
2025-10-08 12:29:15.004 [main] INFO  file.pruebas_iniciales.primera_prueba - values-hr.json
2025-10-08 12:29:15.004 [main] INFO  file.pruebas_iniciales.primera_prueba - values-hu.json
2025-10-08 12:29:15.004 [main] INFO  file.pruebas_iniciales.primera_prueba - values-hy.json
2025-10-08 12:29:15.004 [main] INFO  file.pruebas_iniciales.primera_prueba - values-in.json
2025-10-08 12:29:15.005 [main] INFO  file.pruebas_iniciales.primera_prueba - values-is.json
2025-10-08 12:29:15.005 [main] INFO  file.pruebas_iniciales.primera_prueba - values-it.json
2025-10-08 12:29:15.005 [main] INFO  file.pruebas_iniciales.primera_prueba - values-iw.json
2025-10-08 12:29:15.005 [main] INFO  file.pruebas_iniciales.primera_prueba - values-ja.json
2025-10-08 12:29:15.005 [main] INFO  file.pruebas_iniciales.primera_prueba - values-ka.json
2025-10-08 12:29:15.005 [main] INFO  file.pruebas_iniciales.primera_prueba - values-kk.json
2025-10-08 12:29:15.005 [main] INFO  file.pruebas_iniciales.primera_prueba - values-km.json
2025-10-08 12:29:15.005 [main] INFO  file.pruebas_iniciales.primera_prueba - values-kn.json
2025-10-08 12:29:15.005 [main] INFO  file.pruebas_iniciales.primera_prueba - values-ko.json
2025-10-08 12:29:15.005 [main] INFO  file.pruebas_iniciales.primera_prueba - values-ky.json
2025-10-08 12:29:15.005 [main] INFO  file.pruebas_iniciales.primera_prueba - values-land.json
2025-10-08 12:29:15.006 [main] INFO  file.pruebas_iniciales.primera_prueba - values-large-v4.json
2025-10-08 12:29:15.006 [main] INFO  file.pruebas_iniciales.primera_prueba - values-ldltr-v21.json
2025-10-08 12:29:15.006 [main] INFO  file.pruebas_iniciales.primera_prueba - values-ldrtl-v17.json
2025-10-08 12:29:15.006 [main] INFO  file.pruebas_iniciales.primera_prueba - values-lo.json
2025-10-08 12:29:15.006 [main] INFO  file.pruebas_iniciales.primera_prueba - values-lt.json
2025-10-08 12:29:15.006 [main] INFO  file.pruebas_iniciales.primera_prueba - values-lv.json
2025-10-08 12:29:15.006 [main] INFO  file.pruebas_iniciales.primera_prueba - values-mk.json
2025-10-08 12:29:15.006 [main] INFO  file.pruebas_iniciales.primera_prueba - values-ml.json
2025-10-08 12:29:15.007 [main] INFO  file.pruebas_iniciales.primera_prueba - values-mn.json
2025-10-08 12:29:15.007 [main] INFO  file.pruebas_iniciales.primera_prueba - values-mr.json
2025-10-08 12:29:15.007 [main] INFO  file.pruebas_iniciales.primera_prueba - values-ms.json
2025-10-08 12:29:15.007 [main] INFO  file.pruebas_iniciales.primera_prueba - values-my.json
2025-10-08 12:29:15.007 [main] INFO  file.pruebas_iniciales.primera_prueba - values-nb.json
2025-10-08 12:29:15.007 [main] INFO  file.pruebas_iniciales.primera_prueba - values-ne.json
2025-10-08 12:29:15.007 [main] INFO  file.pruebas_iniciales.primera_prueba - values-night-v8.json
2025-10-08 12:29:15.007 [main] INFO  file.pruebas_iniciales.primera_prueba - values-nl.json
2025-10-08 12:29:15.007 [main] INFO  file.pruebas_iniciales.primera_prueba - values-or.json
2025-10-08 12:29:15.007 [main] INFO  file.pruebas_iniciales.primera_prueba - values-pa.json
2025-10-08 12:29:15.008 [main] INFO  file.pruebas_iniciales.primera_prueba - values-pl.json
2025-10-08 12:29:15.008 [main] INFO  file.pruebas_iniciales.primera_prueba - values-port.json
2025-10-08 12:29:15.008 [main] INFO  file.pruebas_iniciales.primera_prueba - values-pt-rBR.json
2025-10-08 12:29:15.008 [main] INFO  file.pruebas_iniciales.primera_prueba - values-pt-rPT.json
2025-10-08 12:29:15.008 [main] INFO  file.pruebas_iniciales.primera_prueba - values-pt.json
2025-10-08 12:29:15.008 [main] INFO  file.pruebas_iniciales.primera_prueba - values-ro.json
2025-10-08 12:29:15.008 [main] INFO  file.pruebas_iniciales.primera_prueba - values-ru.json
2025-10-08 12:29:15.008 [main] INFO  file.pruebas_iniciales.primera_prueba - values-si.json
2025-10-08 12:29:15.008 [main] INFO  file.pruebas_iniciales.primera_prueba - values-sk.json
2025-10-08 12:29:15.008 [main] INFO  file.pruebas_iniciales.primera_prueba - values-sl.json
2025-10-08 12:29:15.008 [main] INFO  file.pruebas_iniciales.primera_prueba - values-small-v4.json
2025-10-08 12:29:15.009 [main] INFO  file.pruebas_iniciales.primera_prueba - values-sq.json
2025-10-08 12:29:15.009 [main] INFO  file.pruebas_iniciales.primera_prueba - values-sr.json
2025-10-08 12:29:15.009 [main] INFO  file.pruebas_iniciales.primera_prueba - values-sv.json
2025-10-08 12:29:15.009 [main] INFO  file.pruebas_iniciales.primera_prueba - values-sw.json
2025-10-08 12:29:15.009 [main] INFO  file.pruebas_iniciales.primera_prueba - values-sw600dp-v13.json
2025-10-08 12:29:15.009 [main] INFO  file.pruebas_iniciales.primera_prueba - values-ta.json
2025-10-08 12:29:15.009 [main] INFO  file.pruebas_iniciales.primera_prueba - values-te.json
2025-10-08 12:29:15.009 [main] INFO  file.pruebas_iniciales.primera_prueba - values-th.json
2025-10-08 12:29:15.009 [main] INFO  file.pruebas_iniciales.primera_prueba - values-tl.json
2025-10-08 12:29:15.009 [main] INFO  file.pruebas_iniciales.primera_prueba - values-tr.json
2025-10-08 12:29:15.010 [main] INFO  file.pruebas_iniciales.primera_prueba - values-uk.json
2025-10-08 12:29:15.010 [main] INFO  file.pruebas_iniciales.primera_prueba - values-ur.json
2025-10-08 12:29:15.010 [main] INFO  file.pruebas_iniciales.primera_prueba - values-uz.json
2025-10-08 12:29:15.010 [main] INFO  file.pruebas_iniciales.primera_prueba - values-v16.json
2025-10-08 12:29:15.011 [main] INFO  file.pruebas_iniciales.primera_prueba - values-v17.json
2025-10-08 12:29:15.011 [main] INFO  file.pruebas_iniciales.primera_prueba - values-v18.json
2025-10-08 12:29:15.011 [main] INFO  file.pruebas_iniciales.primera_prueba - values-v21.json
2025-10-08 12:29:15.011 [main] INFO  file.pruebas_iniciales.primera_prueba - values-v22.json
2025-10-08 12:29:15.011 [main] INFO  file.pruebas_iniciales.primera_prueba - values-v23.json
2025-10-08 12:29:15.011 [main] INFO  file.pruebas_iniciales.primera_prueba - values-v24.json
2025-10-08 12:29:15.011 [main] INFO  file.pruebas_iniciales.primera_prueba - values-v25.json
2025-10-08 12:29:15.011 [main] INFO  file.pruebas_iniciales.primera_prueba - values-v26.json
2025-10-08 12:29:15.011 [main] INFO  file.pruebas_iniciales.primera_prueba - values-v28.json
2025-10-08 12:29:15.011 [main] INFO  file.pruebas_iniciales.primera_prueba - values-v31.json
2025-10-08 12:29:15.011 [main] INFO  file.pruebas_iniciales.primera_prueba - values-vi.json
2025-10-08 12:29:15.011 [main] INFO  file.pruebas_iniciales.primera_prueba - values-w320dp-land-v13.json
2025-10-08 12:29:15.011 [main] INFO  file.pruebas_iniciales.primera_prueba - values-w360dp-port-v13.json
2025-10-08 12:29:15.011 [main] INFO  file.pruebas_iniciales.primera_prueba - values-w400dp-port-v13.json
2025-10-08 12:29:15.012 [main] INFO  file.pruebas_iniciales.primera_prueba - values-w600dp-land-v13.json
2025-10-08 12:29:15.012 [main] INFO  file.pruebas_iniciales.primera_prueba - values-watch-v20.json
2025-10-08 12:29:15.012 [main] INFO  file.pruebas_iniciales.primera_prueba - values-watch-v21.json
2025-10-08 12:29:15.012 [main] INFO  file.pruebas_iniciales.primera_prueba - values-xlarge-v4.json
2025-10-08 12:29:15.012 [main] INFO  file.pruebas_iniciales.primera_prueba - values-zh-rCN.json
2025-10-08 12:29:15.012 [main] INFO  file.pruebas_iniciales.primera_prueba - values-zh-rHK.json
2025-10-08 12:29:15.012 [main] INFO  file.pruebas_iniciales.primera_prueba - values-zh-rTW.json
2025-10-08 12:29:15.012 [main] INFO  file.pruebas_iniciales.primera_prueba - values-zu.json
2025-10-08 12:29:15.012 [main] INFO  file.pruebas_iniciales.primera_prueba - values.json
2025-10-08 12:29:15.012 [main] INFO  file.pruebas_iniciales.primera_prueba - mergeDebugResources.json
2025-10-08 12:29:15.014 [main] INFO  file.pruebas_iniciales.primera_prueba - navigation.json
2025-10-08 12:29:15.014 [main] INFO  file.pruebas_iniciales.primera_prueba - nestedResourcesValidationReport.txt
2025-10-08 12:29:15.015 [main] INFO  file.pruebas_iniciales.primera_prueba - AndroidManifest.xml
2025-10-08 12:29:15.015 [main] INFO  file.pruebas_iniciales.primera_prueba - output-metadata.json
2025-10-08 12:29:15.017 [main] INFO  file.pruebas_iniciales.primera_prueba - ic_launcher_background.xml
2025-10-08 12:29:15.017 [main] INFO  file.pruebas_iniciales.primera_prueba - ic_launcher_foreground.xml
2025-10-08 12:29:15.018 [main] INFO  file.pruebas_iniciales.primera_prueba - activity_main.xml
2025-10-08 12:29:15.018 [main] INFO  file.pruebas_iniciales.primera_prueba - ic_launcher.xml
2025-10-08 12:29:15.018 [main] INFO  file.pruebas_iniciales.primera_prueba - ic_launcher_round.xml
2025-10-08 12:29:15.018 [main] INFO  file.pruebas_iniciales.primera_prueba - ic_launcher.webp
2025-10-08 12:29:15.018 [main] INFO  file.pruebas_iniciales.primera_prueba - ic_launcher_round.webp
2025-10-08 12:29:15.018 [main] INFO  file.pruebas_iniciales.primera_prueba - ic_launcher.webp
2025-10-08 12:29:15.018 [main] INFO  file.pruebas_iniciales.primera_prueba - ic_launcher_round.webp
2025-10-08 12:29:15.019 [main] INFO  file.pruebas_iniciales.primera_prueba - ic_launcher.webp
2025-10-08 12:29:15.019 [main] INFO  file.pruebas_iniciales.primera_prueba - ic_launcher_round.webp
2025-10-08 12:29:15.019 [main] INFO  file.pruebas_iniciales.primera_prueba - ic_launcher.webp
2025-10-08 12:29:15.019 [main] INFO  file.pruebas_iniciales.primera_prueba - ic_launcher_round.webp
2025-10-08 12:29:15.019 [main] INFO  file.pruebas_iniciales.primera_prueba - ic_launcher.webp
2025-10-08 12:29:15.019 [main] INFO  file.pruebas_iniciales.primera_prueba - ic_launcher_round.webp
2025-10-08 12:29:15.020 [main] INFO  file.pruebas_iniciales.primera_prueba - values.xml
2025-10-08 12:29:15.020 [main] INFO  file.pruebas_iniciales.primera_prueba - values-night-v8.xml
2025-10-08 12:29:15.020 [main] INFO  file.pruebas_iniciales.primera_prueba - backup_rules.xml
2025-10-08 12:29:15.020 [main] INFO  file.pruebas_iniciales.primera_prueba - data_extraction_rules.xml
2025-10-08 12:29:15.021 [main] INFO  file.pruebas_iniciales.primera_prueba - 6fd0aedba56a8c56d325a53b9c39c90879ff84e56bb509c84966899dee9ce49b_0.jar
2025-10-08 12:29:15.021 [main] INFO  file.pruebas_iniciales.primera_prueba - 6fd0aedba56a8c56d325a53b9c39c90879ff84e56bb509c84966899dee9ce49b_1.jar
2025-10-08 12:29:15.021 [main] INFO  file.pruebas_iniciales.primera_prueba - 6fd0aedba56a8c56d325a53b9c39c90879ff84e56bb509c84966899dee9ce49b_2.jar
2025-10-08 12:29:15.021 [main] INFO  file.pruebas_iniciales.primera_prueba - 6fd0aedba56a8c56d325a53b9c39c90879ff84e56bb509c84966899dee9ce49b_3.jar
2025-10-08 12:29:15.021 [main] INFO  file.pruebas_iniciales.primera_prueba - 6fd0aedba56a8c56d325a53b9c39c90879ff84e56bb509c84966899dee9ce49b_4.jar
2025-10-08 12:29:15.021 [main] INFO  file.pruebas_iniciales.primera_prueba - 6fd0aedba56a8c56d325a53b9c39c90879ff84e56bb509c84966899dee9ce49b_5.jar
2025-10-08 12:29:15.021 [main] INFO  file.pruebas_iniciales.primera_prueba - 6fd0aedba56a8c56d325a53b9c39c90879ff84e56bb509c84966899dee9ce49b_6.jar
2025-10-08 12:29:15.021 [main] INFO  file.pruebas_iniciales.primera_prueba - 6fd0aedba56a8c56d325a53b9c39c90879ff84e56bb509c84966899dee9ce49b_7.jar
2025-10-08 12:29:15.023 [main] INFO  file.pruebas_iniciales.primera_prueba - MainActivity.dex
2025-10-08 12:29:15.023 [main] INFO  file.pruebas_iniciales.primera_prueba - R.txt
2025-10-08 12:29:15.024 [main] INFO  file.pruebas_iniciales.primera_prueba - signing-config-versions.json
2025-10-08 12:29:15.024 [main] INFO  file.pruebas_iniciales.primera_prueba - file-map.txt
2025-10-08 12:29:15.024 [main] INFO  file.pruebas_iniciales.primera_prueba - stableIds.txt
2025-10-08 12:29:15.025 [main] INFO  file.pruebas_iniciales.primera_prueba - package-aware-r.txt
2025-10-08 12:29:15.026 [main] INFO  file.pruebas_iniciales.primera_prueba - manifest-merger-debug-report.txt
2025-10-08 12:29:15.027 [main] INFO  file.pruebas_iniciales.primera_prueba - MainActivity.class.uniqueId0
2025-10-08 12:29:15.027 [main] INFO  file.pruebas_iniciales.primera_prueba - previous-compilation-data.bin
2025-10-08 12:29:15.028 [main] INFO  file.pruebas_iniciales.primera_prueba - build.gradle.kts
2025-10-08 12:29:15.028 [main] INFO  file.pruebas_iniciales.primera_prueba - proguard-rules.pro
2025-10-08 12:29:15.029 [main] INFO  file.pruebas_iniciales.primera_prueba - ExampleInstrumentedTest.java
2025-10-08 12:29:15.029 [main] INFO  file.pruebas_iniciales.primera_prueba - AndroidManifest.xml
2025-10-08 12:29:15.030 [main] INFO  file.pruebas_iniciales.primera_prueba - MainActivity.java
2025-10-08 12:29:15.030 [main] INFO  file.pruebas_iniciales.primera_prueba - ic_launcher_background.xml
2025-10-08 12:29:15.030 [main] INFO  file.pruebas_iniciales.primera_prueba - ic_launcher_foreground.xml
2025-10-08 12:29:15.030 [main] INFO  file.pruebas_iniciales.primera_prueba - activity_main.xml
2025-10-08 12:29:15.031 [main] INFO  file.pruebas_iniciales.primera_prueba - ic_launcher.xml
2025-10-08 12:29:15.031 [main] INFO  file.pruebas_iniciales.primera_prueba - ic_launcher_round.xml
2025-10-08 12:29:15.031 [main] INFO  file.pruebas_iniciales.primera_prueba - ic_launcher.webp
2025-10-08 12:29:15.031 [main] INFO  file.pruebas_iniciales.primera_prueba - ic_launcher_round.webp
2025-10-08 12:29:15.031 [main] INFO  file.pruebas_iniciales.primera_prueba - ic_launcher.webp
2025-10-08 12:29:15.031 [main] INFO  file.pruebas_iniciales.primera_prueba - ic_launcher_round.webp
2025-10-08 12:29:15.031 [main] INFO  file.pruebas_iniciales.primera_prueba - ic_launcher.webp
2025-10-08 12:29:15.032 [main] INFO  file.pruebas_iniciales.primera_prueba - ic_launcher_round.webp
2025-10-08 12:29:15.032 [main] INFO  file.pruebas_iniciales.primera_prueba - ic_launcher.webp
2025-10-08 12:29:15.032 [main] INFO  file.pruebas_iniciales.primera_prueba - ic_launcher_round.webp
2025-10-08 12:29:15.032 [main] INFO  file.pruebas_iniciales.primera_prueba - ic_launcher.webp
2025-10-08 12:29:15.032 [main] INFO  file.pruebas_iniciales.primera_prueba - ic_launcher_round.webp
2025-10-08 12:29:15.032 [main] INFO  file.pruebas_iniciales.primera_prueba - colors.xml
2025-10-08 12:29:15.032 [main] INFO  file.pruebas_iniciales.primera_prueba - strings.xml
2025-10-08 12:29:15.033 [main] INFO  file.pruebas_iniciales.primera_prueba - themes.xml
2025-10-08 12:29:15.033 [main] INFO  file.pruebas_iniciales.primera_prueba - themes.xml
2025-10-08 12:29:15.033 [main] INFO  file.pruebas_iniciales.primera_prueba - backup_rules.xml
2025-10-08 12:29:15.033 [main] INFO  file.pruebas_iniciales.primera_prueba - data_extraction_rules.xml
2025-10-08 12:29:15.034 [main] INFO  file.pruebas_iniciales.primera_prueba - ExampleUnitTest.java
2025-10-08 12:29:15.034 [main] INFO  file.pruebas_iniciales.primera_prueba - build.gradle.kts
2025-10-08 12:29:15.034 [main] INFO  file.pruebas_iniciales.primera_prueba - libs.versions.toml
2025-10-08 12:29:15.035 [main] INFO  file.pruebas_iniciales.primera_prueba - gradle-wrapper.jar
2025-10-08 12:29:15.035 [main] INFO  file.pruebas_iniciales.primera_prueba - gradle-wrapper.properties
2025-10-08 12:29:15.035 [main] INFO  file.pruebas_iniciales.primera_prueba - gradle.properties
2025-10-08 12:29:15.035 [main] INFO  file.pruebas_iniciales.primera_prueba - gradlew
2025-10-08 12:29:15.035 [main] INFO  file.pruebas_iniciales.primera_prueba - gradlew.bat
2025-10-08 12:29:15.035 [main] INFO  file.pruebas_iniciales.primera_prueba - local.properties
2025-10-08 12:29:15.035 [main] INFO  file.pruebas_iniciales.primera_prueba - settings.gradle.kts
2025-10-08 12:29:15.035 [main] INFO  file.pruebas_iniciales.primera_prueba - .classpath
2025-10-08 12:29:15.035 [main] INFO  file.pruebas_iniciales.primera_prueba - .bak_0.log
2025-10-08 12:29:15.036 [main] INFO  file.pruebas_iniciales.primera_prueba - .bak_1.log
2025-10-08 12:29:15.036 [main] INFO  file.pruebas_iniciales.primera_prueba - .bak_2.log
2025-10-08 12:29:15.036 [main] INFO  file.pruebas_iniciales.primera_prueba - .bak_3.log
2025-10-08 12:29:15.036 [main] INFO  file.pruebas_iniciales.primera_prueba - .bak_4.log
2025-10-08 12:29:15.036 [main] INFO  file.pruebas_iniciales.primera_prueba - .bak_5.log
2025-10-08 12:29:15.036 [main] INFO  file.pruebas_iniciales.primera_prueba - .lock
2025-10-08 12:29:15.036 [main] INFO  file.pruebas_iniciales.primera_prueba - .lock_info
2025-10-08 12:29:15.036 [main] INFO  file.pruebas_iniciales.primera_prueba - .log
2025-10-08 12:29:15.036 [main] INFO  file.pruebas_iniciales.primera_prueba - .tasks.xml.zip
2025-10-08 12:29:15.037 [main] INFO  file.pruebas_iniciales.primera_prueba - repositories.xml.zip
2025-10-08 12:29:15.037 [main] INFO  file.pruebas_iniciales.primera_prueba - tasks.xml.zip
2025-10-08 12:29:15.037 [main] INFO  file.pruebas_iniciales.primera_prueba - versions.json
2025-10-08 12:29:15.038 [main] INFO  file.pruebas_iniciales.primera_prueba - 108decae889700101482f8df02ae22dd
2025-10-08 12:29:15.038 [main] INFO  file.pruebas_iniciales.primera_prueba - 802debae889700101482f8df02ae22dd
2025-10-08 12:29:15.038 [main] INFO  file.pruebas_iniciales.primera_prueba - 703005e2899700101482f8df02ae22dd
2025-10-08 12:29:15.039 [main] INFO  file.pruebas_iniciales.primera_prueba - 809eedae889700101482f8df02ae22dd
2025-10-08 12:29:15.039 [main] INFO  file.pruebas_iniciales.primera_prueba - a00ac3d8899700101482f8df02ae22dd
2025-10-08 12:29:15.039 [main] INFO  file.pruebas_iniciales.primera_prueba - c0d7c354899700101482f8df02ae22dd
2025-10-08 12:29:15.039 [main] INFO  file.pruebas_iniciales.primera_prueba - 90071c5b8a9700101482f8df02ae22dd
2025-10-08 12:29:15.040 [main] INFO  file.pruebas_iniciales.primera_prueba - a07bebae889700101482f8df02ae22dd
2025-10-08 12:29:15.040 [main] INFO  file.pruebas_iniciales.primera_prueba - f0c2ae08899700101482f8df02ae22dd
2025-10-08 12:29:15.040 [main] INFO  file.pruebas_iniciales.primera_prueba - 50b8eaae889700101482f8df02ae22dd
2025-10-08 12:29:15.040 [main] INFO  file.pruebas_iniciales.primera_prueba - 30165cc8889700101482f8df02ae22dd
2025-10-08 12:29:15.041 [main] INFO  file.pruebas_iniciales.primera_prueba - 9050fc458a9700101482f8df02ae22dd
2025-10-08 12:29:15.041 [main] INFO  file.pruebas_iniciales.primera_prueba - 305faf08899700101482f8df02ae22dd
2025-10-08 12:29:15.042 [main] INFO  file.pruebas_iniciales.primera_prueba - d0f0ebae889700101482f8df02ae22dd
2025-10-08 12:29:15.043 [main] INFO  file.pruebas_iniciales.primera_prueba - f03eecae889700101482f8df02ae22dd
2025-10-08 12:29:15.043 [main] INFO  file.pruebas_iniciales.primera_prueba - .location
2025-10-08 12:29:15.044 [main] INFO  file.pruebas_iniciales.primera_prueba - history.index
2025-10-08 12:29:15.045 [main] INFO  file.pruebas_iniciales.primera_prueba - history.index
2025-10-08 12:29:15.045 [main] INFO  file.pruebas_iniciales.primera_prueba - properties.index
2025-10-08 12:29:15.045 [main] INFO  file.pruebas_iniciales.primera_prueba - .markers
2025-10-08 12:29:15.045 [main] INFO  file.pruebas_iniciales.primera_prueba - state.dat
2025-10-08 12:29:15.046 [main] INFO  file.pruebas_iniciales.primera_prueba - history.version
2025-10-08 12:29:15.046 [main] INFO  file.pruebas_iniciales.primera_prueba - properties.index
2025-10-08 12:29:15.046 [main] INFO  file.pruebas_iniciales.primera_prueba - properties.version
2025-10-08 12:29:15.046 [main] INFO  file.pruebas_iniciales.primera_prueba - 1.tree
2025-10-08 12:29:15.046 [main] INFO  file.pruebas_iniciales.primera_prueba - org.eclipse.core.resources
2025-10-08 12:29:15.047 [main] INFO  file.pruebas_iniciales.primera_prueba - Docker.prefs
2025-10-08 12:29:15.047 [main] INFO  file.pruebas_iniciales.primera_prueba - org.eclipse.core.resources.prefs
2025-10-08 12:29:15.047 [main] INFO  file.pruebas_iniciales.primera_prueba - org.eclipse.core.variables.prefs
2025-10-08 12:29:15.047 [main] INFO  file.pruebas_iniciales.primera_prueba - org.eclipse.debug.ui.prefs
2025-10-08 12:29:15.047 [main] INFO  file.pruebas_iniciales.primera_prueba - org.eclipse.egit.core.prefs
2025-10-08 12:29:15.047 [main] INFO  file.pruebas_iniciales.primera_prueba - org.eclipse.jdt.core.prefs
2025-10-08 12:29:15.047 [main] INFO  file.pruebas_iniciales.primera_prueba - org.eclipse.jdt.debug.ui.prefs
2025-10-08 12:29:15.047 [main] INFO  file.pruebas_iniciales.primera_prueba - org.eclipse.jdt.junit.prefs
2025-10-08 12:29:15.047 [main] INFO  file.pruebas_iniciales.primera_prueba - org.eclipse.jdt.launching.prefs
2025-10-08 12:29:15.047 [main] INFO  file.pruebas_iniciales.primera_prueba - org.eclipse.jdt.ui.prefs
2025-10-08 12:29:15.047 [main] INFO  file.pruebas_iniciales.primera_prueba - org.eclipse.jsch.core.prefs
2025-10-08 12:29:15.047 [main] INFO  file.pruebas_iniciales.primera_prueba - org.eclipse.m2e.apt.prefs
2025-10-08 12:29:15.047 [main] INFO  file.pruebas_iniciales.primera_prueba - org.eclipse.m2e.core.prefs
2025-10-08 12:29:15.047 [main] INFO  file.pruebas_iniciales.primera_prueba - org.eclipse.m2e.discovery.prefs
2025-10-08 12:29:15.047 [main] INFO  file.pruebas_iniciales.primera_prueba - org.eclipse.mylyn.context.core.prefs
2025-10-08 12:29:15.048 [main] INFO  file.pruebas_iniciales.primera_prueba - org.eclipse.mylyn.monitor.ui.prefs
2025-10-08 12:29:15.048 [main] INFO  file.pruebas_iniciales.primera_prueba - org.eclipse.mylyn.tasks.ui.prefs
2025-10-08 12:29:15.048 [main] INFO  file.pruebas_iniciales.primera_prueba - org.eclipse.pde.api.tools.prefs
2025-10-08 12:29:15.048 [main] INFO  file.pruebas_iniciales.primera_prueba - org.eclipse.ui.ide.prefs
2025-10-08 12:29:15.048 [main] INFO  file.pruebas_iniciales.primera_prueba - org.eclipse.ui.workbench.prefs
2025-10-08 12:29:15.048 [main] INFO  file.pruebas_iniciales.primera_prueba - org.springframework.ide.eclipse.boot.dash.prefs
2025-10-08 12:29:15.048 [main] INFO  file.pruebas_iniciales.primera_prueba - org.springframework.ide.eclipse.boot.launch.prefs
2025-10-08 12:29:15.048 [main] INFO  file.pruebas_iniciales.primera_prueba - org.springframework.ide.eclipse.imports.prefs
2025-10-08 12:29:15.048 [main] INFO  file.pruebas_iniciales.primera_prueba - org.springsource.ide.eclipse.commons.ui.prefs
2025-10-08 12:29:15.048 [main] INFO  file.pruebas_iniciales.primera_prueba - Test.launch
2025-10-08 12:29:15.048 [main] INFO  file.pruebas_iniciales.primera_prueba - dialog_settings.xml
2025-10-08 12:29:15.048 [main] INFO  file.pruebas_iniciales.primera_prueba - launchConfigurationHistory.xml
2025-10-08 12:29:15.049 [main] INFO  file.pruebas_iniciales.primera_prueba - workbench.xmi
2025-10-08 12:29:15.049 [main] INFO  file.pruebas_iniciales.primera_prueba - .project
2025-10-08 12:29:15.049 [main] INFO  file.pruebas_iniciales.primera_prueba - org.eclipse.core.resources.prefs
2025-10-08 12:29:15.049 [main] INFO  file.pruebas_iniciales.primera_prueba - 1865797976.index
2025-10-08 12:29:15.049 [main] INFO  file.pruebas_iniciales.primera_prueba - 2012168914.index
2025-10-08 12:29:15.049 [main] INFO  file.pruebas_iniciales.primera_prueba - 3490978344.index
2025-10-08 12:29:15.049 [main] INFO  file.pruebas_iniciales.primera_prueba - assumedExternalFilesCache
2025-10-08 12:29:15.049 [main] INFO  file.pruebas_iniciales.primera_prueba - externalFilesCache
2025-10-08 12:29:15.049 [main] INFO  file.pruebas_iniciales.primera_prueba - externalLibsTimeStamps
2025-10-08 12:29:15.050 [main] INFO  file.pruebas_iniciales.primera_prueba - javaLikeNames.txt
2025-10-08 12:29:15.050 [main] INFO  file.pruebas_iniciales.primera_prueba - nonChainingJarsCache
2025-10-08 12:29:15.050 [main] INFO  file.pruebas_iniciales.primera_prueba - savedIndexNames.txt
2025-10-08 12:29:15.050 [main] INFO  file.pruebas_iniciales.primera_prueba - variablesAndContainers.dat
2025-10-08 12:29:15.050 [main] INFO  file.pruebas_iniciales.primera_prueba - .install.xml
2025-10-08 12:29:15.050 [main] INFO  file.pruebas_iniciales.primera_prueba - libraryInfos.xml
2025-10-08 12:29:15.050 [main] INFO  file.pruebas_iniciales.primera_prueba - dialog_settings.xml
2025-10-08 12:29:15.050 [main] INFO  file.pruebas_iniciales.primera_prueba - OpenTypeHistory.xml
2025-10-08 12:29:15.050 [main] INFO  file.pruebas_iniciales.primera_prueba - QualifiedTypeNameHistory.xml
2025-10-08 12:29:15.051 [main] INFO  file.pruebas_iniciales.primera_prueba - refactorings.history
2025-10-08 12:29:15.051 [main] INFO  file.pruebas_iniciales.primera_prueba - refactorings.index
2025-10-08 12:29:15.051 [main] INFO  file.pruebas_iniciales.primera_prueba - refactorings.history
2025-10-08 12:29:15.051 [main] INFO  file.pruebas_iniciales.primera_prueba - refactorings.index
2025-10-08 12:29:15.051 [main] INFO  file.pruebas_iniciales.primera_prueba - dialog_settings.xml
2025-10-08 12:29:15.053 [main] INFO  file.pruebas_iniciales.primera_prueba - archetypesInfo.xml
2025-10-08 12:29:15.053 [main] INFO  file.pruebas_iniciales.primera_prueba - tema0.lifecyclemapping
2025-10-08 12:29:15.053 [main] INFO  file.pruebas_iniciales.primera_prueba - workspacestate.properties
2025-10-08 12:29:15.053 [main] INFO  file.pruebas_iniciales.primera_prueba - workspaceState.ser
2025-10-08 12:29:15.053 [main] INFO  file.pruebas_iniciales.primera_prueba - dialog_settings.xml
2025-10-08 12:29:15.053 [main] INFO  file.pruebas_iniciales.primera_prueba - tema0.container
2025-10-08 12:29:15.053 [main] INFO  file.pruebas_iniciales.primera_prueba - 0.log
2025-10-08 12:29:15.053 [main] INFO  file.pruebas_iniciales.primera_prueba - logback.2.7.100.20250418-1315.xml
2025-10-08 12:29:15.054 [main] INFO  file.pruebas_iniciales.primera_prueba - clean-cache.properties
2025-10-08 12:29:15.055 [main] INFO  file.pruebas_iniciales.primera_prueba - BrowserMetrics-spare.pma
2025-10-08 12:29:15.055 [main] INFO  file.pruebas_iniciales.primera_prueba - 95fd9d48e4fc245a3f3a99a3a16ecd1355050ba3f4afc555f19a97c7f9b49677
2025-10-08 12:29:15.055 [main] INFO  file.pruebas_iniciales.primera_prueba - metadata.json
2025-10-08 12:29:15.056 [main] INFO  file.pruebas_iniciales.primera_prueba - metadata
2025-10-08 12:29:15.056 [main] INFO  file.pruebas_iniciales.primera_prueba - settings.dat
2025-10-08 12:29:15.056 [main] INFO  file.pruebas_iniciales.primera_prueba - throttle_store.dat
2025-10-08 12:29:15.057 [main] INFO  file.pruebas_iniciales.primera_prueba - LOCK
2025-10-08 12:29:15.057 [main] INFO  file.pruebas_iniciales.primera_prueba - LOG
2025-10-08 12:29:15.057 [main] INFO  file.pruebas_iniciales.primera_prueba - LOG.old
2025-10-08 12:29:15.057 [main] INFO  file.pruebas_iniciales.primera_prueba - BookmarkMergedSurfaceOrdering
2025-10-08 12:29:15.057 [main] INFO  file.pruebas_iniciales.primera_prueba - BrowsingTopicsSiteData
2025-10-08 12:29:15.057 [main] INFO  file.pruebas_iniciales.primera_prueba - BrowsingTopicsSiteData-journal
2025-10-08 12:29:15.057 [main] INFO  file.pruebas_iniciales.primera_prueba - BrowsingTopicsState
2025-10-08 12:29:15.058 [main] INFO  file.pruebas_iniciales.primera_prueba - LOCK
2025-10-08 12:29:15.058 [main] INFO  file.pruebas_iniciales.primera_prueba - LOG
2025-10-08 12:29:15.058 [main] INFO  file.pruebas_iniciales.primera_prueba - LOG.old
2025-10-08 12:29:15.059 [main] INFO  file.pruebas_iniciales.primera_prueba - LOCK
2025-10-08 12:29:15.059 [main] INFO  file.pruebas_iniciales.primera_prueba - LOG
2025-10-08 12:29:15.059 [main] INFO  file.pruebas_iniciales.primera_prueba - LOG.old
2025-10-08 12:29:15.059 [main] INFO  file.pruebas_iniciales.primera_prueba - index
2025-10-08 12:29:15.059 [main] INFO  file.pruebas_iniciales.primera_prueba - the-real-index
2025-10-08 12:29:15.060 [main] INFO  file.pruebas_iniciales.primera_prueba - index
2025-10-08 12:29:15.060 [main] INFO  file.pruebas_iniciales.primera_prueba - the-real-index
2025-10-08 12:29:15.060 [main] INFO  file.pruebas_iniciales.primera_prueba - LOCK
2025-10-08 12:29:15.060 [main] INFO  file.pruebas_iniciales.primera_prueba - LOG
2025-10-08 12:29:15.060 [main] INFO  file.pruebas_iniciales.primera_prueba - LOG.old
2025-10-08 12:29:15.061 [main] INFO  file.pruebas_iniciales.primera_prueba - data_0
2025-10-08 12:29:15.061 [main] INFO  file.pruebas_iniciales.primera_prueba - data_1
2025-10-08 12:29:15.061 [main] INFO  file.pruebas_iniciales.primera_prueba - data_2
2025-10-08 12:29:15.061 [main] INFO  file.pruebas_iniciales.primera_prueba - data_3
2025-10-08 12:29:15.061 [main] INFO  file.pruebas_iniciales.primera_prueba - index
2025-10-08 12:29:15.062 [main] INFO  file.pruebas_iniciales.primera_prueba - data_0
2025-10-08 12:29:15.062 [main] INFO  file.pruebas_iniciales.primera_prueba - data_1
2025-10-08 12:29:15.062 [main] INFO  file.pruebas_iniciales.primera_prueba - data_2
2025-10-08 12:29:15.062 [main] INFO  file.pruebas_iniciales.primera_prueba - data_3
2025-10-08 12:29:15.062 [main] INFO  file.pruebas_iniciales.primera_prueba - index
2025-10-08 12:29:15.062 [main] INFO  file.pruebas_iniciales.primera_prueba - DIPS
2025-10-08 12:29:15.062 [main] INFO  file.pruebas_iniciales.primera_prueba - LOCK
2025-10-08 12:29:15.062 [main] INFO  file.pruebas_iniciales.primera_prueba - LOG
2025-10-08 12:29:15.062 [main] INFO  file.pruebas_iniciales.primera_prueba - LOG.old
2025-10-08 12:29:15.063 [main] INFO  file.pruebas_iniciales.primera_prueba - LOCK
2025-10-08 12:29:15.063 [main] INFO  file.pruebas_iniciales.primera_prueba - LOG
2025-10-08 12:29:15.063 [main] INFO  file.pruebas_iniciales.primera_prueba - LOG.old
2025-10-08 12:29:15.063 [main] INFO  file.pruebas_iniciales.primera_prueba - LOCK
2025-10-08 12:29:15.063 [main] INFO  file.pruebas_iniciales.primera_prueba - LOG
2025-10-08 12:29:15.063 [main] INFO  file.pruebas_iniciales.primera_prueba - LOG.old
2025-10-08 12:29:15.063 [main] INFO  file.pruebas_iniciales.primera_prueba - EdgeEDropSQLite.db
2025-10-08 12:29:15.063 [main] INFO  file.pruebas_iniciales.primera_prueba - EdgeEDropSQLite.db-journal
2025-10-08 12:29:15.064 [main] INFO  file.pruebas_iniciales.primera_prueba - 000003.log
2025-10-08 12:29:15.064 [main] INFO  file.pruebas_iniciales.primera_prueba - CURRENT
2025-10-08 12:29:15.064 [main] INFO  file.pruebas_iniciales.primera_prueba - LOCK
2025-10-08 12:29:15.064 [main] INFO  file.pruebas_iniciales.primera_prueba - LOG
2025-10-08 12:29:15.064 [main] INFO  file.pruebas_iniciales.primera_prueba - MANIFEST-000001
2025-10-08 12:29:15.064 [main] INFO  file.pruebas_iniciales.primera_prueba - 000003.log
2025-10-08 12:29:15.065 [main] INFO  file.pruebas_iniciales.primera_prueba - CURRENT
2025-10-08 12:29:15.065 [main] INFO  file.pruebas_iniciales.primera_prueba - LOCK
2025-10-08 12:29:15.065 [main] INFO  file.pruebas_iniciales.primera_prueba - LOG
2025-10-08 12:29:15.065 [main] INFO  file.pruebas_iniciales.primera_prueba - MANIFEST-000001
2025-10-08 12:29:15.065 [main] INFO  file.pruebas_iniciales.primera_prueba - 000003.log
2025-10-08 12:29:15.065 [main] INFO  file.pruebas_iniciales.primera_prueba - CURRENT
2025-10-08 12:29:15.065 [main] INFO  file.pruebas_iniciales.primera_prueba - LOCK
2025-10-08 12:29:15.065 [main] INFO  file.pruebas_iniciales.primera_prueba - LOG
2025-10-08 12:29:15.066 [main] INFO  file.pruebas_iniciales.primera_prueba - LOG.old
2025-10-08 12:29:15.066 [main] INFO  file.pruebas_iniciales.primera_prueba - MANIFEST-000001
2025-10-08 12:29:15.066 [main] INFO  file.pruebas_iniciales.primera_prueba - ExtensionActivityComp
2025-10-08 12:29:15.066 [main] INFO  file.pruebas_iniciales.primera_prueba - ExtensionActivityComp-journal
2025-10-08 12:29:15.066 [main] INFO  file.pruebas_iniciales.primera_prueba - ExtensionActivityEdge
2025-10-08 12:29:15.066 [main] INFO  file.pruebas_iniciales.primera_prueba - ExtensionActivityEdge-journal
2025-10-08 12:29:15.066 [main] INFO  file.pruebas_iniciales.primera_prueba - Favicons
2025-10-08 12:29:15.066 [main] INFO  file.pruebas_iniciales.primera_prueba - Favicons-journal
2025-10-08 12:29:15.066 [main] INFO  file.pruebas_iniciales.primera_prueba - favorites_diagnostic.log
2025-10-08 12:29:15.067 [main] INFO  file.pruebas_iniciales.primera_prueba - LOCK
2025-10-08 12:29:15.067 [main] INFO  file.pruebas_iniciales.primera_prueba - LOG
2025-10-08 12:29:15.067 [main] INFO  file.pruebas_iniciales.primera_prueba - LOG.old
2025-10-08 12:29:15.067 [main] INFO  file.pruebas_iniciales.primera_prueba - LOCK
2025-10-08 12:29:15.067 [main] INFO  file.pruebas_iniciales.primera_prueba - LOG
2025-10-08 12:29:15.067 [main] INFO  file.pruebas_iniciales.primera_prueba - LOG.old
2025-10-08 12:29:15.067 [main] INFO  file.pruebas_iniciales.primera_prueba - data_0
2025-10-08 12:29:15.067 [main] INFO  file.pruebas_iniciales.primera_prueba - data_1
2025-10-08 12:29:15.067 [main] INFO  file.pruebas_iniciales.primera_prueba - data_2
2025-10-08 12:29:15.067 [main] INFO  file.pruebas_iniciales.primera_prueba - data_3
2025-10-08 12:29:15.068 [main] INFO  file.pruebas_iniciales.primera_prueba - index
2025-10-08 12:29:15.068 [main] INFO  file.pruebas_iniciales.primera_prueba - heavy_ad_intervention_opt_out.db
2025-10-08 12:29:15.068 [main] INFO  file.pruebas_iniciales.primera_prueba - heavy_ad_intervention_opt_out.db-journal
2025-10-08 12:29:15.068 [main] INFO  file.pruebas_iniciales.primera_prueba - History
2025-10-08 12:29:15.068 [main] INFO  file.pruebas_iniciales.primera_prueba - History-journal
2025-10-08 12:29:15.068 [main] INFO  file.pruebas_iniciales.primera_prueba - 000003.log
2025-10-08 12:29:15.068 [main] INFO  file.pruebas_iniciales.primera_prueba - CURRENT
2025-10-08 12:29:15.068 [main] INFO  file.pruebas_iniciales.primera_prueba - LOCK
2025-10-08 12:29:15.068 [main] INFO  file.pruebas_iniciales.primera_prueba - LOG
2025-10-08 12:29:15.068 [main] INFO  file.pruebas_iniciales.primera_prueba - LOG.old
2025-10-08 12:29:15.069 [main] INFO  file.pruebas_iniciales.primera_prueba - MANIFEST-000001
2025-10-08 12:29:15.069 [main] INFO  file.pruebas_iniciales.primera_prueba - LOCK
2025-10-08 12:29:15.069 [main] INFO  file.pruebas_iniciales.primera_prueba - LOG
2025-10-08 12:29:15.069 [main] INFO  file.pruebas_iniciales.primera_prueba - LOG.old
2025-10-08 12:29:15.069 [main] INFO  file.pruebas_iniciales.primera_prueba - Login Data
2025-10-08 12:29:15.069 [main] INFO  file.pruebas_iniciales.primera_prueba - Login Data For Account
2025-10-08 12:29:15.069 [main] INFO  file.pruebas_iniciales.primera_prueba - Login Data For Account-journal
2025-10-08 12:29:15.069 [main] INFO  file.pruebas_iniciales.primera_prueba - Login Data-journal
2025-10-08 12:29:15.070 [main] INFO  file.pruebas_iniciales.primera_prueba - Cookies
2025-10-08 12:29:15.070 [main] INFO  file.pruebas_iniciales.primera_prueba - Cookies-journal
2025-10-08 12:29:15.070 [main] INFO  file.pruebas_iniciales.primera_prueba - Network Persistent State
2025-10-08 12:29:15.070 [main] INFO  file.pruebas_iniciales.primera_prueba - NetworkDataMigrated
2025-10-08 12:29:15.070 [main] INFO  file.pruebas_iniciales.primera_prueba - Reporting and NEL
2025-10-08 12:29:15.070 [main] INFO  file.pruebas_iniciales.primera_prueba - Reporting and NEL-journal
2025-10-08 12:29:15.070 [main] INFO  file.pruebas_iniciales.primera_prueba - SCT Auditing Pending Reports
2025-10-08 12:29:15.070 [main] INFO  file.pruebas_iniciales.primera_prueba - Sdch Dictionaries
2025-10-08 12:29:15.070 [main] INFO  file.pruebas_iniciales.primera_prueba - Trust Tokens
2025-10-08 12:29:15.070 [main] INFO  file.pruebas_iniciales.primera_prueba - Trust Tokens-journal
2025-10-08 12:29:15.070 [main] INFO  file.pruebas_iniciales.primera_prueba - Network Action Predictor
2025-10-08 12:29:15.070 [main] INFO  file.pruebas_iniciales.primera_prueba - Network Action Predictor-journal
2025-10-08 12:29:15.070 [main] INFO  file.pruebas_iniciales.primera_prueba - LOCK
2025-10-08 12:29:15.070 [main] INFO  file.pruebas_iniciales.primera_prueba - LOG
2025-10-08 12:29:15.070 [main] INFO  file.pruebas_iniciales.primera_prueba - LOG.old
2025-10-08 12:29:15.071 [main] INFO  file.pruebas_iniciales.primera_prueba - LOCK
2025-10-08 12:29:15.071 [main] INFO  file.pruebas_iniciales.primera_prueba - LOG
2025-10-08 12:29:15.071 [main] INFO  file.pruebas_iniciales.primera_prueba - LOG.old
2025-10-08 12:29:15.071 [main] INFO  file.pruebas_iniciales.primera_prueba - LOCK
2025-10-08 12:29:15.071 [main] INFO  file.pruebas_iniciales.primera_prueba - LOG
2025-10-08 12:29:15.071 [main] INFO  file.pruebas_iniciales.primera_prueba - LOG.old
2025-10-08 12:29:15.071 [main] INFO  file.pruebas_iniciales.primera_prueba - Preferences
2025-10-08 12:29:15.071 [main] INFO  file.pruebas_iniciales.primera_prueba - PreferredApps
2025-10-08 12:29:15.071 [main] INFO  file.pruebas_iniciales.primera_prueba - README
2025-10-08 12:29:15.071 [main] INFO  file.pruebas_iniciales.primera_prueba - NetworkDataMigrated
2025-10-08 12:29:15.071 [main] INFO  file.pruebas_iniciales.primera_prueba - Safe Browsing Cookies
2025-10-08 12:29:15.071 [main] INFO  file.pruebas_iniciales.primera_prueba - Safe Browsing Cookies-journal
2025-10-08 12:29:15.071 [main] INFO  file.pruebas_iniciales.primera_prueba - Secure Preferences
2025-10-08 12:29:15.071 [main] INFO  file.pruebas_iniciales.primera_prueba - ServerCertificate
2025-10-08 12:29:15.072 [main] INFO  file.pruebas_iniciales.primera_prueba - ServerCertificate-journal
2025-10-08 12:29:15.072 [main] INFO  file.pruebas_iniciales.primera_prueba - 000003.log
2025-10-08 12:29:15.072 [main] INFO  file.pruebas_iniciales.primera_prueba - CURRENT
2025-10-08 12:29:15.072 [main] INFO  file.pruebas_iniciales.primera_prueba - LOCK
2025-10-08 12:29:15.072 [main] INFO  file.pruebas_iniciales.primera_prueba - LOG
2025-10-08 12:29:15.072 [main] INFO  file.pruebas_iniciales.primera_prueba - LOG.old
2025-10-08 12:29:15.072 [main] INFO  file.pruebas_iniciales.primera_prueba - MANIFEST-000001
2025-10-08 12:29:15.072 [main] INFO  file.pruebas_iniciales.primera_prueba - index
2025-10-08 12:29:15.072 [main] INFO  file.pruebas_iniciales.primera_prueba - the-real-index
2025-10-08 12:29:15.073 [main] INFO  file.pruebas_iniciales.primera_prueba - db
2025-10-08 12:29:15.073 [main] INFO  file.pruebas_iniciales.primera_prueba - db-journal
2025-10-08 12:29:15.073 [main] INFO  file.pruebas_iniciales.primera_prueba - SharedStorage
2025-10-08 12:29:15.073 [main] INFO  file.pruebas_iniciales.primera_prueba - 000003.log
2025-10-08 12:29:15.073 [main] INFO  file.pruebas_iniciales.primera_prueba - CURRENT
2025-10-08 12:29:15.073 [main] INFO  file.pruebas_iniciales.primera_prueba - LOCK
2025-10-08 12:29:15.073 [main] INFO  file.pruebas_iniciales.primera_prueba - LOG
2025-10-08 12:29:15.073 [main] INFO  file.pruebas_iniciales.primera_prueba - LOG.old
2025-10-08 12:29:15.073 [main] INFO  file.pruebas_iniciales.primera_prueba - MANIFEST-000001
2025-10-08 12:29:15.073 [main] INFO  file.pruebas_iniciales.primera_prueba - 000003.log
2025-10-08 12:29:15.073 [main] INFO  file.pruebas_iniciales.primera_prueba - CURRENT
2025-10-08 12:29:15.073 [main] INFO  file.pruebas_iniciales.primera_prueba - LOCK
2025-10-08 12:29:15.073 [main] INFO  file.pruebas_iniciales.primera_prueba - LOG
2025-10-08 12:29:15.073 [main] INFO  file.pruebas_iniciales.primera_prueba - LOG.old
2025-10-08 12:29:15.073 [main] INFO  file.pruebas_iniciales.primera_prueba - MANIFEST-000001
2025-10-08 12:29:15.074 [main] INFO  file.pruebas_iniciales.primera_prueba - 000003.log
2025-10-08 12:29:15.074 [main] INFO  file.pruebas_iniciales.primera_prueba - CURRENT
2025-10-08 12:29:15.074 [main] INFO  file.pruebas_iniciales.primera_prueba - LOCK
2025-10-08 12:29:15.074 [main] INFO  file.pruebas_iniciales.primera_prueba - LOG
2025-10-08 12:29:15.074 [main] INFO  file.pruebas_iniciales.primera_prueba - LOG.old
2025-10-08 12:29:15.074 [main] INFO  file.pruebas_iniciales.primera_prueba - MANIFEST-000001
2025-10-08 12:29:15.074 [main] INFO  file.pruebas_iniciales.primera_prueba - 000003.log
2025-10-08 12:29:15.074 [main] INFO  file.pruebas_iniciales.primera_prueba - CURRENT
2025-10-08 12:29:15.074 [main] INFO  file.pruebas_iniciales.primera_prueba - LOCK
2025-10-08 12:29:15.074 [main] INFO  file.pruebas_iniciales.primera_prueba - LOG
2025-10-08 12:29:15.074 [main] INFO  file.pruebas_iniciales.primera_prueba - LOG.old
2025-10-08 12:29:15.074 [main] INFO  file.pruebas_iniciales.primera_prueba - MANIFEST-000001
2025-10-08 12:29:15.074 [main] INFO  file.pruebas_iniciales.primera_prueba - Top Sites
2025-10-08 12:29:15.074 [main] INFO  file.pruebas_iniciales.primera_prueba - Top Sites-journal
2025-10-08 12:29:15.074 [main] INFO  file.pruebas_iniciales.primera_prueba - Vpn Tokens
2025-10-08 12:29:15.075 [main] INFO  file.pruebas_iniciales.primera_prueba - Vpn Tokens-journal
2025-10-08 12:29:15.075 [main] INFO  file.pruebas_iniciales.primera_prueba - Web Data
2025-10-08 12:29:15.075 [main] INFO  file.pruebas_iniciales.primera_prueba - Web Data-journal
2025-10-08 12:29:15.075 [main] INFO  file.pruebas_iniciales.primera_prueba - metadata.json
2025-10-08 12:29:15.075 [main] INFO  file.pruebas_iniciales.primera_prueba - data_0
2025-10-08 12:29:15.075 [main] INFO  file.pruebas_iniciales.primera_prueba - data_1
2025-10-08 12:29:15.075 [main] INFO  file.pruebas_iniciales.primera_prueba - data_2
2025-10-08 12:29:15.075 [main] INFO  file.pruebas_iniciales.primera_prueba - data_3
2025-10-08 12:29:15.075 [main] INFO  file.pruebas_iniciales.primera_prueba - index
2025-10-08 12:29:15.076 [main] INFO  file.pruebas_iniciales.primera_prueba - data_0
2025-10-08 12:29:15.076 [main] INFO  file.pruebas_iniciales.primera_prueba - data_1
2025-10-08 12:29:15.076 [main] INFO  file.pruebas_iniciales.primera_prueba - data_2
2025-10-08 12:29:15.076 [main] INFO  file.pruebas_iniciales.primera_prueba - data_3
2025-10-08 12:29:15.076 [main] INFO  file.pruebas_iniciales.primera_prueba - index
2025-10-08 12:29:15.076 [main] INFO  file.pruebas_iniciales.primera_prueba - Last Version
2025-10-08 12:29:15.077 [main] INFO  file.pruebas_iniciales.primera_prueba - Local State
2025-10-08 12:29:15.077 [main] INFO  file.pruebas_iniciales.primera_prueba - manifest.json
2025-10-08 12:29:15.077 [main] INFO  file.pruebas_iniciales.primera_prueba - data_0
2025-10-08 12:29:15.077 [main] INFO  file.pruebas_iniciales.primera_prueba - data_1
2025-10-08 12:29:15.077 [main] INFO  file.pruebas_iniciales.primera_prueba - data_2
2025-10-08 12:29:15.077 [main] INFO  file.pruebas_iniciales.primera_prueba - data_3
2025-10-08 12:29:15.077 [main] INFO  file.pruebas_iniciales.primera_prueba - index
2025-10-08 12:29:15.078 [main] INFO  file.pruebas_iniciales.primera_prueba - customSettings
2025-10-08 12:29:15.078 [main] INFO  file.pruebas_iniciales.primera_prueba - customSettings_F95BA787499AB4FA9EFFF472CE383A14
2025-10-08 12:29:15.078 [main] INFO  file.pruebas_iniciales.primera_prueba - edgeSettings
2025-10-08 12:29:15.078 [main] INFO  file.pruebas_iniciales.primera_prueba - edgeSettings_2.0-0
2025-10-08 12:29:15.078 [main] INFO  file.pruebas_iniciales.primera_prueba - topTraffic
2025-10-08 12:29:15.078 [main] INFO  file.pruebas_iniciales.primera_prueba - topTraffic_170540185939602997400506234197983529371
2025-10-08 12:29:15.079 [main] INFO  file.pruebas_iniciales.primera_prueba - Variations
2025-10-08 12:29:15.079 [main] INFO  file.pruebas_iniciales.primera_prueba - dialog_settings.xml
2025-10-08 12:29:15.080 [main] INFO  file.pruebas_iniciales.primera_prueba - data.properties
2025-10-08 12:29:15.080 [main] INFO  file.pruebas_iniciales.primera_prueba - dialog_settings.xml
2025-10-08 12:29:15.080 [main] INFO  file.pruebas_iniciales.primera_prueba - dialog_settings.xml
2025-10-08 12:29:15.080 [main] INFO  file.pruebas_iniciales.primera_prueba - workingsets.xml
2025-10-08 12:29:15.080 [main] INFO  file.pruebas_iniciales.primera_prueba - system-catalog.xml
2025-10-08 12:29:15.081 [main] INFO  file.pruebas_iniciales.primera_prueba - task-tags.properties
2025-10-08 12:29:15.081 [main] INFO  file.pruebas_iniciales.primera_prueba - version.ini
2025-10-08 12:29:15.081 [main] INFO  file.pruebas_iniciales.primera_prueba - .project
2025-10-08 12:29:15.081 [main] INFO  file.pruebas_iniciales.primera_prueba - org.eclipse.jdt.apt.core.prefs
2025-10-08 12:29:15.081 [main] INFO  file.pruebas_iniciales.primera_prueba - org.eclipse.jdt.core.prefs
2025-10-08 12:29:15.081 [main] INFO  file.pruebas_iniciales.primera_prueba - org.eclipse.m2e.core.prefs
2025-10-08 12:29:15.082 [main] INFO  file.pruebas_iniciales.primera_prueba - Gestiona.class
2025-10-08 12:29:15.082 [main] INFO  file.pruebas_iniciales.primera_prueba - hola.txt
2025-10-08 12:29:15.082 [main] INFO  file.pruebas_iniciales.primera_prueba - pom.xml
2025-10-08 12:29:15.082 [main] INFO  file.pruebas_iniciales.primera_prueba - .classpath
2025-10-08 12:29:15.082 [main] INFO  file.pruebas_iniciales.primera_prueba - .project
2025-10-08 12:29:15.082 [main] INFO  file.pruebas_iniciales.primera_prueba - org.eclipse.jdt.apt.core.prefs
2025-10-08 12:29:15.082 [main] INFO  file.pruebas_iniciales.primera_prueba - org.eclipse.jdt.core.prefs
2025-10-08 12:29:15.082 [main] INFO  file.pruebas_iniciales.primera_prueba - org.eclipse.m2e.core.prefs
2025-10-08 12:29:15.082 [main] INFO  file.pruebas_iniciales.primera_prueba - pom.xml
2025-10-08 12:29:15.083 [main] INFO  file.pruebas_iniciales.primera_prueba - main.java
2025-10-08 12:29:15.083 [main] INFO  file.pruebas_iniciales.primera_prueba - Concierto.java
2025-10-08 12:29:15.083 [main] INFO  file.pruebas_iniciales.primera_prueba - CraftersException.java
2025-10-08 12:29:15.083 [main] INFO  file.pruebas_iniciales.primera_prueba - Deportivo.java
2025-10-08 12:29:15.083 [main] INFO  file.pruebas_iniciales.primera_prueba - Estado_Crafters.java
2025-10-08 12:29:15.083 [main] INFO  file.pruebas_iniciales.primera_prueba - Evento.java
2025-10-08 12:29:15.083 [main] INFO  file.pruebas_iniciales.primera_prueba - main.class
2025-10-08 12:29:15.084 [main] INFO  file.pruebas_iniciales.primera_prueba - MANIFEST.MF
2025-10-08 12:29:15.084 [main] INFO  file.pruebas_iniciales.primera_prueba - pom.properties
2025-10-08 12:29:15.085 [main] INFO  file.pruebas_iniciales.primera_prueba - pom.xml
2025-10-08 12:29:15.085 [main] INFO  file.pruebas_iniciales.primera_prueba - Concierto.class
2025-10-08 12:29:15.085 [main] INFO  file.pruebas_iniciales.primera_prueba - CraftersException.class
2025-10-08 12:29:15.085 [main] INFO  file.pruebas_iniciales.primera_prueba - Deportivo.class
2025-10-08 12:29:15.086 [main] INFO  file.pruebas_iniciales.primera_prueba - Estado_Crafters.class
2025-10-08 12:29:15.086 [main] INFO  file.pruebas_iniciales.primera_prueba - Evento.class
2025-10-08 12:29:15.086 [main] INFO  file.pruebas_iniciales.primera_prueba - ejemplo.java
2025-10-08 12:29:15.086 [main] INFO  file.pruebas_iniciales.primera_prueba - Ejercicio3.java
2025-10-08 12:29:15.086 [main] INFO  file.pruebas_iniciales.primera_prueba - Gestiona.class
2025-10-08 12:29:15.086 [main] INFO  file.pruebas_iniciales.primera_prueba - Gestiona.java
2025-10-08 12:29:15.086 [main] INFO  file.pruebas_iniciales.primera_prueba - Lanzador.java
2025-10-08 12:29:15.086 [main] INFO  file.pruebas_iniciales.primera_prueba - ProcessBuilderEjemplo.java
2025-10-08 12:29:15.086 [main] INFO  file.pruebas_iniciales.primera_prueba - .classpath
2025-10-08 12:29:15.086 [main] INFO  file.pruebas_iniciales.primera_prueba - .project
2025-10-08 12:29:15.087 [main] INFO  file.pruebas_iniciales.primera_prueba - org.eclipse.jdt.apt.core.prefs
2025-10-08 12:29:15.087 [main] INFO  file.pruebas_iniciales.primera_prueba - org.eclipse.jdt.core.prefs
2025-10-08 12:29:15.087 [main] INFO  file.pruebas_iniciales.primera_prueba - org.eclipse.m2e.core.prefs
2025-10-08 12:29:15.087 [main] INFO  file.pruebas_iniciales.primera_prueba - pom.xml
2025-10-08 12:29:15.087 [main] INFO  file.pruebas_iniciales.primera_prueba - prueba_inicial.java
2025-10-08 12:29:15.087 [main] INFO  file.pruebas_iniciales.primera_prueba - prueba_inicial_main.java
2025-10-08 12:29:15.088 [main] INFO  file.pruebas_iniciales.primera_prueba - MANIFEST.MF
2025-10-08 12:29:15.088 [main] INFO  file.pruebas_iniciales.primera_prueba - pom.properties
2025-10-08 12:29:15.089 [main] INFO  file.pruebas_iniciales.primera_prueba - pom.xml
2025-10-08 12:29:15.089 [main] INFO  file.pruebas_iniciales.primera_prueba - prueba_inicial.class
2025-10-08 12:29:15.089 [main] INFO  file.pruebas_iniciales.primera_prueba - prueba_inicial_main.class
2025-10-08 12:29:15.090 [main] INFO  file.pruebas_iniciales.primera_prueba - MANIFEST.MF
2025-10-08 12:29:15.090 [main] INFO  file.pruebas_iniciales.primera_prueba - pom.properties
2025-10-08 12:29:15.090 [main] INFO  file.pruebas_iniciales.primera_prueba - pom.xml
2025-10-08 12:29:15.090 [main] INFO  file.pruebas_iniciales.primera_prueba - ejemplo.class
2025-10-08 12:29:15.090 [main] INFO  file.pruebas_iniciales.primera_prueba - Ejercicio3.class
2025-10-08 12:29:15.090 [main] INFO  file.pruebas_iniciales.primera_prueba - Gestiona.class
2025-10-08 12:29:15.090 [main] INFO  file.pruebas_iniciales.primera_prueba - Lanzador.class
2025-10-08 12:29:15.090 [main] INFO  file.pruebas_iniciales.primera_prueba - ProcessBuilderEjemplo.class
2025-10-08 12:29:15.091 [main] INFO  file.pruebas_iniciales.primera_prueba - ejercicioRepasoJavaPsp_1.pdf
2025-10-08 12:29:15.091 [main] INFO  file.pruebas_iniciales.primera_prueba - Actividad clase 2.pdf
2025-10-08 12:29:15.091 [main] INFO  file.pruebas_iniciales.primera_prueba - Actividad inicial 1.pdf
2025-10-08 12:29:15.091 [main] INFO  file.pruebas_iniciales.primera_prueba - Pérez_Carmona_Eva_PT1.pdf
2025-10-08 12:29:15.091 [main] INFO  file.pruebas_iniciales.primera_prueba - Pérez_Carmona_Eva_ACT_INT.pdf
2025-10-08 12:29:15.091 [main] INFO  file.pruebas_iniciales.primera_prueba - Visual Studio Code.lnk
2025-10-08 12:29:15.093 [main] INFO  file.pruebas_iniciales.primera_prueba - .lock
2025-10-08 12:29:15.093 [main] INFO  file.pruebas_iniciales.primera_prueba - .lock_info
2025-10-08 12:29:15.093 [main] INFO  file.pruebas_iniciales.primera_prueba - .log
2025-10-08 12:29:15.093 [main] INFO  file.pruebas_iniciales.primera_prueba - .tasks.xml.zip
2025-10-08 12:29:15.093 [main] INFO  file.pruebas_iniciales.primera_prueba - repositories.xml.zip
2025-10-08 12:29:15.094 [main] INFO  file.pruebas_iniciales.primera_prueba - tasks.xml.zip
2025-10-08 12:29:15.094 [main] INFO  file.pruebas_iniciales.primera_prueba - versions.json
2025-10-08 12:29:15.095 [main] INFO  file.pruebas_iniciales.primera_prueba - 6073bd4a909700101d1dca94e0307a37
2025-10-08 12:29:15.095 [main] INFO  file.pruebas_iniciales.primera_prueba - d0947b508b9700101d1dca94e0307a37
2025-10-08 12:29:15.095 [main] INFO  file.pruebas_iniciales.primera_prueba - 60a4d042909700101d1dca94e0307a37
2025-10-08 12:29:15.095 [main] INFO  file.pruebas_iniciales.primera_prueba - 20d7bc4a909700101d1dca94e0307a37
2025-10-08 12:29:15.095 [main] INFO  file.pruebas_iniciales.primera_prueba - 502ac942909700101d1dca94e0307a37
2025-10-08 12:29:15.095 [main] INFO  file.pruebas_iniciales.primera_prueba - d0b5d142909700101d1dca94e0307a37
2025-10-08 12:29:15.096 [main] INFO  file.pruebas_iniciales.primera_prueba - .location
2025-10-08 12:29:15.096 [main] INFO  file.pruebas_iniciales.primera_prueba - history.index
2025-10-08 12:29:15.096 [main] INFO  file.pruebas_iniciales.primera_prueba - properties.index
2025-10-08 12:29:15.097 [main] INFO  file.pruebas_iniciales.primera_prueba - .location
2025-10-08 12:29:15.097 [main] INFO  file.pruebas_iniciales.primera_prueba - .markers
2025-10-08 12:29:15.097 [main] INFO  file.pruebas_iniciales.primera_prueba - GitProjectData.properties
2025-10-08 12:29:15.097 [main] INFO  file.pruebas_iniciales.primera_prueba - state.dat
2025-10-08 12:29:15.098 [main] INFO  file.pruebas_iniciales.primera_prueba - history.version
2025-10-08 12:29:15.098 [main] INFO  file.pruebas_iniciales.primera_prueba - properties.index
2025-10-08 12:29:15.098 [main] INFO  file.pruebas_iniciales.primera_prueba - properties.version
2025-10-08 12:29:15.098 [main] INFO  file.pruebas_iniciales.primera_prueba - 1.tree
2025-10-08 12:29:15.098 [main] INFO  file.pruebas_iniciales.primera_prueba - org.eclipse.core.resources
2025-10-08 12:29:15.098 [main] INFO  file.pruebas_iniciales.primera_prueba - Docker.prefs
2025-10-08 12:29:15.098 [main] INFO  file.pruebas_iniciales.primera_prueba - org.eclipse.core.resources.prefs
2025-10-08 12:29:15.098 [main] INFO  file.pruebas_iniciales.primera_prueba - org.eclipse.core.variables.prefs
2025-10-08 12:29:15.098 [main] INFO  file.pruebas_iniciales.primera_prueba - org.eclipse.debug.ui.prefs
2025-10-08 12:29:15.098 [main] INFO  file.pruebas_iniciales.primera_prueba - org.eclipse.egit.core.prefs
2025-10-08 12:29:15.099 [main] INFO  file.pruebas_iniciales.primera_prueba - org.eclipse.jdt.core.prefs
2025-10-08 12:29:15.099 [main] INFO  file.pruebas_iniciales.primera_prueba - org.eclipse.jdt.debug.ui.prefs
2025-10-08 12:29:15.099 [main] INFO  file.pruebas_iniciales.primera_prueba - org.eclipse.jdt.junit.prefs
2025-10-08 12:29:15.099 [main] INFO  file.pruebas_iniciales.primera_prueba - org.eclipse.jdt.launching.prefs
2025-10-08 12:29:15.099 [main] INFO  file.pruebas_iniciales.primera_prueba - org.eclipse.jdt.ui.prefs
2025-10-08 12:29:15.099 [main] INFO  file.pruebas_iniciales.primera_prueba - org.eclipse.jsch.core.prefs
2025-10-08 12:29:15.099 [main] INFO  file.pruebas_iniciales.primera_prueba - org.eclipse.m2e.apt.prefs
2025-10-08 12:29:15.099 [main] INFO  file.pruebas_iniciales.primera_prueba - org.eclipse.m2e.discovery.prefs
2025-10-08 12:29:15.099 [main] INFO  file.pruebas_iniciales.primera_prueba - org.eclipse.mylyn.context.core.prefs
2025-10-08 12:29:15.099 [main] INFO  file.pruebas_iniciales.primera_prueba - org.eclipse.mylyn.monitor.ui.prefs
2025-10-08 12:29:15.099 [main] INFO  file.pruebas_iniciales.primera_prueba - org.eclipse.mylyn.tasks.ui.prefs
2025-10-08 12:29:15.099 [main] INFO  file.pruebas_iniciales.primera_prueba - org.eclipse.pde.api.tools.prefs
2025-10-08 12:29:15.099 [main] INFO  file.pruebas_iniciales.primera_prueba - org.eclipse.ui.ide.prefs
2025-10-08 12:29:15.099 [main] INFO  file.pruebas_iniciales.primera_prueba - org.eclipse.ui.workbench.prefs
2025-10-08 12:29:15.100 [main] INFO  file.pruebas_iniciales.primera_prueba - org.springframework.ide.eclipse.boot.dash.prefs
2025-10-08 12:29:15.100 [main] INFO  file.pruebas_iniciales.primera_prueba - org.springframework.ide.eclipse.boot.launch.prefs
2025-10-08 12:29:15.100 [main] INFO  file.pruebas_iniciales.primera_prueba - org.springframework.ide.eclipse.imports.prefs
2025-10-08 12:29:15.100 [main] INFO  file.pruebas_iniciales.primera_prueba - org.springsource.ide.eclipse.commons.ui.prefs
2025-10-08 12:29:15.100 [main] INFO  file.pruebas_iniciales.primera_prueba - prueba_inicial_main.launch
2025-10-08 12:29:15.101 [main] INFO  file.pruebas_iniciales.primera_prueba - dialog_settings.xml
2025-10-08 12:29:15.101 [main] INFO  file.pruebas_iniciales.primera_prueba - launchConfigurationHistory.xml
2025-10-08 12:29:15.101 [main] INFO  file.pruebas_iniciales.primera_prueba - workbench.xmi
2025-10-08 12:29:15.101 [main] INFO  file.pruebas_iniciales.primera_prueba - .project
2025-10-08 12:29:15.101 [main] INFO  file.pruebas_iniciales.primera_prueba - org.eclipse.core.resources.prefs
2025-10-08 12:29:15.101 [main] INFO  file.pruebas_iniciales.primera_prueba - 1865797976.index
2025-10-08 12:29:15.101 [main] INFO  file.pruebas_iniciales.primera_prueba - 2012168914.index
2025-10-08 12:29:15.101 [main] INFO  file.pruebas_iniciales.primera_prueba - 3490978344.index
2025-10-08 12:29:15.101 [main] INFO  file.pruebas_iniciales.primera_prueba - assumedExternalFilesCache
2025-10-08 12:29:15.101 [main] INFO  file.pruebas_iniciales.primera_prueba - externalFilesCache
2025-10-08 12:29:15.101 [main] INFO  file.pruebas_iniciales.primera_prueba - externalLibsTimeStamps
2025-10-08 12:29:15.101 [main] INFO  file.pruebas_iniciales.primera_prueba - javaLikeNames.txt
2025-10-08 12:29:15.101 [main] INFO  file.pruebas_iniciales.primera_prueba - nonChainingJarsCache
2025-10-08 12:29:15.103 [main] INFO  file.pruebas_iniciales.primera_prueba - savedIndexNames.txt
2025-10-08 12:29:15.103 [main] INFO  file.pruebas_iniciales.primera_prueba - variablesAndContainers.dat
2025-10-08 12:29:15.103 [main] INFO  file.pruebas_iniciales.primera_prueba - .install.xml
2025-10-08 12:29:15.103 [main] INFO  file.pruebas_iniciales.primera_prueba - libraryInfos.xml
2025-10-08 12:29:15.103 [main] INFO  file.pruebas_iniciales.primera_prueba - dialog_settings.xml
2025-10-08 12:29:15.103 [main] INFO  file.pruebas_iniciales.primera_prueba - OpenTypeHistory.xml
2025-10-08 12:29:15.103 [main] INFO  file.pruebas_iniciales.primera_prueba - QualifiedTypeNameHistory.xml
2025-10-08 12:29:15.104 [main] INFO  file.pruebas_iniciales.primera_prueba - refactorings.history
2025-10-08 12:29:15.104 [main] INFO  file.pruebas_iniciales.primera_prueba - refactorings.index
2025-10-08 12:29:15.105 [main] INFO  file.pruebas_iniciales.primera_prueba - workspacestate.properties
2025-10-08 12:29:15.105 [main] INFO  file.pruebas_iniciales.primera_prueba - workspaceState.ser
2025-10-08 12:29:15.105 [main] INFO  file.pruebas_iniciales.primera_prueba - tema0.container
2025-10-08 12:29:15.105 [main] INFO  file.pruebas_iniciales.primera_prueba - 0.log
2025-10-08 12:29:15.105 [main] INFO  file.pruebas_iniciales.primera_prueba - logback.2.7.100.20250418-1315.xml
2025-10-08 12:29:15.106 [main] INFO  file.pruebas_iniciales.primera_prueba - clean-cache.properties
2025-10-08 12:29:15.107 [main] INFO  file.pruebas_iniciales.primera_prueba - dialog_settings.xml
2025-10-08 12:29:15.107 [main] INFO  file.pruebas_iniciales.primera_prueba - data.properties
2025-10-08 12:29:15.107 [main] INFO  file.pruebas_iniciales.primera_prueba - dialog_settings.xml
2025-10-08 12:29:15.107 [main] INFO  file.pruebas_iniciales.primera_prueba - dialog_settings.xml
2025-10-08 12:29:15.107 [main] INFO  file.pruebas_iniciales.primera_prueba - workingsets.xml
2025-10-08 12:29:15.108 [main] INFO  file.pruebas_iniciales.primera_prueba - task-tags.properties
2025-10-08 12:29:15.108 [main] INFO  file.pruebas_iniciales.primera_prueba - version.ini
2025-10-08 12:30:04.193 [main] INFO  file.pruebas_iniciales.primera_prueba - hola
